object,term,estimate,std.error,nobs,r.squared
w3_fit_fauci_not_prosocial_uw,(Intercept),0.6785361458647484,0.014307751971098204,1864,0.17642599862365993
w3_fit_fauci_not_prosocial_uw,treat,0.04038118693397206,0.019513635961187988,1864,0.17642599862365993
w3_fit_fauci_not_prosocial_uw,pid_7_c,-0.009834742675801202,0.006217347438691464,1864,0.17642599862365993
w3_fit_fauci_not_prosocial_uw,covariate_pre_lucid_race_hispanic_binnedBlack_c,-0.10568870930402104,0.06182836618762862,1864,0.17642599862365993
w3_fit_fauci_not_prosocial_uw,covariate_pre_lucid_race_hispanic_binnedHispanic_c,-0.02923934629847274,0.05281054285698528,1864,0.17642599862365993
w3_fit_fauci_not_prosocial_uw,covariate_pre_lucid_race_hispanic_binnedAAPI_c,0.09486305399352066,0.07094581769611412,1864,0.17642599862365993
w3_fit_fauci_not_prosocial_uw,covariate_pre_lucid_race_hispanic_binnedOther_c,0.09114162923595091,0.09485088441367179,1864,0.17642599862365993
w3_fit_fauci_not_prosocial_uw,covariate_pre_lucid_age_c,-0.0016362630391910347,0.0010059481396073838,1864,0.17642599862365993
w3_fit_fauci_not_prosocial_uw,covariate_pre_lucid_genderFemale_c,-0.11643240105448553,0.030998833691859944,1864,0.17642599862365993
w3_fit_fauci_not_prosocial_uw,"covariate_pre_lucid_household_income_imputed_three_groups$55,000 - $149,999_c",0.02652001327372207,0.036014741205451416,1864,0.17642599862365993
w3_fit_fauci_not_prosocial_uw,"covariate_pre_lucid_household_income_imputed_three_groups$150,000 and Over_c",0.0941440917227462,0.0474122906933174,1864,0.17642599862365993
w3_fit_fauci_not_prosocial_uw,covariate_pre_lucid_education_binnedSome College_c,-0.024860859692415055,0.042763130684083495,1864,0.17642599862365993
w3_fit_fauci_not_prosocial_uw,covariate_pre_lucid_education_binnedCollege_c,0.08685847659682906,0.043068885700192,1864,0.17642599862365993
w3_fit_fauci_not_prosocial_uw,covariate_pre_ucla_covid_worried_about_continuous_0_1_imputed_c,0.19647138425817715,0.054194522815653665,1864,0.17642599862365993
w3_fit_fauci_not_prosocial_uw,covariate_pre_ucla_covid_risk_month_continuous_0_1_imputed_c,-0.030686117751121164,0.0685696374087514,1864,0.17642599862365993
w3_fit_fauci_not_prosocial_uw,covariate_pre_ucla_covid_risk_comparative_continuous_0_1_imputed_c,-0.08371377466498103,0.055529825661834,1864,0.17642599862365993
w3_fit_fauci_not_prosocial_uw,covariate_pre_ucla_covid_risk_lifetime_continuous_0_1_imputed_c,0.032081919817908665,0.05918179150591967,1864,0.17642599862365993
w3_fit_fauci_not_prosocial_uw,covariate_pre_ucla_flu_last_year_yes_binary_imputed_c,0.2233186073754798,0.03080935543590431,1864,0.17642599862365993
w3_fit_fauci_not_prosocial_uw,treat:pid_7_c,-0.00729650044552249,0.008506046693906769,1864,0.17642599862365993
w3_fit_fauci_not_prosocial_uw,treat:covariate_pre_lucid_race_hispanic_binnedBlack_c,0.03354088629426894,0.08707911888936776,1864,0.17642599862365993
w3_fit_fauci_not_prosocial_uw,treat:covariate_pre_lucid_race_hispanic_binnedHispanic_c,0.0742764821103866,0.06980649600624493,1864,0.17642599862365993
w3_fit_fauci_not_prosocial_uw,treat:covariate_pre_lucid_race_hispanic_binnedAAPI_c,-0.060651821766522465,0.09182750036323546,1864,0.17642599862365993
w3_fit_fauci_not_prosocial_uw,treat:covariate_pre_lucid_race_hispanic_binnedOther_c,-0.30067646242344204,0.12716990597334066,1864,0.17642599862365993
w3_fit_fauci_not_prosocial_uw,treat:covariate_pre_lucid_age_c,1.5072878116865056e-4,0.0013675297292629431,1864,0.17642599862365993
w3_fit_fauci_not_prosocial_uw,treat:covariate_pre_lucid_genderFemale_c,-0.002885077224909151,0.04245419834782474,1864,0.17642599862365993
w3_fit_fauci_not_prosocial_uw,"treat:covariate_pre_lucid_household_income_imputed_three_groups$55,000 - $149,999_c",-0.005838763037097102,0.048956499262320055,1864,0.17642599862365993
w3_fit_fauci_not_prosocial_uw,"treat:covariate_pre_lucid_household_income_imputed_three_groups$150,000 and Over_c",-0.017555763933098077,0.06497334107162951,1864,0.17642599862365993
w3_fit_fauci_not_prosocial_uw,treat:covariate_pre_lucid_education_binnedSome College_c,0.09392351619320917,0.05816686796268157,1864,0.17642599862365993
w3_fit_fauci_not_prosocial_uw,treat:covariate_pre_lucid_education_binnedCollege_c,0.050149723028210455,0.05949054458439164,1864,0.17642599862365993
w3_fit_fauci_not_prosocial_uw,treat:covariate_pre_ucla_covid_worried_about_continuous_0_1_imputed_c,0.007467691777260254,0.07678907341286786,1864,0.17642599862365993
w3_fit_fauci_not_prosocial_uw,treat:covariate_pre_ucla_covid_risk_month_continuous_0_1_imputed_c,0.027694928838317107,0.09189161205174243,1864,0.17642599862365993
w3_fit_fauci_not_prosocial_uw,treat:covariate_pre_ucla_covid_risk_comparative_continuous_0_1_imputed_c,0.140723029377487,0.07555963864388787,1864,0.17642599862365993
w3_fit_fauci_not_prosocial_uw,treat:covariate_pre_ucla_covid_risk_lifetime_continuous_0_1_imputed_c,-0.10781711266513716,0.08050218142403863,1864,0.17642599862365993
w3_fit_fauci_not_prosocial_uw,treat:covariate_pre_ucla_flu_last_year_yes_binary_imputed_c,0.020353033540972575,0.042458527724901954,1864,0.17642599862365993
w3_fit_fauci_not_prosocial,(Intercept),0.6425248525247185,0.02564582246856234,1864,0.18934384343831245
w3_fit_fauci_not_prosocial,treat,0.047057501962482415,0.03436726136561537,1864,0.18934384343831245
w3_fit_fauci_not_prosocial,pid_7_c,-0.005517155460414673,0.012252351685739156,1864,0.18934384343831245
w3_fit_fauci_not_prosocial,covariate_pre_lucid_race_hispanic_binnedBlack_c,-0.07786967778269786,0.09930731068458824,1864,0.18934384343831245
w3_fit_fauci_not_prosocial,covariate_pre_lucid_race_hispanic_binnedHispanic_c,0.13638170168582114,0.08749064101266285,1864,0.18934384343831245
w3_fit_fauci_not_prosocial,covariate_pre_lucid_race_hispanic_binnedAAPI_c,0.00908447813739967,0.11507754077563061,1864,0.18934384343831245
w3_fit_fauci_not_prosocial,covariate_pre_lucid_race_hispanic_binnedOther_c,0.16716951302589358,0.12442625029750809,1864,0.18934384343831245
w3_fit_fauci_not_prosocial,covariate_pre_lucid_age_c,-3.565450580797699e-4,0.001572766649775856,1864,0.18934384343831245
w3_fit_fauci_not_prosocial,covariate_pre_lucid_genderFemale_c,-0.020327774872673437,0.054075983884588195,1864,0.18934384343831245
w3_fit_fauci_not_prosocial,"covariate_pre_lucid_household_income_imputed_three_groups$55,000 - $149,999_c",0.0020175049371788187,0.06188579527824761,1864,0.18934384343831245
w3_fit_fauci_not_prosocial,"covariate_pre_lucid_household_income_imputed_three_groups$150,000 and Over_c",0.06463738533047747,0.0847579993845649,1864,0.18934384343831245
w3_fit_fauci_not_prosocial,covariate_pre_lucid_education_binnedSome College_c,-0.059377090003195035,0.06593512069659489,1864,0.18934384343831245
w3_fit_fauci_not_prosocial,covariate_pre_lucid_education_binnedCollege_c,0.0868035324535407,0.07038905326766609,1864,0.18934384343831245
w3_fit_fauci_not_prosocial,covariate_pre_ucla_covid_worried_about_continuous_0_1_imputed_c,0.17259080261824622,0.09885480457075341,1864,0.18934384343831245
w3_fit_fauci_not_prosocial,covariate_pre_ucla_covid_risk_month_continuous_0_1_imputed_c,-0.1724861944994936,0.12572176004397614,1864,0.18934384343831245
w3_fit_fauci_not_prosocial,covariate_pre_ucla_covid_risk_comparative_continuous_0_1_imputed_c,0.04625435992417128,0.09226316607742613,1864,0.18934384343831245
w3_fit_fauci_not_prosocial,covariate_pre_ucla_covid_risk_lifetime_continuous_0_1_imputed_c,0.01261948891300757,0.10673613475595405,1864,0.18934384343831245
w3_fit_fauci_not_prosocial,covariate_pre_ucla_flu_last_year_yes_binary_imputed_c,0.2648373343682634,0.05540119957254596,1864,0.18934384343831245
w3_fit_fauci_not_prosocial,treat:pid_7_c,-0.016128885658465594,0.016109289311939695,1864,0.18934384343831245
w3_fit_fauci_not_prosocial,treat:covariate_pre_lucid_race_hispanic_binnedBlack_c,-0.09609157686046477,0.1309893525358828,1864,0.18934384343831245
w3_fit_fauci_not_prosocial,treat:covariate_pre_lucid_race_hispanic_binnedHispanic_c,-0.05336380589184073,0.1245967099675645,1864,0.18934384343831245
w3_fit_fauci_not_prosocial,treat:covariate_pre_lucid_race_hispanic_binnedAAPI_c,0.07494425365919082,0.1393437536153406,1864,0.18934384343831245
w3_fit_fauci_not_prosocial,treat:covariate_pre_lucid_race_hispanic_binnedOther_c,-0.5542660632122952,0.15669851100739335,1864,0.18934384343831245
w3_fit_fauci_not_prosocial,treat:covariate_pre_lucid_age_c,-0.0017641154484624257,0.002139223156730517,1864,0.18934384343831245
w3_fit_fauci_not_prosocial,treat:covariate_pre_lucid_genderFemale_c,-0.08982164952104563,0.07137633885077499,1864,0.18934384343831245
w3_fit_fauci_not_prosocial,"treat:covariate_pre_lucid_household_income_imputed_three_groups$55,000 - $149,999_c",-0.01641953730169086,0.08372448645627767,1864,0.18934384343831245
w3_fit_fauci_not_prosocial,"treat:covariate_pre_lucid_household_income_imputed_three_groups$150,000 and Over_c",0.03972751010443896,0.10856776775679708,1864,0.18934384343831245
w3_fit_fauci_not_prosocial,treat:covariate_pre_lucid_education_binnedSome College_c,0.18354638159988765,0.09227199983095351,1864,0.18934384343831245
w3_fit_fauci_not_prosocial,treat:covariate_pre_lucid_education_binnedCollege_c,0.0851548581469299,0.0986631932900408,1864,0.18934384343831245
w3_fit_fauci_not_prosocial,treat:covariate_pre_ucla_covid_worried_about_continuous_0_1_imputed_c,0.022004639267501527,0.1335629448988108,1864,0.18934384343831245
w3_fit_fauci_not_prosocial,treat:covariate_pre_ucla_covid_risk_month_continuous_0_1_imputed_c,0.04250167254012936,0.16900279830252116,1864,0.18934384343831245
w3_fit_fauci_not_prosocial,treat:covariate_pre_ucla_covid_risk_comparative_continuous_0_1_imputed_c,0.18694724142050653,0.12998238980968121,1864,0.18934384343831245
w3_fit_fauci_not_prosocial,treat:covariate_pre_ucla_covid_risk_lifetime_continuous_0_1_imputed_c,-0.07091012113502672,0.14506417264644983,1864,0.18934384343831245
w3_fit_fauci_not_prosocial,treat:covariate_pre_ucla_flu_last_year_yes_binary_imputed_c,-0.006671304032218893,0.07757567840197487,1864,0.18934384343831245
w3_fit_fauci_prosocial_uw,(Intercept),0.6663667335747757,0.01413934749244486,1801,0.1939902470781515
w3_fit_fauci_prosocial_uw,treat,0.036753274344122615,0.019909276503889555,1801,0.1939902470781515
w3_fit_fauci_prosocial_uw,pid_7_c,-0.0032663407009934178,0.006306876989633964,1801,0.1939902470781515
w3_fit_fauci_prosocial_uw,covariate_pre_lucid_race_hispanic_binnedBlack_c,-0.035419296450550135,0.06450191806493832,1801,0.1939902470781515
w3_fit_fauci_prosocial_uw,covariate_pre_lucid_race_hispanic_binnedHispanic_c,0.006318718622561113,0.0529635973974544,1801,0.1939902470781515
w3_fit_fauci_prosocial_uw,covariate_pre_lucid_race_hispanic_binnedAAPI_c,0.06994938376309469,0.07194876992408163,1801,0.1939902470781515
w3_fit_fauci_prosocial_uw,covariate_pre_lucid_race_hispanic_binnedOther_c,0.08995179833619539,0.08261574168385925,1801,0.1939902470781515
w3_fit_fauci_prosocial_uw,covariate_pre_lucid_age_c,-0.0022704565935152067,0.001051285933651096,1801,0.1939902470781515
w3_fit_fauci_prosocial_uw,covariate_pre_lucid_genderFemale_c,-0.08808778418950836,0.030602687821859875,1801,0.1939902470781515
w3_fit_fauci_prosocial_uw,"covariate_pre_lucid_household_income_imputed_three_groups$55,000 - $149,999_c",0.03864970238688235,0.034955468950871364,1801,0.1939902470781515
w3_fit_fauci_prosocial_uw,"covariate_pre_lucid_household_income_imputed_three_groups$150,000 and Over_c",0.12537670188132494,0.045614668270983025,1801,0.1939902470781515
w3_fit_fauci_prosocial_uw,covariate_pre_lucid_education_binnedSome College_c,0.018636242767530592,0.041314078130212366,1801,0.1939902470781515
w3_fit_fauci_prosocial_uw,covariate_pre_lucid_education_binnedCollege_c,0.11909844943995745,0.041619127413432946,1801,0.1939902470781515
w3_fit_fauci_prosocial_uw,covariate_pre_ucla_covid_worried_about_continuous_0_1_imputed_c,0.0932444306882681,0.050092193349013436,1801,0.1939902470781515
w3_fit_fauci_prosocial_uw,covariate_pre_ucla_covid_risk_month_continuous_0_1_imputed_c,0.15748373608329566,0.06676419774742388,1801,0.1939902470781515
w3_fit_fauci_prosocial_uw,covariate_pre_ucla_covid_risk_comparative_continuous_0_1_imputed_c,-0.07819750838398765,0.05145837452157558,1801,0.1939902470781515
w3_fit_fauci_prosocial_uw,covariate_pre_ucla_covid_risk_lifetime_continuous_0_1_imputed_c,0.0089255843236143,0.06037964168603634,1801,0.1939902470781515
w3_fit_fauci_prosocial_uw,covariate_pre_ucla_flu_last_year_yes_binary_imputed_c,0.28351974420499526,0.03069424528528431,1801,0.1939902470781515
w3_fit_fauci_prosocial_uw,treat:pid_7_c,-0.012335530103837594,0.008570048431286715,1801,0.1939902470781515
w3_fit_fauci_prosocial_uw,treat:covariate_pre_lucid_race_hispanic_binnedBlack_c,0.08653509823191723,0.08961845688481973,1801,0.1939902470781515
w3_fit_fauci_prosocial_uw,treat:covariate_pre_lucid_race_hispanic_binnedHispanic_c,-0.03999661682300875,0.07229808802740663,1801,0.1939902470781515
w3_fit_fauci_prosocial_uw,treat:covariate_pre_lucid_race_hispanic_binnedAAPI_c,0.030724030212685167,0.09874900234305038,1801,0.1939902470781515
w3_fit_fauci_prosocial_uw,treat:covariate_pre_lucid_race_hispanic_binnedOther_c,-0.17724393274722985,0.12841634242051148,1801,0.1939902470781515
w3_fit_fauci_prosocial_uw,treat:covariate_pre_lucid_age_c,0.0014011501332979086,0.0014079103217660724,1801,0.1939902470781515
w3_fit_fauci_prosocial_uw,treat:covariate_pre_lucid_genderFemale_c,-0.04251565680519057,0.041896300024179295,1801,0.1939902470781515
w3_fit_fauci_prosocial_uw,"treat:covariate_pre_lucid_household_income_imputed_three_groups$55,000 - $149,999_c",9.839302009282025e-4,0.04894028906077074,1801,0.1939902470781515
w3_fit_fauci_prosocial_uw,"treat:covariate_pre_lucid_household_income_imputed_three_groups$150,000 and Over_c",-0.002194316022515189,0.06390279003689699,1801,0.1939902470781515
w3_fit_fauci_prosocial_uw,treat:covariate_pre_lucid_education_binnedSome College_c,-0.004645658842499897,0.05877301466642426,1801,0.1939902470781515
w3_fit_fauci_prosocial_uw,treat:covariate_pre_lucid_education_binnedCollege_c,-0.06517219323073943,0.05904066003235701,1801,0.1939902470781515
w3_fit_fauci_prosocial_uw,treat:covariate_pre_ucla_covid_worried_about_continuous_0_1_imputed_c,0.03847208047100871,0.06961175496905113,1801,0.1939902470781515
w3_fit_fauci_prosocial_uw,treat:covariate_pre_ucla_covid_risk_month_continuous_0_1_imputed_c,-0.17585597337757916,0.09464362945216735,1801,0.1939902470781515
w3_fit_fauci_prosocial_uw,treat:covariate_pre_ucla_covid_risk_comparative_continuous_0_1_imputed_c,0.10301131551149997,0.07264102278128574,1801,0.1939902470781515
w3_fit_fauci_prosocial_uw,treat:covariate_pre_ucla_covid_risk_lifetime_continuous_0_1_imputed_c,0.010498969918732027,0.08824749348035292,1801,0.1939902470781515
w3_fit_fauci_prosocial_uw,treat:covariate_pre_ucla_flu_last_year_yes_binary_imputed_c,0.009628993814996923,0.043388316493847015,1801,0.1939902470781515
w3_fit_fauci_prosocial,(Intercept),0.6572732125006872,0.023328290465727597,1801,0.25170921042488914
w3_fit_fauci_prosocial,treat,0.0650572689666021,0.032195338895054305,1801,0.25170921042488914
w3_fit_fauci_prosocial,pid_7_c,-0.00831392553482611,0.010307321584114553,1801,0.25170921042488914
w3_fit_fauci_prosocial,covariate_pre_lucid_race_hispanic_binnedBlack_c,-0.016114926955171926,0.115172974629756,1801,0.25170921042488914
w3_fit_fauci_prosocial,covariate_pre_lucid_race_hispanic_binnedHispanic_c,0.1439264202539482,0.09352017144894526,1801,0.25170921042488914
w3_fit_fauci_prosocial,covariate_pre_lucid_race_hispanic_binnedAAPI_c,0.2420786058067369,0.06787434163891627,1801,0.25170921042488914
w3_fit_fauci_prosocial,covariate_pre_lucid_race_hispanic_binnedOther_c,0.32065049323362327,0.10592116822992993,1801,0.25170921042488914
w3_fit_fauci_prosocial,covariate_pre_lucid_age_c,-0.0010332648905590405,0.0014621693722454204,1801,0.25170921042488914
w3_fit_fauci_prosocial,covariate_pre_lucid_genderFemale_c,-0.020527304747339225,0.04295804091121134,1801,0.25170921042488914
w3_fit_fauci_prosocial,"covariate_pre_lucid_household_income_imputed_three_groups$55,000 - $149,999_c",0.06451840232070066,0.059095815134735434,1801,0.25170921042488914
w3_fit_fauci_prosocial,"covariate_pre_lucid_household_income_imputed_three_groups$150,000 and Over_c",0.08604686216676301,0.09915696425332839,1801,0.25170921042488914
w3_fit_fauci_prosocial,covariate_pre_lucid_education_binnedSome College_c,0.006657821299592562,0.05484941133401214,1801,0.25170921042488914
w3_fit_fauci_prosocial,covariate_pre_lucid_education_binnedCollege_c,0.11478695589756983,0.07560136517698123,1801,0.25170921042488914
w3_fit_fauci_prosocial,covariate_pre_ucla_covid_worried_about_continuous_0_1_imputed_c,0.05690205039242488,0.08787372895485676,1801,0.25170921042488914
w3_fit_fauci_prosocial,covariate_pre_ucla_covid_risk_month_continuous_0_1_imputed_c,0.22732089070263797,0.1257102659855821,1801,0.25170921042488914
w3_fit_fauci_prosocial,covariate_pre_ucla_covid_risk_comparative_continuous_0_1_imputed_c,-0.07357974207080546,0.08688830639235098,1801,0.25170921042488914
w3_fit_fauci_prosocial,covariate_pre_ucla_covid_risk_lifetime_continuous_0_1_imputed_c,-0.028728538029354857,0.10798463264018479,1801,0.25170921042488914
w3_fit_fauci_prosocial,covariate_pre_ucla_flu_last_year_yes_binary_imputed_c,0.37311033343934,0.04890389564014565,1801,0.25170921042488914
w3_fit_fauci_prosocial,treat:pid_7_c,-0.012578264437864023,0.014181678127536412,1801,0.25170921042488914
w3_fit_fauci_prosocial,treat:covariate_pre_lucid_race_hispanic_binnedBlack_c,0.09832654434585679,0.14100827598563936,1801,0.25170921042488914
w3_fit_fauci_prosocial,treat:covariate_pre_lucid_race_hispanic_binnedHispanic_c,-0.07499166422025251,0.1296816333370351,1801,0.25170921042488914
w3_fit_fauci_prosocial,treat:covariate_pre_lucid_race_hispanic_binnedAAPI_c,-0.07869735683804628,0.09895525110363763,1801,0.25170921042488914
w3_fit_fauci_prosocial,treat:covariate_pre_lucid_race_hispanic_binnedOther_c,-0.413305031959006,0.2091886000588519,1801,0.25170921042488914
w3_fit_fauci_prosocial,treat:covariate_pre_lucid_age_c,-4.501458725724807e-4,0.0020495665650242956,1801,0.25170921042488914
w3_fit_fauci_prosocial,treat:covariate_pre_lucid_genderFemale_c,-0.044340745043914984,0.0628842169453001,1801,0.25170921042488914
w3_fit_fauci_prosocial,"treat:covariate_pre_lucid_household_income_imputed_three_groups$55,000 - $149,999_c",0.04371929675060479,0.08306101158565196,1801,0.25170921042488914
w3_fit_fauci_prosocial,"treat:covariate_pre_lucid_household_income_imputed_three_groups$150,000 and Over_c",0.07860360131431765,0.12397530624083977,1801,0.25170921042488914
w3_fit_fauci_prosocial,treat:covariate_pre_lucid_education_binnedSome College_c,0.026068661028460716,0.08202199228056757,1801,0.25170921042488914
w3_fit_fauci_prosocial,treat:covariate_pre_lucid_education_binnedCollege_c,-0.002002154072137641,0.09635698120096138,1801,0.25170921042488914
w3_fit_fauci_prosocial,treat:covariate_pre_ucla_covid_worried_about_continuous_0_1_imputed_c,0.226196979945035,0.11479138599786667,1801,0.25170921042488914
w3_fit_fauci_prosocial,treat:covariate_pre_ucla_covid_risk_month_continuous_0_1_imputed_c,-0.3097368157850741,0.16584085596823359,1801,0.25170921042488914
w3_fit_fauci_prosocial,treat:covariate_pre_ucla_covid_risk_comparative_continuous_0_1_imputed_c,0.11472057495170139,0.12009135283309696,1801,0.25170921042488914
w3_fit_fauci_prosocial,treat:covariate_pre_ucla_covid_risk_lifetime_continuous_0_1_imputed_c,0.02807522341106048,0.15516252548739426,1801,0.25170921042488914
w3_fit_fauci_prosocial,treat:covariate_pre_ucla_flu_last_year_yes_binary_imputed_c,-0.06274294044084851,0.06915895666337156,1801,0.25170921042488914
w3_fit_fauci_uw,(Intercept),0.6724389452051168,0.010019898582457581,3665,0.18021119253542417
w3_fit_fauci_uw,treat,0.038608308817803756,0.013893143880478732,3665,0.18021119253542417
w3_fit_fauci_uw,pid_7_c,-0.006502338250836001,0.004376920031789164,3665,0.18021119253542417
w3_fit_fauci_uw,covariate_pre_lucid_race_hispanic_binnedBlack_c,-0.07526560196472243,0.04435352435067636,3665,0.18021119253542417
w3_fit_fauci_uw,covariate_pre_lucid_race_hispanic_binnedHispanic_c,-0.01457581159816366,0.03717247673739615,3665,0.18021119253542417
w3_fit_fauci_uw,covariate_pre_lucid_race_hispanic_binnedAAPI_c,0.08414406418347606,0.050583623215210566,3665,0.18021119253542417
w3_fit_fauci_uw,covariate_pre_lucid_race_hispanic_binnedOther_c,0.08312232713253537,0.06243531629749231,3665,0.18021119253542417
w3_fit_fauci_uw,covariate_pre_lucid_age_c,-0.001998824338784128,7.219207551430809e-4,3665,0.18021119253542417
w3_fit_fauci_uw,covariate_pre_lucid_genderFemale_c,-0.10346820791131107,0.02153886630396023,3665,0.18021119253542417
w3_fit_fauci_uw,"covariate_pre_lucid_household_income_imputed_three_groups$55,000 - $149,999_c",0.027847299077361342,0.02474703343944881,3665,0.18021119253542417
w3_fit_fauci_uw,"covariate_pre_lucid_household_income_imputed_three_groups$150,000 and Over_c",0.10715666593640757,0.03278004175436457,3665,0.18021119253542417
w3_fit_fauci_uw,covariate_pre_lucid_education_binnedSome College_c,-0.0038064445020948236,0.029590902229520377,3665,0.18021119253542417
w3_fit_fauci_uw,covariate_pre_lucid_education_binnedCollege_c,0.10239415080760166,0.029864304007703693,3665,0.18021119253542417
w3_fit_fauci_uw,covariate_pre_ucla_covid_worried_about_continuous_0_1_imputed_c,0.14253268887714632,0.036501800900298566,3665,0.18021119253542417
w3_fit_fauci_uw,covariate_pre_ucla_covid_risk_month_continuous_0_1_imputed_c,0.06926869151184332,0.047334386809386605,3665,0.18021119253542417
w3_fit_fauci_uw,covariate_pre_ucla_covid_risk_comparative_continuous_0_1_imputed_c,-0.08245117624257965,0.03746962070762482,3665,0.18021119253542417
w3_fit_fauci_uw,covariate_pre_ucla_covid_risk_lifetime_continuous_0_1_imputed_c,0.024152787676517944,0.041977553625724015,3665,0.18021119253542417
w3_fit_fauci_uw,covariate_pre_ucla_flu_last_year_yes_binary_imputed_c,0.252230019175237,0.0216328150179406,3665,0.18021119253542417
w3_fit_fauci_uw,treat:pid_7_c,-0.009525154643232838,0.005980631653991353,3665,0.18021119253542417
w3_fit_fauci_uw,treat:covariate_pre_lucid_race_hispanic_binnedBlack_c,0.06446738053588284,0.06244270820808912,3665,0.18021119253542417
w3_fit_fauci_uw,treat:covariate_pre_lucid_race_hispanic_binnedHispanic_c,0.018088388848308115,0.050080760338660824,3665,0.18021119253542417
w3_fit_fauci_uw,treat:covariate_pre_lucid_race_hispanic_binnedAAPI_c,-0.02059875938114,0.06719166805728097,3665,0.18021119253542417
w3_fit_fauci_uw,treat:covariate_pre_lucid_race_hispanic_binnedOther_c,-0.23744437366636303,0.08937938264537174,3665,0.18021119253542417
w3_fit_fauci_uw,treat:covariate_pre_lucid_age_c,7.619125725878962e-4,9.790931887605277e-4,3665,0.18021119253542417
w3_fit_fauci_uw,treat:covariate_pre_lucid_genderFemale_c,-0.02152948084114216,0.029611316128204057,3665,0.18021119253542417
w3_fit_fauci_uw,"treat:covariate_pre_lucid_household_income_imputed_three_groups$55,000 - $149,999_c",0.0018118575654577328,0.0343024313732844,3665,0.18021119253542417
w3_fit_fauci_uw,"treat:covariate_pre_lucid_household_income_imputed_three_groups$150,000 and Over_c",-0.006314245862846903,0.0451601354996054,3665,0.18021119253542417
w3_fit_fauci_uw,treat:covariate_pre_lucid_education_binnedSome College_c,0.04611623344430259,0.041103958111207636,3665,0.18021119253542417
w3_fit_fauci_uw,treat:covariate_pre_lucid_education_binnedCollege_c,-0.006892253209038256,0.041839395514054134,3665,0.18021119253542417
w3_fit_fauci_uw,treat:covariate_pre_ucla_covid_worried_about_continuous_0_1_imputed_c,0.018432938912431796,0.05123943753814763,3665,0.18021119253542417
w3_fit_fauci_uw,treat:covariate_pre_ucla_covid_risk_month_continuous_0_1_imputed_c,-0.0763775786645876,0.0652300876154077,3665,0.18021119253542417
w3_fit_fauci_uw,treat:covariate_pre_ucla_covid_risk_comparative_continuous_0_1_imputed_c,0.12791490501473088,0.05188731498057977,3665,0.18021119253542417
w3_fit_fauci_uw,treat:covariate_pre_ucla_covid_risk_lifetime_continuous_0_1_imputed_c,-0.05226927122314703,0.05912688171379671,3665,0.18021119253542417
w3_fit_fauci_uw,treat:covariate_pre_ucla_flu_last_year_yes_binary_imputed_c,0.01778253113170434,0.030209890700811114,3665,0.18021119253542417
w3_fit_fauci,(Intercept),0.6500155861307632,0.017538500365368786,3665,0.20214748356196255
w3_fit_fauci,treat,0.05467182529748349,0.02391330833090779,3665,0.20214748356196255
w3_fit_fauci,pid_7_c,-0.007658748049888762,0.008001399351741132,3665,0.20214748356196255
w3_fit_fauci,covariate_pre_lucid_race_hispanic_binnedBlack_c,-0.0669448899929562,0.07382769079903778,3665,0.20214748356196255
w3_fit_fauci,covariate_pre_lucid_race_hispanic_binnedHispanic_c,0.11997085978243613,0.06413177355643378,3665,0.20214748356196255
w3_fit_fauci,covariate_pre_lucid_race_hispanic_binnedAAPI_c,0.11739420562948558,0.07354319180777477,3665,0.20214748356196255
w3_fit_fauci,covariate_pre_lucid_race_hispanic_binnedOther_c,0.2522682822013466,0.0840974225969814,3665,0.20214748356196255
w3_fit_fauci,covariate_pre_lucid_age_c,-8.804091136977407e-4,0.001081285661507288,3665,0.20214748356196255
w3_fit_fauci,covariate_pre_lucid_genderFemale_c,-0.024428695572639547,0.035355135220150165,3665,0.20214748356196255
w3_fit_fauci,"covariate_pre_lucid_household_income_imputed_three_groups$55,000 - $149,999_c",0.03669105584908153,0.04223531949863799,3665,0.20214748356196255
w3_fit_fauci,"covariate_pre_lucid_household_income_imputed_three_groups$150,000 and Over_c",0.06480838899834448,0.06404818310066739,3665,0.20214748356196255
w3_fit_fauci,covariate_pre_lucid_education_binnedSome College_c,-0.021198047063715895,0.04438844127742859,3665,0.20214748356196255
w3_fit_fauci,covariate_pre_lucid_education_binnedCollege_c,0.10361418201813351,0.050641182663819916,3665,0.20214748356196255
w3_fit_fauci,covariate_pre_ucla_covid_worried_about_continuous_0_1_imputed_c,0.11990004430445562,0.06586031571396377,3665,0.20214748356196255
w3_fit_fauci,covariate_pre_ucla_covid_risk_month_continuous_0_1_imputed_c,0.02312827645125088,0.08970177972013284,3665,0.20214748356196255
w3_fit_fauci,covariate_pre_ucla_covid_risk_comparative_continuous_0_1_imputed_c,-0.016085640077303214,0.06288039567981431,3665,0.20214748356196255
w3_fit_fauci,covariate_pre_ucla_covid_risk_lifetime_continuous_0_1_imputed_c,0.0035216617180775333,0.07789674017923638,3665,0.20214748356196255
w3_fit_fauci,covariate_pre_ucla_flu_last_year_yes_binary_imputed_c,0.3158981052889176,0.03748355145505874,3665,0.20214748356196255
w3_fit_fauci,treat:pid_7_c,-0.012791842143253353,0.010743995288995117,3665,0.20214748356196255
w3_fit_fauci,treat:covariate_pre_lucid_race_hispanic_binnedBlack_c,0.0040531034692829395,0.0975335555092202,3665,0.20214748356196255
w3_fit_fauci,treat:covariate_pre_lucid_race_hispanic_binnedHispanic_c,-0.05445358788431578,0.08981021404687146,3665,0.20214748356196255
w3_fit_fauci,treat:covariate_pre_lucid_race_hispanic_binnedAAPI_c,-0.005201696785997057,0.0912373914865556,3665,0.20214748356196255
w3_fit_fauci,treat:covariate_pre_lucid_race_hispanic_binnedOther_c,-0.5163030186820099,0.1330255147216783,3665,0.20214748356196255
w3_fit_fauci,treat:covariate_pre_lucid_age_c,-7.784940736812947e-4,0.0015078343579387832,3665,0.20214748356196255
w3_fit_fauci,treat:covariate_pre_lucid_genderFemale_c,-0.05719793450191885,0.0480938589324345,3665,0.20214748356196255
w3_fit_fauci,"treat:covariate_pre_lucid_household_income_imputed_three_groups$55,000 - $149,999_c",0.010083074886740546,0.05880027415804562,3665,0.20214748356196255
w3_fit_fauci,"treat:covariate_pre_lucid_household_income_imputed_three_groups$150,000 and Over_c",0.071781384261369,0.0805043186801161,3665,0.20214748356196255
w3_fit_fauci,treat:covariate_pre_lucid_education_binnedSome College_c,0.08829117468378943,0.06364542469036097,3665,0.20214748356196255
w3_fit_fauci,treat:covariate_pre_lucid_education_binnedCollege_c,0.028730763811803534,0.06894268698739309,3665,0.20214748356196255
w3_fit_fauci,treat:covariate_pre_ucla_covid_worried_about_continuous_0_1_imputed_c,0.12238760565113727,0.08775811408852234,3665,0.20214748356196255
w3_fit_fauci,treat:covariate_pre_ucla_covid_risk_month_continuous_0_1_imputed_c,-0.1319741401485579,0.11982680280013736,3665,0.20214748356196255
w3_fit_fauci,treat:covariate_pre_ucla_covid_risk_comparative_continuous_0_1_imputed_c,0.15726221836377147,0.08713249843909636,3665,0.20214748356196255
w3_fit_fauci,treat:covariate_pre_ucla_covid_risk_lifetime_continuous_0_1_imputed_c,-0.05230538514736125,0.10646735675560838,3665,0.20214748356196255
w3_fit_fauci,treat:covariate_pre_ucla_flu_last_year_yes_binary_imputed_c,-0.030750302827204673,0.053196633065580805,3665,0.20214748356196255
w3_fit_insurance_not_prosocial_uw,(Intercept),0.6787581777592304,0.014297471658089752,1869,0.15351117376864865
w3_fit_insurance_not_prosocial_uw,treat,0.02528827814701435,0.019896251703756213,1869,0.15351117376864865
w3_fit_insurance_not_prosocial_uw,pid_7_c,-0.009834742675801459,0.006217192931932426,1869,0.15351117376864865
w3_fit_insurance_not_prosocial_uw,covariate_pre_lucid_race_hispanic_binnedBlack_c,-0.1056887093040212,0.0618268296962918,1869,0.15351117376864865
w3_fit_insurance_not_prosocial_uw,covariate_pre_lucid_race_hispanic_binnedHispanic_c,-0.029239346298474026,0.052809230466789814,1869,0.15351117376864865
w3_fit_insurance_not_prosocial_uw,covariate_pre_lucid_race_hispanic_binnedAAPI_c,0.09486305399351942,0.07094405462778469,1869,0.15351117376864865
w3_fit_insurance_not_prosocial_uw,covariate_pre_lucid_race_hispanic_binnedOther_c,0.09114162923594983,0.09484852728261386,1869,0.15351117376864865
w3_fit_insurance_not_prosocial_uw,covariate_pre_lucid_age_c,-0.0016362630391910597,0.0010059231408778822,1869,0.15351117376864865
w3_fit_insurance_not_prosocial_uw,covariate_pre_lucid_genderFemale_c,-0.11643240105448469,0.03099806334254698,1869,0.15351117376864865
w3_fit_insurance_not_prosocial_uw,"covariate_pre_lucid_household_income_imputed_three_groups$55,000 - $149,999_c",0.026520013273722883,0.03601384620625824,1869,0.15351117376864865
w3_fit_insurance_not_prosocial_uw,"covariate_pre_lucid_household_income_imputed_three_groups$150,000 and Over_c",0.09414409172274563,0.04741111245461579,1869,0.15351117376864865
w3_fit_insurance_not_prosocial_uw,covariate_pre_lucid_education_binnedSome College_c,-0.02486085969241524,0.042762067981251754,1869,0.15351117376864865
w3_fit_insurance_not_prosocial_uw,covariate_pre_lucid_education_binnedCollege_c,0.08685847659682985,0.04306781539906922,1869,0.15351117376864865
w3_fit_insurance_not_prosocial_uw,covariate_pre_ucla_covid_worried_about_continuous_0_1_imputed_c,0.1964713842581784,0.054193176032293046,1869,0.15351117376864865
w3_fit_insurance_not_prosocial_uw,covariate_pre_ucla_covid_risk_month_continuous_0_1_imputed_c,-0.030686117751120883,0.06856793339067166,1869,0.15351117376864865
w3_fit_insurance_not_prosocial_uw,covariate_pre_ucla_covid_risk_comparative_continuous_0_1_imputed_c,-0.08371377466498116,0.05552844569497877,1869,0.15351117376864865
w3_fit_insurance_not_prosocial_uw,covariate_pre_ucla_covid_risk_lifetime_continuous_0_1_imputed_c,0.03208191981790815,0.05918032078437979,1869,0.15351117376864865
w3_fit_insurance_not_prosocial_uw,covariate_pre_ucla_flu_last_year_yes_binary_imputed_c,0.2233186073754803,0.030808589795298914,1869,0.15351117376864865
w3_fit_insurance_not_prosocial_uw,treat:pid_7_c,0.0042092879771337645,0.00885167867996675,1869,0.15351117376864865
w3_fit_insurance_not_prosocial_uw,treat:covariate_pre_lucid_race_hispanic_binnedBlack_c,0.1094072726070389,0.08654814583318857,1869,0.15351117376864865
w3_fit_insurance_not_prosocial_uw,treat:covariate_pre_lucid_race_hispanic_binnedHispanic_c,0.03624067276786515,0.07263054832478111,1869,0.15351117376864865
w3_fit_insurance_not_prosocial_uw,treat:covariate_pre_lucid_race_hispanic_binnedAAPI_c,0.10563589899110083,0.09847060453541712,1869,0.15351117376864865
w3_fit_insurance_not_prosocial_uw,treat:covariate_pre_lucid_race_hispanic_binnedOther_c,-0.05741885551242286,0.13624065186121698,1869,0.15351117376864865
w3_fit_insurance_not_prosocial_uw,treat:covariate_pre_lucid_age_c,5.061710824090136e-4,0.0014618883476335122,1869,0.15351117376864865
w3_fit_insurance_not_prosocial_uw,treat:covariate_pre_lucid_genderFemale_c,0.0453855778510459,0.04324344246533264,1869,0.15351117376864865
w3_fit_insurance_not_prosocial_uw,"treat:covariate_pre_lucid_household_income_imputed_three_groups$55,000 - $149,999_c",0.011779857320897091,0.05021973081587152,1869,0.15351117376864865
w3_fit_insurance_not_prosocial_uw,"treat:covariate_pre_lucid_household_income_imputed_three_groups$150,000 and Over_c",0.08102330281752104,0.06195068868320769,1869,0.15351117376864865
w3_fit_insurance_not_prosocial_uw,treat:covariate_pre_lucid_education_binnedSome College_c,0.04912145841251149,0.05872087621034524,1869,0.15351117376864865
w3_fit_insurance_not_prosocial_uw,treat:covariate_pre_lucid_education_binnedCollege_c,-0.017044051160235833,0.05916738540298161,1869,0.15351117376864865
w3_fit_insurance_not_prosocial_uw,treat:covariate_pre_ucla_covid_worried_about_continuous_0_1_imputed_c,-0.05646643185483305,0.07340411524147122,1869,0.15351117376864865
w3_fit_insurance_not_prosocial_uw,treat:covariate_pre_ucla_covid_risk_month_continuous_0_1_imputed_c,0.11612123434715962,0.09215525461662508,1869,0.15351117376864865
w3_fit_insurance_not_prosocial_uw,treat:covariate_pre_ucla_covid_risk_comparative_continuous_0_1_imputed_c,-0.02402879139328209,0.07641981487294155,1869,0.15351117376864865
w3_fit_insurance_not_prosocial_uw,treat:covariate_pre_ucla_covid_risk_lifetime_continuous_0_1_imputed_c,-0.006853172325315964,0.0799167150652019,1869,0.15351117376864865
w3_fit_insurance_not_prosocial_uw,treat:covariate_pre_ucla_flu_last_year_yes_binary_imputed_c,0.0072874467518756515,0.04295299755348885,1869,0.15351117376864865
w3_fit_insurance_not_prosocial,(Intercept),0.643105383493677,0.025962751640418974,1869,0.14532990566013304
w3_fit_insurance_not_prosocial,treat,0.049561586185259944,0.035560646321396924,1869,0.14532990566013304
w3_fit_insurance_not_prosocial,pid_7_c,-0.005517155460414616,0.012252047203615855,1869,0.14532990566013304
w3_fit_insurance_not_prosocial,covariate_pre_lucid_race_hispanic_binnedBlack_c,-0.07786967778269745,0.09930484280726987,1869,0.14532990566013304
w3_fit_insurance_not_prosocial,covariate_pre_lucid_race_hispanic_binnedHispanic_c,0.13638170168582137,0.08748846679037234,1869,0.14532990566013304
w3_fit_insurance_not_prosocial,covariate_pre_lucid_race_hispanic_binnedAAPI_c,0.009084478137399744,0.11507468099369964,1869,0.14532990566013304
w3_fit_insurance_not_prosocial,covariate_pre_lucid_race_hispanic_binnedOther_c,0.16716951302589378,0.12442315819161205,1869,0.14532990566013304
w3_fit_insurance_not_prosocial,covariate_pre_lucid_age_c,-3.56545058079772e-4,0.00157272756508899,1869,0.14532990566013304
w3_fit_insurance_not_prosocial,covariate_pre_lucid_genderFemale_c,-0.020327774872673503,0.054074640047028125,1869,0.14532990566013304
w3_fit_insurance_not_prosocial,"covariate_pre_lucid_household_income_imputed_three_groups$55,000 - $149,999_c",0.002017504937178784,0.0618842573597455,1869,0.14532990566013304
w3_fit_insurance_not_prosocial,"covariate_pre_lucid_household_income_imputed_three_groups$150,000 and Over_c",0.06463738533047754,0.0847558930709132,1869,0.14532990566013304
w3_fit_insurance_not_prosocial,covariate_pre_lucid_education_binnedSome College_c,-0.05937709000319494,0.06593348214866002,1869,0.14532990566013304
w3_fit_insurance_not_prosocial,covariate_pre_lucid_education_binnedCollege_c,0.08680353245354074,0.07038730403544137,1869,0.14532990566013304
w3_fit_insurance_not_prosocial,covariate_pre_ucla_covid_worried_about_continuous_0_1_imputed_c,0.1725908026182461,0.09885234793862525,1869,0.14532990566013304
w3_fit_insurance_not_prosocial,covariate_pre_ucla_covid_risk_month_continuous_0_1_imputed_c,-0.17248619449949396,0.1257186357434803,1869,0.14532990566013304
w3_fit_insurance_not_prosocial,covariate_pre_ucla_covid_risk_comparative_continuous_0_1_imputed_c,0.046254359924171394,0.09226087325353148,1869,0.14532990566013304
w3_fit_insurance_not_prosocial,covariate_pre_ucla_covid_risk_lifetime_continuous_0_1_imputed_c,0.01261948891300778,0.10673348226557632,1869,0.14532990566013304
w3_fit_insurance_not_prosocial,covariate_pre_ucla_flu_last_year_yes_binary_imputed_c,0.26483733436826357,0.055399822802166536,1869,0.14532990566013304
w3_fit_insurance_not_prosocial,treat:pid_7_c,0.0028638765882780105,0.016112410527408926,1869,0.14532990566013304
w3_fit_insurance_not_prosocial,treat:covariate_pre_lucid_race_hispanic_binnedBlack_c,-0.057742019079507594,0.14372275164860596,1869,0.14532990566013304
w3_fit_insurance_not_prosocial,treat:covariate_pre_lucid_race_hispanic_binnedHispanic_c,-0.05259173070071268,0.11652597952918343,1869,0.14532990566013304
w3_fit_insurance_not_prosocial,treat:covariate_pre_lucid_race_hispanic_binnedAAPI_c,0.10845266423863159,0.16151350412089596,1869,0.14532990566013304
w3_fit_insurance_not_prosocial,treat:covariate_pre_lucid_race_hispanic_binnedOther_c,-0.02630493632468104,0.15744425060480502,1869,0.14532990566013304
w3_fit_insurance_not_prosocial,treat:covariate_pre_lucid_age_c,4.7619715749535674e-4,0.0022522810288317452,1869,0.14532990566013304
w3_fit_insurance_not_prosocial,treat:covariate_pre_lucid_genderFemale_c,-0.016949792740042352,0.07357872699385552,1869,0.14532990566013304
w3_fit_insurance_not_prosocial,"treat:covariate_pre_lucid_household_income_imputed_three_groups$55,000 - $149,999_c",0.08458558913636777,0.08545127759467498,1869,0.14532990566013304
w3_fit_insurance_not_prosocial,"treat:covariate_pre_lucid_household_income_imputed_three_groups$150,000 and Over_c",0.10644736847723668,0.11176043423394634,1869,0.14532990566013304
w3_fit_insurance_not_prosocial,treat:covariate_pre_lucid_education_binnedSome College_c,0.025052151386308095,0.09005373484667234,1869,0.14532990566013304
w3_fit_insurance_not_prosocial,treat:covariate_pre_lucid_education_binnedCollege_c,-0.12235953725945507,0.09482377695082243,1869,0.14532990566013304
w3_fit_insurance_not_prosocial,treat:covariate_pre_ucla_covid_worried_about_continuous_0_1_imputed_c,-0.009187117261735373,0.13592094317149708,1869,0.14532990566013304
w3_fit_insurance_not_prosocial,treat:covariate_pre_ucla_covid_risk_month_continuous_0_1_imputed_c,0.19289868774943256,0.16863661898037663,1869,0.14532990566013304
w3_fit_insurance_not_prosocial,treat:covariate_pre_ucla_covid_risk_comparative_continuous_0_1_imputed_c,0.02367115525595554,0.13104554275761068,1869,0.14532990566013304
w3_fit_insurance_not_prosocial,treat:covariate_pre_ucla_covid_risk_lifetime_continuous_0_1_imputed_c,0.016194695784755176,0.1471391669071011,1869,0.14532990566013304
w3_fit_insurance_not_prosocial,treat:covariate_pre_ucla_flu_last_year_yes_binary_imputed_c,-0.009665749483658295,0.07571014939585975,1869,0.14532990566013304
w3_fit_insurance_prosocial_uw,(Intercept),0.6680781506529694,0.014149252682820187,1864,0.18053208993807113
w3_fit_insurance_prosocial_uw,treat,0.01043388302325003,0.019969123328372973,1864,0.18053208993807113
w3_fit_insurance_prosocial_uw,pid_7_c,-0.0032663407009933827,0.0063048271985046795,1864,0.18053208993807113
w3_fit_insurance_prosocial_uw,covariate_pre_lucid_race_hispanic_binnedBlack_c,-0.03541929645055111,0.06448095436774114,1864,0.18053208993807113
w3_fit_insurance_prosocial_uw,covariate_pre_lucid_race_hispanic_binnedHispanic_c,0.006318718622561007,0.05294638375712234,1864,0.18053208993807113
w3_fit_insurance_prosocial_uw,covariate_pre_lucid_race_hispanic_binnedAAPI_c,0.06994938376309577,0.07192538593378107,1864,0.18053208993807113
w3_fit_insurance_prosocial_uw,covariate_pre_lucid_race_hispanic_binnedOther_c,0.08995179833619564,0.08258889083284161,1864,0.18053208993807113
w3_fit_insurance_prosocial_uw,covariate_pre_lucid_age_c,-0.0022704565935152236,0.00105094425637015,1864,0.18053208993807113
w3_fit_insurance_prosocial_uw,covariate_pre_lucid_genderFemale_c,-0.0880877841895081,0.030592741676068378,1864,0.18053208993807113
w3_fit_insurance_prosocial_uw,"covariate_pre_lucid_household_income_imputed_three_groups$55,000 - $149,999_c",0.03864970238688237,0.034944108112489464,1864,0.18053208993807113
w3_fit_insurance_prosocial_uw,"covariate_pre_lucid_household_income_imputed_three_groups$150,000 and Over_c",0.1253767018813255,0.04559984309799503,1864,0.18053208993807113
w3_fit_insurance_prosocial_uw,covariate_pre_lucid_education_binnedSome College_c,0.018636242767530543,0.041300650687279394,1864,0.18053208993807113
w3_fit_insurance_prosocial_uw,covariate_pre_lucid_education_binnedCollege_c,0.11909844943995668,0.041605600826769014,1864,0.18053208993807113
w3_fit_insurance_prosocial_uw,covariate_pre_ucla_covid_worried_about_continuous_0_1_imputed_c,0.09324443068826731,0.050075912940541874,1864,0.18053208993807113
w3_fit_insurance_prosocial_uw,covariate_pre_ucla_covid_risk_month_continuous_0_1_imputed_c,0.1574837360832959,0.0667424987892045,1864,0.18053208993807113
w3_fit_insurance_prosocial_uw,covariate_pre_ucla_covid_risk_comparative_continuous_0_1_imputed_c,-0.0781975083839882,0.051441650092069385,1864,0.18053208993807113
w3_fit_insurance_prosocial_uw,covariate_pre_ucla_covid_risk_lifetime_continuous_0_1_imputed_c,0.008925584323615307,0.06036001776533549,1864,0.18053208993807113
w3_fit_insurance_prosocial_uw,covariate_pre_ucla_flu_last_year_yes_binary_imputed_c,0.2835197442049951,0.030684269382502707,1864,0.18053208993807113
w3_fit_insurance_prosocial_uw,treat:pid_7_c,-0.006135973108987011,0.008721181314148937,1864,0.18053208993807113
w3_fit_insurance_prosocial_uw,treat:covariate_pre_lucid_race_hispanic_binnedBlack_c,-0.06298073437223545,0.08565624323726204,1864,0.18053208993807113
w3_fit_insurance_prosocial_uw,treat:covariate_pre_lucid_race_hispanic_binnedHispanic_c,0.060407672104479115,0.07605625304470455,1864,0.18053208993807113
w3_fit_insurance_prosocial_uw,treat:covariate_pre_lucid_race_hispanic_binnedAAPI_c,0.08832780943004036,0.09983499158063686,1864,0.18053208993807113
w3_fit_insurance_prosocial_uw,treat:covariate_pre_lucid_race_hispanic_binnedOther_c,-0.15540022351920596,0.12622556556305736,1864,0.18053208993807113
w3_fit_insurance_prosocial_uw,treat:covariate_pre_lucid_age_c,0.0015753215716844736,0.001392228273455241,1864,0.18053208993807113
w3_fit_insurance_prosocial_uw,treat:covariate_pre_lucid_genderFemale_c,-0.061641195449212684,0.04302668135343401,1864,0.18053208993807113
w3_fit_insurance_prosocial_uw,"treat:covariate_pre_lucid_household_income_imputed_three_groups$55,000 - $149,999_c",-0.035239612752374444,0.049687207640751484,1864,0.18053208993807113
w3_fit_insurance_prosocial_uw,"treat:covariate_pre_lucid_household_income_imputed_three_groups$150,000 and Over_c",-0.003479328057503257,0.06187032808099683,1864,0.18053208993807113
w3_fit_insurance_prosocial_uw,treat:covariate_pre_lucid_education_binnedSome College_c,-0.007773546052758711,0.05880454292007454,1864,0.18053208993807113
w3_fit_insurance_prosocial_uw,treat:covariate_pre_lucid_education_binnedCollege_c,-0.050353727131781656,0.06080164821739242,1864,0.18053208993807113
w3_fit_insurance_prosocial_uw,treat:covariate_pre_ucla_covid_worried_about_continuous_0_1_imputed_c,0.028931020573173018,0.0716357280865041,1864,0.18053208993807113
w3_fit_insurance_prosocial_uw,treat:covariate_pre_ucla_covid_risk_month_continuous_0_1_imputed_c,-0.17277535259307503,0.09224696127967628,1864,0.18053208993807113
w3_fit_insurance_prosocial_uw,treat:covariate_pre_ucla_covid_risk_comparative_continuous_0_1_imputed_c,0.08768854441053966,0.07184109187149809,1864,0.18053208993807113
w3_fit_insurance_prosocial_uw,treat:covariate_pre_ucla_covid_risk_lifetime_continuous_0_1_imputed_c,0.1565149817123559,0.08108016296177767,1864,0.18053208993807113
w3_fit_insurance_prosocial_uw,treat:covariate_pre_ucla_flu_last_year_yes_binary_imputed_c,-0.04708816087615162,0.042948546035875626,1864,0.18053208993807113
w3_fit_insurance_prosocial,(Intercept),0.6635708323665702,0.023378653417810338,1864,0.24471092495040103
w3_fit_insurance_prosocial,treat,0.005561727067012093,0.03264468696340791,1864,0.24471092495040103
w3_fit_insurance_prosocial,pid_7_c,-0.008313925534826136,0.010303971612903131,1864,0.24471092495040103
w3_fit_insurance_prosocial,covariate_pre_lucid_race_hispanic_binnedBlack_c,-0.01611492695517212,0.11513554238839296,1864,0.24471092495040103
w3_fit_insurance_prosocial,covariate_pre_lucid_race_hispanic_binnedHispanic_c,0.14392642025394817,0.09348977656124485,1864,0.24471092495040103
w3_fit_insurance_prosocial,covariate_pre_lucid_race_hispanic_binnedAAPI_c,0.24207860580673665,0.06785228187405597,1864,0.24471092495040103
w3_fit_insurance_prosocial,covariate_pre_lucid_race_hispanic_binnedOther_c,0.3206504932336232,0.10588674290795314,1864,0.24471092495040103
w3_fit_insurance_prosocial,covariate_pre_lucid_age_c,-0.001033264890559046,0.0014616941541916095,1864,0.24471092495040103
w3_fit_insurance_prosocial,covariate_pre_lucid_genderFemale_c,-0.020527304747339152,0.042944079165749376,1864,0.24471092495040103
w3_fit_insurance_prosocial,"covariate_pre_lucid_household_income_imputed_three_groups$55,000 - $149,999_c",0.0645184023207004,0.05907660846908505,1864,0.24471092495040103
w3_fit_insurance_prosocial,"covariate_pre_lucid_household_income_imputed_three_groups$150,000 and Over_c",0.08604686216676304,0.09912473735782011,1864,0.24471092495040103
w3_fit_insurance_prosocial,covariate_pre_lucid_education_binnedSome College_c,0.006657821299592573,0.054831584787374134,1864,0.24471092495040103
w3_fit_insurance_prosocial,covariate_pre_lucid_education_binnedCollege_c,0.11478695589756961,0.07557679406072959,1864,0.24471092495040103
w3_fit_insurance_prosocial,covariate_pre_ucla_covid_worried_about_continuous_0_1_imputed_c,0.0569020503924245,0.08784516921119924,1864,0.24471092495040103
w3_fit_insurance_prosocial,covariate_pre_ucla_covid_risk_month_continuous_0_1_imputed_c,0.22732089070263778,0.12566940903078577,1864,0.24471092495040103
w3_fit_insurance_prosocial,covariate_pre_ucla_covid_risk_comparative_continuous_0_1_imputed_c,-0.07357974207080542,0.0868600669197926,1864,0.24471092495040103
w3_fit_insurance_prosocial,covariate_pre_ucla_covid_risk_lifetime_continuous_0_1_imputed_c,-0.028728538029354645,0.1079495366739176,1864,0.24471092495040103
w3_fit_insurance_prosocial,covariate_pre_ucla_flu_last_year_yes_binary_imputed_c,0.3731103334393403,0.048888001439001,1864,0.24471092495040103
w3_fit_insurance_prosocial,treat:pid_7_c,0.015484633286375704,0.014319487533085495,1864,0.24471092495040103
w3_fit_insurance_prosocial,treat:covariate_pre_lucid_race_hispanic_binnedBlack_c,0.04018859166724528,0.13745521881042072,1864,0.24471092495040103
w3_fit_insurance_prosocial,treat:covariate_pre_lucid_race_hispanic_binnedHispanic_c,0.13021155516014876,0.11675808036896178,1864,0.24471092495040103
w3_fit_insurance_prosocial,treat:covariate_pre_lucid_race_hispanic_binnedAAPI_c,0.10990191605485364,0.09200245086892844,1864,0.24471092495040103
w3_fit_insurance_prosocial,treat:covariate_pre_lucid_race_hispanic_binnedOther_c,-0.5452464889967217,0.183593138199925,1864,0.24471092495040103
w3_fit_insurance_prosocial,treat:covariate_pre_lucid_age_c,3.8198760419923223e-4,0.0019629945945242033,1864,0.24471092495040103
w3_fit_insurance_prosocial,treat:covariate_pre_lucid_genderFemale_c,-0.08391322632193475,0.06364436995863931,1864,0.24471092495040103
w3_fit_insurance_prosocial,"treat:covariate_pre_lucid_household_income_imputed_three_groups$55,000 - $149,999_c",-0.08605333927600098,0.08034014566774916,1864,0.24471092495040103
w3_fit_insurance_prosocial,"treat:covariate_pre_lucid_household_income_imputed_three_groups$150,000 and Over_c",-0.09582917424800654,0.12270419009103871,1864,0.24471092495040103
w3_fit_insurance_prosocial,treat:covariate_pre_lucid_education_binnedSome College_c,0.028706705706150432,0.08183262995499234,1864,0.24471092495040103
w3_fit_insurance_prosocial,treat:covariate_pre_lucid_education_binnedCollege_c,0.05528667997261824,0.096582846589151,1864,0.24471092495040103
w3_fit_insurance_prosocial,treat:covariate_pre_ucla_covid_worried_about_continuous_0_1_imputed_c,-0.09769845241355851,0.12516785108845596,1864,0.24471092495040103
w3_fit_insurance_prosocial,treat:covariate_pre_ucla_covid_risk_month_continuous_0_1_imputed_c,-0.4058847494548151,0.17096028659621829,1864,0.24471092495040103
w3_fit_insurance_prosocial,treat:covariate_pre_ucla_covid_risk_comparative_continuous_0_1_imputed_c,0.07613206820456034,0.12329264227477302,1864,0.24471092495040103
w3_fit_insurance_prosocial,treat:covariate_pre_ucla_covid_risk_lifetime_continuous_0_1_imputed_c,0.2825075057412441,0.1441389702781998,1864,0.24471092495040103
w3_fit_insurance_prosocial,treat:covariate_pre_ucla_flu_last_year_yes_binary_imputed_c,-0.024822330845783634,0.06820319534369561,1864,0.24471092495040103
w3_fit_insurance_uw,(Intercept),0.6725096014227813,0.010021154772554604,3733,0.16158688187542802
w3_fit_insurance_uw,treat,0.018738997486737897,0.014067240873243198,3733,0.16158688187542802
w3_fit_insurance_uw,pid_7_c,-0.006502338250835879,0.004376546793102098,3733,0.16158688187542802
w3_fit_insurance_uw,covariate_pre_lucid_race_hispanic_binnedBlack_c,-0.07526560196472316,0.044349742135995934,3733,0.16158688187542802
w3_fit_insurance_uw,covariate_pre_lucid_race_hispanic_binnedHispanic_c,-0.014575811598163589,0.037169306881353024,3733,0.16158688187542802
w3_fit_insurance_uw,covariate_pre_lucid_race_hispanic_binnedAAPI_c,0.08414406418347707,0.0505793097333601,3733,0.16158688187542802
w3_fit_insurance_uw,covariate_pre_lucid_race_hispanic_binnedOther_c,0.0831223271325349,0.06242999217109247,3733,0.16158688187542802
w3_fit_insurance_uw,covariate_pre_lucid_age_c,-0.0019988243387841216,7.218591938732953e-4,3733,0.16158688187542802
w3_fit_insurance_uw,covariate_pre_lucid_genderFemale_c,-0.10346820791131106,0.021537029592728404,3733,0.16158688187542802
w3_fit_insurance_uw,"covariate_pre_lucid_household_income_imputed_three_groups$55,000 - $149,999_c",0.027847299077361214,0.024744923154087026,3733,0.16158688187542802
w3_fit_insurance_uw,"covariate_pre_lucid_household_income_imputed_three_groups$150,000 and Over_c",0.10715666593640734,0.03277724646003384,3733,0.16158688187542802
w3_fit_insurance_uw,covariate_pre_lucid_education_binnedSome College_c,-0.0038064445020948795,0.029588378886754054,3733,0.16158688187542802
w3_fit_insurance_uw,covariate_pre_lucid_education_binnedCollege_c,0.10239415080760138,0.029861757350798594,3733,0.16158688187542802
w3_fit_insurance_uw,covariate_pre_ucla_covid_worried_about_continuous_0_1_imputed_c,0.14253268887714587,0.0364986882356508,3733,0.16158688187542802
w3_fit_insurance_uw,covariate_pre_ucla_covid_risk_month_continuous_0_1_imputed_c,0.06926869151184294,0.04733035040381752,3733,0.16158688187542802
w3_fit_insurance_uw,covariate_pre_ucla_covid_risk_comparative_continuous_0_1_imputed_c,-0.08245117624257962,0.037466425512843834,3733,0.16158688187542802
w3_fit_insurance_uw,covariate_pre_ucla_covid_risk_lifetime_continuous_0_1_imputed_c,0.024152787676517965,0.04197397402022682,3733,0.16158688187542802
w3_fit_insurance_uw,covariate_pre_ucla_flu_last_year_yes_binary_imputed_c,0.2522300191752365,0.021630970295300225,3733,0.16158688187542802
w3_fit_insurance_uw,treat:pid_7_c,-6.543755102364395e-4,0.006151506302116253,3733,0.16158688187542802
w3_fit_insurance_uw,treat:covariate_pre_lucid_race_hispanic_binnedBlack_c,0.027097519362626193,0.06082520205955905,3733,0.16158688187542802
w3_fit_insurance_uw,treat:covariate_pre_lucid_race_hispanic_binnedHispanic_c,0.047889558381964153,0.05209445523067321,3733,0.16158688187542802
w3_fit_insurance_uw,treat:covariate_pre_lucid_race_hispanic_binnedAAPI_c,0.08950367209323816,0.07039346982427225,3733,0.16158688187542802
w3_fit_insurance_uw,treat:covariate_pre_lucid_race_hispanic_binnedOther_c,-0.09685099882237505,0.09208236822474378,3733,0.16158688187542802
w3_fit_insurance_uw,treat:covariate_pre_lucid_age_c,0.0010687856191972547,9.984153407781732e-4,3733,0.16158688187542802
w3_fit_insurance_uw,treat:covariate_pre_lucid_genderFemale_c,-0.0066046363827837115,0.030320618420268272,3733,0.16158688187542802
w3_fit_insurance_uw,"treat:covariate_pre_lucid_household_income_imputed_three_groups$55,000 - $149,999_c",-0.0083821859880729,0.03488537347857042,3733,0.16158688187542802
w3_fit_insurance_uw,"treat:covariate_pre_lucid_household_income_imputed_three_groups$150,000 and Over_c",0.038807237457361705,0.043928071433852175,3733,0.16158688187542802
w3_fit_insurance_uw,treat:covariate_pre_lucid_education_binnedSome College_c,0.022789462394768367,0.04136572642876429,3733,0.16158688187542802
w3_fit_insurance_uw,treat:covariate_pre_lucid_education_binnedCollege_c,-0.03113609550247323,0.04229328850300891,3733,0.16158688187542802
w3_fit_insurance_uw,treat:covariate_pre_ucla_covid_worried_about_continuous_0_1_imputed_c,-0.007417052346649229,0.05116191890342425,3733,0.16158688187542802
w3_fit_insurance_uw,treat:covariate_pre_ucla_covid_risk_month_continuous_0_1_imputed_c,-0.036739206950100946,0.06442837523837061,3733,0.16158688187542802
w3_fit_insurance_uw,treat:covariate_pre_ucla_covid_risk_comparative_continuous_0_1_imputed_c,0.03485355496975661,0.051978251574539856,3733,0.16158688187542802
w3_fit_insurance_uw,treat:covariate_pre_ucla_covid_risk_lifetime_continuous_0_1_imputed_c,0.06999836744994535,0.056536747536291516,3733,0.16158688187542802
w3_fit_insurance_uw,treat:covariate_pre_ucla_flu_last_year_yes_binary_imputed_c,-0.02059809843102974,0.030280807607223226,3733,0.16158688187542802
w3_fit_insurance,(Intercept),0.6499971060091319,0.01776324125860613,3733,0.16983063201353776
w3_fit_insurance,treat,0.03303738564584027,0.024597712887220097,3733,0.16983063201353776
w3_fit_insurance,pid_7_c,-0.007658748049888733,0.008000717038203752,3733,0.16983063201353776
w3_fit_insurance,covariate_pre_lucid_race_hispanic_binnedBlack_c,-0.06694488999295617,0.07382139519614983,3733,0.16983063201353776
w3_fit_insurance,covariate_pre_lucid_race_hispanic_binnedHispanic_c,0.11997085978243592,0.06412630476586977,3733,0.16983063201353776
w3_fit_insurance,covariate_pre_lucid_race_hispanic_binnedAAPI_c,0.1173942056294857,0.07353692046533247,3733,0.16983063201353776
w3_fit_insurance,covariate_pre_lucid_race_hispanic_binnedOther_c,0.2522682822013465,0.08409025125014881,3733,0.16983063201353776
w3_fit_insurance,covariate_pre_lucid_age_c,-8.804091136977468e-4,0.001081193455655261,3733,0.16983063201353776
w3_fit_insurance,covariate_pre_lucid_genderFemale_c,-0.02442869557263946,0.03535212033658831,3733,0.16983063201353776
w3_fit_insurance,"covariate_pre_lucid_household_income_imputed_three_groups$55,000 - $149,999_c",0.0366910558490813,0.042231717912342405,3733,0.16983063201353776
w3_fit_insurance,"covariate_pre_lucid_household_income_imputed_three_groups$150,000 and Over_c",0.06480838899834421,0.0640427214382188,3733,0.16983063201353776
w3_fit_insurance,covariate_pre_lucid_education_binnedSome College_c,-0.02119804706371593,0.04438465608523203,3733,0.16983063201353776
w3_fit_insurance,covariate_pre_lucid_education_binnedCollege_c,0.10361418201813331,0.05063686427362817,3733,0.16983063201353776
w3_fit_insurance,covariate_pre_ucla_covid_worried_about_continuous_0_1_imputed_c,0.11990004430445565,0.0658546995232186,3733,0.16983063201353776
w3_fit_insurance,covariate_pre_ucla_covid_risk_month_continuous_0_1_imputed_c,0.023128276451250866,0.0896941304658038,3733,0.16983063201353776
w3_fit_insurance,covariate_pre_ucla_covid_risk_comparative_continuous_0_1_imputed_c,-0.016085640077303315,0.06287503359959269,3733,0.16983063201353776
w3_fit_insurance,covariate_pre_ucla_covid_risk_lifetime_continuous_0_1_imputed_c,0.0035216617180777866,0.07789009759110829,3733,0.16983063201353776
w3_fit_insurance,covariate_pre_ucla_flu_last_year_yes_binary_imputed_c,0.3158981052889178,0.037480355072343305,3733,0.16983063201353776
w3_fit_insurance,treat:pid_7_c,0.008243776984903105,0.010857407320667046,3733,0.16983063201353776
w3_fit_insurance,treat:covariate_pre_lucid_race_hispanic_binnedBlack_c,0.0030934475577249626,0.0974669238806396,3733,0.16983063201353776
w3_fit_insurance,treat:covariate_pre_lucid_race_hispanic_binnedHispanic_c,0.048007821753808716,0.08387152764804914,3733,0.16983063201353776
w3_fit_insurance,treat:covariate_pre_lucid_race_hispanic_binnedAAPI_c,0.11829589053693282,0.09504500165067611,3733,0.16983063201353776
w3_fit_insurance,treat:covariate_pre_lucid_race_hispanic_binnedOther_c,-0.30501507017704294,0.13766041223443273,3733,0.16983063201353776
w3_fit_insurance,treat:covariate_pre_lucid_age_c,4.7720814926712006e-4,0.001501868655884408,3733,0.16983063201353776
w3_fit_insurance,treat:covariate_pre_lucid_genderFemale_c,-0.055295271210300506,0.049902380542387895,3733,0.16983063201353776
w3_fit_insurance,"treat:covariate_pre_lucid_household_income_imputed_three_groups$55,000 - $149,999_c",-0.004979792653506749,0.058794665511416204,3733,0.16983063201353776
w3_fit_insurance,"treat:covariate_pre_lucid_household_income_imputed_three_groups$150,000 and Over_c",0.015316179431587754,0.08295137591688063,3733,0.16983063201353776
w3_fit_insurance,treat:covariate_pre_lucid_education_binnedSome College_c,0.026499991041742867,0.06291548892591826,3733,0.16983063201353776
w3_fit_insurance,treat:covariate_pre_lucid_education_binnedCollege_c,-0.03738663576027709,0.06883164081430963,3733,0.16983063201353776
w3_fit_insurance,treat:covariate_pre_ucla_covid_worried_about_continuous_0_1_imputed_c,-0.0693378286932562,0.0946043185955898,3733,0.16983063201353776
w3_fit_insurance,treat:covariate_pre_ucla_covid_risk_month_continuous_0_1_imputed_c,-0.08410929203242709,0.12054901903352563,3733,0.16983063201353776
w3_fit_insurance,treat:covariate_pre_ucla_covid_risk_comparative_continuous_0_1_imputed_c,0.04390394996768023,0.08961944799144789,3733,0.16983063201353776
w3_fit_insurance,treat:covariate_pre_ucla_covid_risk_lifetime_continuous_0_1_imputed_c,0.12655326551769003,0.10679521977287752,3733,0.16983063201353776
w3_fit_insurance,treat:covariate_pre_ucla_flu_last_year_yes_binary_imputed_c,-0.0220257834310238,0.05237088649728318,3733,0.16983063201353776
w3_fit_pharmacy_not_prosocial_uw,(Intercept),0.6806829541420385,0.01424116028611147,1871,0.16032144768981293
w3_fit_pharmacy_not_prosocial_uw,treat,0.023293371532772816,0.019834095748414916,1871,0.16032144768981293
w3_fit_pharmacy_not_prosocial_uw,pid_7_c,-0.009834742675801339,0.00621713136366188,1871,0.16032144768981293
w3_fit_pharmacy_not_prosocial_uw,covariate_pre_lucid_race_hispanic_binnedBlack_c,-0.10568870930402054,0.06182621743107454,1871,0.16032144768981293
w3_fit_pharmacy_not_prosocial_uw,covariate_pre_lucid_race_hispanic_binnedHispanic_c,-0.029239346298473405,0.05280870750200084,1871,0.16032144768981293
w3_fit_pharmacy_not_prosocial_uw,covariate_pre_lucid_race_hispanic_binnedAAPI_c,0.09486305399352077,0.07094335207555695,1871,0.16032144768981293
w3_fit_pharmacy_not_prosocial_uw,covariate_pre_lucid_race_hispanic_binnedOther_c,0.09114162923595201,0.0948475880066665,1871,0.16032144768981293
w3_fit_pharmacy_not_prosocial_uw,covariate_pre_lucid_age_c,-0.0016362630391910469,0.001005913179316651,1871,0.16032144768981293
w3_fit_pharmacy_not_prosocial_uw,covariate_pre_lucid_genderFemale_c,-0.11643240105448482,0.03099775637167275,1871,0.16032144768981293
w3_fit_pharmacy_not_prosocial_uw,"covariate_pre_lucid_household_income_imputed_three_groups$55,000 - $149,999_c",0.02652001327372257,0.03601348956456306,1871,0.16032144768981293
w3_fit_pharmacy_not_prosocial_uw,"covariate_pre_lucid_household_income_imputed_three_groups$150,000 and Over_c",0.0941440917227457,0.047410642946876455,1871,0.16032144768981293
w3_fit_pharmacy_not_prosocial_uw,covariate_pre_lucid_education_binnedSome College_c,-0.024860859692415,0.04276164451255797,1871,0.16032144768981293
w3_fit_pharmacy_not_prosocial_uw,covariate_pre_lucid_education_binnedCollege_c,0.08685847659682991,0.043067388902587746,1871,0.16032144768981293
w3_fit_pharmacy_not_prosocial_uw,covariate_pre_ucla_covid_worried_about_continuous_0_1_imputed_c,0.19647138425817823,0.05419263936242301,1871,0.16032144768981293
w3_fit_pharmacy_not_prosocial_uw,covariate_pre_ucla_covid_risk_month_continuous_0_1_imputed_c,-0.030686117751121133,0.06856725436894598,1871,0.16032144768981293
w3_fit_pharmacy_not_prosocial_uw,covariate_pre_ucla_covid_risk_comparative_continuous_0_1_imputed_c,-0.08371377466498105,0.05552789580206016,1871,0.16032144768981293
w3_fit_pharmacy_not_prosocial_uw,covariate_pre_ucla_covid_risk_lifetime_continuous_0_1_imputed_c,0.032081919817908484,0.059179734727289275,1871,0.16032144768981293
w3_fit_pharmacy_not_prosocial_uw,covariate_pre_ucla_flu_last_year_yes_binary_imputed_c,0.2233186073754799,0.030808284700763123,1871,0.16032144768981293
w3_fit_pharmacy_not_prosocial_uw,treat:pid_7_c,0.003103893328077385,0.008420926843379624,1871,0.16032144768981293
w3_fit_pharmacy_not_prosocial_uw,treat:covariate_pre_lucid_race_hispanic_binnedBlack_c,-0.11418069211116853,0.08213802690741386,1871,0.16032144768981293
w3_fit_pharmacy_not_prosocial_uw,treat:covariate_pre_lucid_race_hispanic_binnedHispanic_c,-0.022639373024835263,0.07216690904370947,1871,0.16032144768981293
w3_fit_pharmacy_not_prosocial_uw,treat:covariate_pre_lucid_race_hispanic_binnedAAPI_c,-0.1673264785936252,0.10870064381156196,1871,0.16032144768981293
w3_fit_pharmacy_not_prosocial_uw,treat:covariate_pre_lucid_race_hispanic_binnedOther_c,-0.19685015231964065,0.1303305593158748,1871,0.16032144768981293
w3_fit_pharmacy_not_prosocial_uw,treat:covariate_pre_lucid_age_c,-0.0015840691384755826,0.0014176876288316872,1871,0.16032144768981293
w3_fit_pharmacy_not_prosocial_uw,treat:covariate_pre_lucid_genderFemale_c,-0.012000670157463771,0.04315832040908889,1871,0.16032144768981293
w3_fit_pharmacy_not_prosocial_uw,"treat:covariate_pre_lucid_household_income_imputed_three_groups$55,000 - $149,999_c",-0.03307844634142534,0.04922773683767263,1871,0.16032144768981293
w3_fit_pharmacy_not_prosocial_uw,"treat:covariate_pre_lucid_household_income_imputed_three_groups$150,000 and Over_c",-0.0467228712556169,0.06244721647834709,1871,0.16032144768981293
w3_fit_pharmacy_not_prosocial_uw,treat:covariate_pre_lucid_education_binnedSome College_c,0.0017872075447240752,0.059708808050928756,1871,0.16032144768981293
w3_fit_pharmacy_not_prosocial_uw,treat:covariate_pre_lucid_education_binnedCollege_c,-0.004959175198765783,0.05856766811698003,1871,0.16032144768981293
w3_fit_pharmacy_not_prosocial_uw,treat:covariate_pre_ucla_covid_worried_about_continuous_0_1_imputed_c,0.00826607934981338,0.07455386907765085,1871,0.16032144768981293
w3_fit_pharmacy_not_prosocial_uw,treat:covariate_pre_ucla_covid_risk_month_continuous_0_1_imputed_c,0.056726271914917054,0.09443358115937091,1871,0.16032144768981293
w3_fit_pharmacy_not_prosocial_uw,treat:covariate_pre_ucla_covid_risk_comparative_continuous_0_1_imputed_c,0.0736605842870992,0.07609866071513384,1871,0.16032144768981293
w3_fit_pharmacy_not_prosocial_uw,treat:covariate_pre_ucla_covid_risk_lifetime_continuous_0_1_imputed_c,-0.1253059585465262,0.08273718363427705,1871,0.16032144768981293
w3_fit_pharmacy_not_prosocial_uw,treat:covariate_pre_ucla_flu_last_year_yes_binary_imputed_c,-0.02114619710251977,0.042708318382788414,1871,0.16032144768981293
w3_fit_pharmacy_not_prosocial,(Intercept),0.6419472464120821,0.025968251209157838,1871,0.15488650140241766
w3_fit_pharmacy_not_prosocial,treat,0.037235866294790726,0.03576597609553315,1871,0.15488650140241766
w3_fit_pharmacy_not_prosocial,pid_7_c,-0.0055171554604146085,0.012251925872757195,1871,0.15488650140241766
w3_fit_pharmacy_not_prosocial,covariate_pre_lucid_race_hispanic_binnedBlack_c,-0.0778696777826976,0.09930385940085244,1871,0.15488650140241766
w3_fit_pharmacy_not_prosocial,covariate_pre_lucid_race_hispanic_binnedHispanic_c,0.1363817016858214,0.08748760040040308,1871,0.15488650140241766
w3_fit_pharmacy_not_prosocial,covariate_pre_lucid_race_hispanic_binnedAAPI_c,0.009084478137399729,0.1150735414200741,1871,0.15488650140241766
w3_fit_pharmacy_not_prosocial,covariate_pre_lucid_race_hispanic_binnedOther_c,0.16716951302589364,0.1244219260409055,1871,0.15488650140241766
w3_fit_pharmacy_not_prosocial,covariate_pre_lucid_age_c,-3.565450580797683e-4,0.0015727119905174294,1871,0.15488650140241766
w3_fit_pharmacy_not_prosocial,covariate_pre_lucid_genderFemale_c,-0.02032777487267346,0.054074104551008646,1871,0.15488650140241766
w3_fit_pharmacy_not_prosocial,"covariate_pre_lucid_household_income_imputed_three_groups$55,000 - $149,999_c",0.0020175049371788847,0.06188364452582819,1871,0.15488650140241766
w3_fit_pharmacy_not_prosocial,"covariate_pre_lucid_household_income_imputed_three_groups$150,000 and Over_c",0.06463738533047766,0.08475505374136193,1871,0.15488650140241766
w3_fit_pharmacy_not_prosocial,covariate_pre_lucid_education_binnedSome College_c,-0.05937709000319492,0.06593282921565469,1871,0.15488650140241766
w3_fit_pharmacy_not_prosocial,covariate_pre_lucid_education_binnedCollege_c,0.08680353245354064,0.07038660699666116,1871,0.15488650140241766
w3_fit_pharmacy_not_prosocial,covariate_pre_ucla_covid_worried_about_continuous_0_1_imputed_c,0.1725908026182463,0.09885136901322153,1871,0.15488650140241766
w3_fit_pharmacy_not_prosocial,covariate_pre_ucla_covid_risk_month_continuous_0_1_imputed_c,-0.17248619449949376,0.1257173907637825,1871,0.15488650140241766
w3_fit_pharmacy_not_prosocial,covariate_pre_ucla_covid_risk_comparative_continuous_0_1_imputed_c,0.04625435992417129,0.0922599596028747,1871,0.15488650140241766
w3_fit_pharmacy_not_prosocial,covariate_pre_ucla_covid_risk_lifetime_continuous_0_1_imputed_c,0.01261948891300767,0.10673242529404885,1871,0.15488650140241766
w3_fit_pharmacy_not_prosocial,covariate_pre_ucla_flu_last_year_yes_binary_imputed_c,0.26483733436826334,0.05539927418298809,1871,0.15488650140241766
w3_fit_pharmacy_not_prosocial,treat:pid_7_c,-0.009423367489145129,0.015730368771925525,1871,0.15488650140241766
w3_fit_pharmacy_not_prosocial,treat:covariate_pre_lucid_race_hispanic_binnedBlack_c,-0.13100209931932275,0.13317808416336652,1871,0.15488650140241766
w3_fit_pharmacy_not_prosocial,treat:covariate_pre_lucid_race_hispanic_binnedHispanic_c,-0.2098950542756465,0.12041384458974835,1871,0.15488650140241766
w3_fit_pharmacy_not_prosocial,treat:covariate_pre_lucid_race_hispanic_binnedAAPI_c,-0.1276733514303511,0.16704958674026882,1871,0.15488650140241766
w3_fit_pharmacy_not_prosocial,treat:covariate_pre_lucid_race_hispanic_binnedOther_c,-0.24243648021592107,0.19344497232465552,1871,0.15488650140241766
w3_fit_pharmacy_not_prosocial,treat:covariate_pre_lucid_age_c,-0.0013851831191219093,0.0021647568850158344,1871,0.15488650140241766
w3_fit_pharmacy_not_prosocial,treat:covariate_pre_lucid_genderFemale_c,-0.10909206689984938,0.07395941184263581,1871,0.15488650140241766
w3_fit_pharmacy_not_prosocial,"treat:covariate_pre_lucid_household_income_imputed_three_groups$55,000 - $149,999_c",0.02374105012968238,0.08510234047612757,1871,0.15488650140241766
w3_fit_pharmacy_not_prosocial,"treat:covariate_pre_lucid_household_income_imputed_three_groups$150,000 and Over_c",0.0958852438360009,0.1072418992325156,1871,0.15488650140241766
w3_fit_pharmacy_not_prosocial,treat:covariate_pre_lucid_education_binnedSome College_c,0.061517311535756194,0.0906556804551343,1871,0.15488650140241766
w3_fit_pharmacy_not_prosocial,treat:covariate_pre_lucid_education_binnedCollege_c,3.5936746813950544e-4,0.09375912150533765,1871,0.15488650140241766
w3_fit_pharmacy_not_prosocial,treat:covariate_pre_ucla_covid_worried_about_continuous_0_1_imputed_c,0.009837312330719395,0.1379015936815369,1871,0.15488650140241766
w3_fit_pharmacy_not_prosocial,treat:covariate_pre_ucla_covid_risk_month_continuous_0_1_imputed_c,0.1301928705139838,0.17262398810106114,1871,0.15488650140241766
w3_fit_pharmacy_not_prosocial,treat:covariate_pre_ucla_covid_risk_comparative_continuous_0_1_imputed_c,0.0480184181455696,0.1346808916341971,1871,0.15488650140241766
w3_fit_pharmacy_not_prosocial,treat:covariate_pre_ucla_covid_risk_lifetime_continuous_0_1_imputed_c,-0.16409320217138698,0.1423062273770566,1871,0.15488650140241766
w3_fit_pharmacy_not_prosocial,treat:covariate_pre_ucla_flu_last_year_yes_binary_imputed_c,-0.05303058485034514,0.0745342161025293,1871,0.15488650140241766
w3_fit_pharmacy_prosocial_uw,(Intercept),0.6581172746685634,0.014375314185476174,1864,0.1860597831035482
w3_fit_pharmacy_prosocial_uw,treat,0.027128207009342906,0.01993236560688063,1864,0.1860597831035482
w3_fit_pharmacy_prosocial_uw,pid_7_c,-0.0032663407009935496,0.006304827198504827,1864,0.1860597831035482
w3_fit_pharmacy_prosocial_uw,covariate_pre_lucid_race_hispanic_binnedBlack_c,-0.035419296450551155,0.06448095436774132,1864,0.1860597831035482
w3_fit_pharmacy_prosocial_uw,covariate_pre_lucid_race_hispanic_binnedHispanic_c,0.006318718622560203,0.05294638375712262,1864,0.1860597831035482
w3_fit_pharmacy_prosocial_uw,covariate_pre_lucid_race_hispanic_binnedAAPI_c,0.06994938376309545,0.07192538593378155,1864,0.1860597831035482
w3_fit_pharmacy_prosocial_uw,covariate_pre_lucid_race_hispanic_binnedOther_c,0.08995179833619503,0.0825888908328416,1864,0.1860597831035482
w3_fit_pharmacy_prosocial_uw,covariate_pre_lucid_age_c,-0.002270456593515228,0.0010509442563701515,1864,0.1860597831035482
w3_fit_pharmacy_prosocial_uw,covariate_pre_lucid_genderFemale_c,-0.08808778418950793,0.030592741676068437,1864,0.1860597831035482
w3_fit_pharmacy_prosocial_uw,"covariate_pre_lucid_household_income_imputed_three_groups$55,000 - $149,999_c",0.03864970238688242,0.03494410811248948,1864,0.1860597831035482
w3_fit_pharmacy_prosocial_uw,"covariate_pre_lucid_household_income_imputed_three_groups$150,000 and Over_c",0.12537670188132605,0.04559984309799503,1864,0.1860597831035482
w3_fit_pharmacy_prosocial_uw,covariate_pre_lucid_education_binnedSome College_c,0.018636242767530335,0.04130065068727935,1864,0.1860597831035482
w3_fit_pharmacy_prosocial_uw,covariate_pre_lucid_education_binnedCollege_c,0.11909844943995665,0.0416056008267691,1864,0.1860597831035482
w3_fit_pharmacy_prosocial_uw,covariate_pre_ucla_covid_worried_about_continuous_0_1_imputed_c,0.09324443068826743,0.05007591294054192,1864,0.1860597831035482
w3_fit_pharmacy_prosocial_uw,covariate_pre_ucla_covid_risk_month_continuous_0_1_imputed_c,0.1574837360832959,0.06674249878920435,1864,0.1860597831035482
w3_fit_pharmacy_prosocial_uw,covariate_pre_ucla_covid_risk_comparative_continuous_0_1_imputed_c,-0.07819750838398826,0.05144165009206939,1864,0.1860597831035482
w3_fit_pharmacy_prosocial_uw,covariate_pre_ucla_covid_risk_lifetime_continuous_0_1_imputed_c,0.00892558432361515,0.06036001776533541,1864,0.1860597831035482
w3_fit_pharmacy_prosocial_uw,covariate_pre_ucla_flu_last_year_yes_binary_imputed_c,0.28351974420499493,0.030684269382502693,1864,0.1860597831035482
w3_fit_pharmacy_prosocial_uw,treat:pid_7_c,-0.008765079668931112,0.008621417502856488,1864,0.1860597831035482
w3_fit_pharmacy_prosocial_uw,treat:covariate_pre_lucid_race_hispanic_binnedBlack_c,-0.067265089922684207,0.08655042296793881,1864,0.1860597831035482
w3_fit_pharmacy_prosocial_uw,treat:covariate_pre_lucid_race_hispanic_binnedHispanic_c,0.01367510189569288,0.07423751845634635,1864,0.1860597831035482
w3_fit_pharmacy_prosocial_uw,treat:covariate_pre_lucid_race_hispanic_binnedAAPI_c,-0.11487637521996208,0.11688068966061746,1864,0.1860597831035482
w3_fit_pharmacy_prosocial_uw,treat:covariate_pre_lucid_race_hispanic_binnedOther_c,-0.1812604968479566,0.11310323192042002,1864,0.1860597831035482
w3_fit_pharmacy_prosocial_uw,treat:covariate_pre_lucid_age_c,0.0018959012790099544,0.0014484674435112394,1864,0.1860597831035482
w3_fit_pharmacy_prosocial_uw,treat:covariate_pre_lucid_genderFemale_c,-0.06768123873925977,0.042777383051098634,1864,0.1860597831035482
w3_fit_pharmacy_prosocial_uw,"treat:covariate_pre_lucid_household_income_imputed_three_groups$55,000 - $149,999_c",-0.02639733552232522,0.04896349540418569,1864,0.1860597831035482
w3_fit_pharmacy_prosocial_uw,"treat:covariate_pre_lucid_household_income_imputed_three_groups$150,000 and Over_c",-0.03762982721711319,0.0625962123833071,1864,0.1860597831035482
w3_fit_pharmacy_prosocial_uw,treat:covariate_pre_lucid_education_binnedSome College_c,0.04319340232214093,0.057295302356325184,1864,0.1860597831035482
w3_fit_pharmacy_prosocial_uw,treat:covariate_pre_lucid_education_binnedCollege_c,-0.02798935098460356,0.0585463940518401,1864,0.1860597831035482
w3_fit_pharmacy_prosocial_uw,treat:covariate_pre_ucla_covid_worried_about_continuous_0_1_imputed_c,0.049202431955947694,0.07172929507081502,1864,0.1860597831035482
w3_fit_pharmacy_prosocial_uw,treat:covariate_pre_ucla_covid_risk_month_continuous_0_1_imputed_c,-0.004517234805325121,0.09477765835761913,1864,0.1860597831035482
w3_fit_pharmacy_prosocial_uw,treat:covariate_pre_ucla_covid_risk_comparative_continuous_0_1_imputed_c,-0.010755062026737056,0.0732739559580535,1864,0.1860597831035482
w3_fit_pharmacy_prosocial_uw,treat:covariate_pre_ucla_covid_risk_lifetime_continuous_0_1_imputed_c,-0.05232084916698659,0.0855678127723736,1864,0.1860597831035482
w3_fit_pharmacy_prosocial_uw,treat:covariate_pre_ucla_flu_last_year_yes_binary_imputed_c,-0.021013866635828906,0.042688482509908234,1864,0.1860597831035482
w3_fit_pharmacy_prosocial,(Intercept),0.6528188770426099,0.02393043128726609,1864,0.21797601393534372
w3_fit_pharmacy_prosocial,treat,0.035362185769818574,0.03382198637560059,1864,0.21797601393534372
w3_fit_pharmacy_prosocial,pid_7_c,-0.008313925534826145,0.010303971612903117,1864,0.21797601393534372
w3_fit_pharmacy_prosocial,covariate_pre_lucid_race_hispanic_binnedBlack_c,-0.01611492695517203,0.11513554238839285,1864,0.21797601393534372
w3_fit_pharmacy_prosocial,covariate_pre_lucid_race_hispanic_binnedHispanic_c,0.14392642025394817,0.09348977656124466,1864,0.21797601393534372
w3_fit_pharmacy_prosocial,covariate_pre_lucid_race_hispanic_binnedAAPI_c,0.24207860580673699,0.06785228187405584,1864,0.21797601393534372
w3_fit_pharmacy_prosocial,covariate_pre_lucid_race_hispanic_binnedOther_c,0.3206504932336233,0.10588674290795325,1864,0.21797601393534372
w3_fit_pharmacy_prosocial,covariate_pre_lucid_age_c,-0.0010332648905590448,0.0014616941541916088,1864,0.21797601393534372
w3_fit_pharmacy_prosocial,covariate_pre_lucid_genderFemale_c,-0.020527304747339038,0.042944079165749376,1864,0.21797601393534372
w3_fit_pharmacy_prosocial,"covariate_pre_lucid_household_income_imputed_three_groups$55,000 - $149,999_c",0.06451840232070061,0.059076608469084975,1864,0.21797601393534372
w3_fit_pharmacy_prosocial,"covariate_pre_lucid_household_income_imputed_three_groups$150,000 and Over_c",0.08604686216676345,0.09912473735782003,1864,0.21797601393534372
w3_fit_pharmacy_prosocial,covariate_pre_lucid_education_binnedSome College_c,0.006657821299592474,0.0548315847873741,1864,0.21797601393534372
w3_fit_pharmacy_prosocial,covariate_pre_lucid_education_binnedCollege_c,0.11478695589756929,0.0755767940607295,1864,0.21797601393534372
w3_fit_pharmacy_prosocial,covariate_pre_ucla_covid_worried_about_continuous_0_1_imputed_c,0.05690205039242432,0.08784516921119924,1864,0.21797601393534372
w3_fit_pharmacy_prosocial,covariate_pre_ucla_covid_risk_month_continuous_0_1_imputed_c,0.22732089070263803,0.12566940903078622,1864,0.21797601393534372
w3_fit_pharmacy_prosocial,covariate_pre_ucla_covid_risk_comparative_continuous_0_1_imputed_c,-0.07357974207080552,0.08686006691979259,1864,0.21797601393534372
w3_fit_pharmacy_prosocial,covariate_pre_ucla_covid_risk_lifetime_continuous_0_1_imputed_c,-0.028728538029354368,0.10794953667391768,1864,0.21797601393534372
w3_fit_pharmacy_prosocial,covariate_pre_ucla_flu_last_year_yes_binary_imputed_c,0.3731103334393397,0.048888001439000926,1864,0.21797601393534372
w3_fit_pharmacy_prosocial,treat:pid_7_c,-0.0012726830943531704,0.014866135635408484,1864,0.21797601393534372
w3_fit_pharmacy_prosocial,treat:covariate_pre_lucid_race_hispanic_binnedBlack_c,-0.12198615011374114,0.15211765211304196,1864,0.21797601393534372
w3_fit_pharmacy_prosocial,treat:covariate_pre_lucid_race_hispanic_binnedHispanic_c,-0.08237150849052054,0.1265739982851851,1864,0.21797601393534372
w3_fit_pharmacy_prosocial,treat:covariate_pre_lucid_race_hispanic_binnedAAPI_c,-0.20155852372530741,0.13842776405582713,1864,0.21797601393534372
w3_fit_pharmacy_prosocial,treat:covariate_pre_lucid_race_hispanic_binnedOther_c,-0.3404777972879987,0.14918080478370677,1864,0.21797601393534372
w3_fit_pharmacy_prosocial,treat:covariate_pre_lucid_age_c,0.0021906129695107293,0.0020680229067820753,1864,0.21797601393534372
w3_fit_pharmacy_prosocial,treat:covariate_pre_lucid_genderFemale_c,-0.04805988075130584,0.06551108914032387,1864,0.21797601393534372
w3_fit_pharmacy_prosocial,"treat:covariate_pre_lucid_household_income_imputed_three_groups$55,000 - $149,999_c",-0.06215959311078302,0.08220577007160869,1864,0.21797601393534372
w3_fit_pharmacy_prosocial,"treat:covariate_pre_lucid_household_income_imputed_three_groups$150,000 and Over_c",-0.048936602578513816,0.12535717207963828,1864,0.21797601393534372
w3_fit_pharmacy_prosocial,treat:covariate_pre_lucid_education_binnedSome College_c,0.012101024508866201,0.0821541686229458,1864,0.21797601393534372
w3_fit_pharmacy_prosocial,treat:covariate_pre_lucid_education_binnedCollege_c,-0.06133798645867985,0.10045282020972043,1864,0.21797601393534372
w3_fit_pharmacy_prosocial,treat:covariate_pre_ucla_covid_worried_about_continuous_0_1_imputed_c,0.11773802797404553,0.13294734341263786,1864,0.21797601393534372
w3_fit_pharmacy_prosocial,treat:covariate_pre_ucla_covid_risk_month_continuous_0_1_imputed_c,-0.166445528359139,0.18446420302009028,1864,0.21797601393534372
w3_fit_pharmacy_prosocial,treat:covariate_pre_ucla_covid_risk_comparative_continuous_0_1_imputed_c,0.0880058960210784,0.12708768025155304,1864,0.21797601393534372
w3_fit_pharmacy_prosocial,treat:covariate_pre_ucla_covid_risk_lifetime_continuous_0_1_imputed_c,-0.024134519066833122,0.15666202137518617,1864,0.21797601393534372
w3_fit_pharmacy_prosocial,treat:covariate_pre_ucla_flu_last_year_yes_binary_imputed_c,-0.04110960226166245,0.07054996347485232,1864,0.21797601393534372
w3_fit_pharmacy_uw,(Intercept),0.6690884162183205,0.010086088486680364,3735,0.167664404104226
w3_fit_pharmacy_uw,treat,0.026199870807653076,0.014022087288665577,3735,0.167664404104226
w3_fit_pharmacy_uw,pid_7_c,-0.006502338250835969,0.004376536022649494,3735,0.167664404104226
w3_fit_pharmacy_uw,covariate_pre_lucid_race_hispanic_binnedBlack_c,-0.07526560196472411,0.044349632993602464,3735,0.167664404104226
w3_fit_pharmacy_uw,covariate_pre_lucid_race_hispanic_binnedHispanic_c,-0.01457581159816345,0.03716921540963389,3735,0.167664404104226
w3_fit_pharmacy_uw,covariate_pre_lucid_race_hispanic_binnedAAPI_c,0.08414406418347657,0.05057918526032593,3735,0.167664404104226
w3_fit_pharmacy_uw,covariate_pre_lucid_race_hispanic_binnedOther_c,0.08312232713253251,0.062429838534148976,3735,0.167664404104226
w3_fit_pharmacy_uw,covariate_pre_lucid_age_c,-0.001998824338784123,7.218574174156011e-4,3735,0.167664404104226
w3_fit_pharmacy_uw,covariate_pre_lucid_genderFemale_c,-0.10346820791131077,0.021536976591225884,3735,0.167664404104226
w3_fit_pharmacy_uw,"covariate_pre_lucid_household_income_imputed_three_groups$55,000 - $149,999_c",0.027847299077361182,0.02474486225812637,3735,0.167664404104226
w3_fit_pharmacy_uw,"covariate_pre_lucid_household_income_imputed_three_groups$150,000 and Over_c",0.10715666593640745,0.03277716579694606,3735,0.167664404104226
w3_fit_pharmacy_uw,covariate_pre_lucid_education_binnedSome College_c,-0.0038064445020945053,0.029588306071302334,3735,0.167664404104226
w3_fit_pharmacy_uw,covariate_pre_lucid_education_binnedCollege_c,0.10239415080760197,0.02986168386257685,3735,0.167664404104226
w3_fit_pharmacy_uw,covariate_pre_ucla_covid_worried_about_continuous_0_1_imputed_c,0.14253268887714612,0.03649859841428963,3735,0.167664404104226
w3_fit_pharmacy_uw,covariate_pre_ucla_covid_risk_month_continuous_0_1_imputed_c,0.06926869151184312,0.047330233926302645,3735,0.167664404104226
w3_fit_pharmacy_uw,covariate_pre_ucla_covid_risk_comparative_continuous_0_1_imputed_c,-0.08245117624257974,0.03746633330993175,3735,0.167664404104226
w3_fit_pharmacy_uw,covariate_pre_ucla_covid_risk_lifetime_continuous_0_1_imputed_c,0.024152787676518208,0.041973870724473804,3735,0.167664404104226
w3_fit_pharmacy_uw,covariate_pre_ucla_flu_last_year_yes_binary_imputed_c,0.25223001917523663,0.02163091706261461,3735,0.167664404104226
w3_fit_pharmacy_uw,treat:pid_7_c,-0.0030092452184702,0.00598209276143127,3735,0.167664404104226
w3_fit_pharmacy_uw,treat:covariate_pre_lucid_race_hispanic_binnedBlack_c,-0.08224665286724625,0.05932515192703672,3735,0.167664404104226
w3_fit_pharmacy_uw,treat:covariate_pre_lucid_race_hispanic_binnedHispanic_c,-0.005595537004385198,0.05168447378899138,3735,0.167664404104226
w3_fit_pharmacy_uw,treat:covariate_pre_lucid_race_hispanic_binnedAAPI_c,-0.13659729508371088,0.07929580426656031,3735,0.167664404104226
w3_fit_pharmacy_uw,treat:covariate_pre_lucid_race_hispanic_binnedOther_c,-0.18060007806767622,0.08566272923870032,3735,0.167664404104226
w3_fit_pharmacy_uw,treat:covariate_pre_lucid_age_c,2.0362648893011432e-4,0.001010857014672191,3735,0.167664404104226
w3_fit_pharmacy_uw,treat:covariate_pre_lucid_genderFemale_c,-0.03787299390103258,0.03011032697855204,3735,0.167664404104226
w3_fit_pharmacy_uw,"treat:covariate_pre_lucid_household_income_imputed_three_groups$55,000 - $149,999_c",-0.024266329203342818,0.03435520104706715,3735,0.167664404104226
w3_fit_pharmacy_uw,"treat:covariate_pre_lucid_household_income_imputed_three_groups$150,000 and Over_c",-0.042454745784177475,0.04389269334296869,3735,0.167664404104226
w3_fit_pharmacy_uw,treat:covariate_pre_lucid_education_binnedSome College_c,0.024849758474914337,0.04126027548273383,3735,0.167664404104226
w3_fit_pharmacy_uw,treat:covariate_pre_lucid_education_binnedCollege_c,-0.012411344693588181,0.04122003860938765,3735,0.167664404104226
w3_fit_pharmacy_uw,treat:covariate_pre_ucla_covid_worried_about_continuous_0_1_imputed_c,0.03380677287674155,0.051228251851310504,3735,0.167664404104226
w3_fit_pharmacy_uw,treat:covariate_pre_ucla_covid_risk_month_continuous_0_1_imputed_c,0.012502714407030604,0.06640469983924605,3735,0.167664404104226
w3_fit_pharmacy_uw,treat:covariate_pre_ucla_covid_risk_comparative_continuous_0_1_imputed_c,0.03117377416571225,0.05239502721266091,3735,0.167664404104226
w3_fit_pharmacy_uw,treat:covariate_pre_ucla_covid_risk_lifetime_continuous_0_1_imputed_c,-0.0950565997672082,0.059166698985683844,3735,0.167664404104226
w3_fit_pharmacy_uw,treat:covariate_pre_ucla_flu_last_year_yes_binary_imputed_c,-0.019061868455955346,0.030056864327953372,3735,0.167664404104226
w3_fit_pharmacy,(Intercept),0.6452660176981446,0.017847791564852996,3735,0.16978527663326215
w3_fit_pharmacy,treat,0.03890682972563536,0.024760905010945803,3735,0.16978527663326215
w3_fit_pharmacy,pid_7_c,-0.007658748049888757,0.008000697348857909,3735,0.16978527663326215
w3_fit_pharmacy,covariate_pre_lucid_race_hispanic_binnedBlack_c,-0.06694488999295618,0.07382121352556018,3735,0.16978527663326215
w3_fit_pharmacy,covariate_pre_lucid_race_hispanic_binnedHispanic_c,0.119970859782436,0.06412614695439021,3735,0.16978527663326215
w3_fit_pharmacy,covariate_pre_lucid_race_hispanic_binnedAAPI_c,0.1173942056294856,0.07353673949482044,3735,0.16978527663326215
w3_fit_pharmacy,covariate_pre_lucid_race_hispanic_binnedOther_c,0.25226828220134606,0.08409004430844193,3735,0.16978527663326215
w3_fit_pharmacy,covariate_pre_lucid_age_c,-8.804091136977397e-4,0.0010811907948947593,3735,0.16978527663326215
w3_fit_pharmacy,covariate_pre_lucid_genderFemale_c,-0.024428695572639544,0.03535203333687066,3735,0.16978527663326215
w3_fit_pharmacy,"covariate_pre_lucid_household_income_imputed_three_groups$55,000 - $149,999_c",0.036691055849081534,0.04223161398229527,3735,0.16978527663326215
w3_fit_pharmacy,"covariate_pre_lucid_household_income_imputed_three_groups$150,000 and Over_c",0.06480838899834458,0.06404256383243373,3735,0.16978527663326215
w3_fit_pharmacy,covariate_pre_lucid_education_binnedSome College_c,-0.021198047063715857,0.044384546856916646,3735,0.16978527663326215
w3_fit_pharmacy,covariate_pre_lucid_education_binnedCollege_c,0.10361418201813331,0.05063673965895578,3735,0.16978527663326215
w3_fit_pharmacy,covariate_pre_ucla_covid_worried_about_continuous_0_1_imputed_c,0.11990004430445557,0.06585453745825015,3735,0.16978527663326215
w3_fit_pharmacy,covariate_pre_ucla_covid_risk_month_continuous_0_1_imputed_c,0.02312827645125111,0.08969390973324365,3735,0.16978527663326215
w3_fit_pharmacy,covariate_pre_ucla_covid_risk_comparative_continuous_0_1_imputed_c,-0.01608564007730334,0.06287487886742624,3735,0.16978527663326215
w3_fit_pharmacy,covariate_pre_ucla_covid_risk_lifetime_continuous_0_1_imputed_c,0.0035216617180776223,0.07788990590765514,3735,0.16978527663326215
w3_fit_pharmacy,covariate_pre_ucla_flu_last_year_yes_binary_imputed_c,0.31589810528891754,0.03748026283515131,3735,0.16978527663326215
w3_fit_pharmacy,treat:pid_7_c,-0.00629726248458847,0.010933651632707373,3735,0.16978527663326215
w3_fit_pharmacy,treat:covariate_pre_lucid_race_hispanic_binnedBlack_c,-0.1081853973733924,0.10017431794913587,3735,0.16978527663326215
w3_fit_pharmacy,treat:covariate_pre_lucid_race_hispanic_binnedHispanic_c,-0.12541475547606873,0.08805155824657943,3735,0.16978527663326215
w3_fit_pharmacy,treat:covariate_pre_lucid_race_hispanic_binnedAAPI_c,-0.16015786996629394,0.11232391212628338,3735,0.16978527663326215
w3_fit_pharmacy,treat:covariate_pre_lucid_race_hispanic_binnedOther_c,-0.29823468886430105,0.12098089832707466,3735,0.16978527663326215
w3_fit_pharmacy,treat:covariate_pre_lucid_age_c,6.660894238078686e-4,0.0015159921697851858,3735,0.16978527663326215
w3_fit_pharmacy,treat:covariate_pre_lucid_genderFemale_c,-0.0714199565090144,0.04969802121106722,3735,0.16978527663326215
w3_fit_pharmacy,"treat:covariate_pre_lucid_household_income_imputed_three_groups$55,000 - $149,999_c",-0.02427990898728385,0.059077084049031635,3735,0.16978527663326215
w3_fit_pharmacy,"treat:covariate_pre_lucid_household_income_imputed_three_groups$150,000 and Over_c",0.029647570016026165,0.08222076567043532,3735,0.16978527663326215
w3_fit_pharmacy,treat:covariate_pre_lucid_education_binnedSome College_c,0.03773744013219061,0.06284568223858293,3735,0.16978527663326215
w3_fit_pharmacy,treat:covariate_pre_lucid_education_binnedCollege_c,-0.027411511923339665,0.06872753031329883,3735,0.16978527663326215
w3_fit_pharmacy,treat:covariate_pre_ucla_covid_worried_about_continuous_0_1_imputed_c,0.0688389704878191,0.09625216353741563,3735,0.16978527663326215
w3_fit_pharmacy,treat:covariate_pre_ucla_covid_risk_month_continuous_0_1_imputed_c,-0.019592380081201254,0.12737216161157042,3735,0.16978527663326215
w3_fit_pharmacy,treat:covariate_pre_ucla_covid_risk_comparative_continuous_0_1_imputed_c,0.06306513393934908,0.09262760267643391,3735,0.16978527663326215
w3_fit_pharmacy,treat:covariate_pre_ucla_covid_risk_lifetime_continuous_0_1_imputed_c,-0.10278986282363282,0.1080508511921947,3735,0.16978527663326215
w3_fit_pharmacy,treat:covariate_pre_ucla_flu_last_year_yes_binary_imputed_c,-0.04241162481789206,0.05189169134534651,3735,0.16978527663326215
w3_fit_physician_not_prosocial_uw,(Intercept),0.6752733948441034,0.014378409225277422,1875,0.1705421992611289
w3_fit_physician_not_prosocial_uw,treat,0.030729122547463433,0.019673254122457115,1875,0.1705421992611289
w3_fit_physician_not_prosocial_uw,pid_7_c,-0.009834742675801613,0.006217008626615621,1875,0.1705421992611289
w3_fit_physician_not_prosocial_uw,covariate_pre_lucid_race_hispanic_binnedBlack_c,-0.1056887093040225,0.06182499687341545,1875,0.1705421992611289
w3_fit_physician_not_prosocial_uw,covariate_pre_lucid_race_hispanic_binnedHispanic_c,-0.02923934629847469,0.05280766496575806,1875,0.1705421992611289
w3_fit_physician_not_prosocial_uw,covariate_pre_lucid_race_hispanic_binnedAAPI_c,0.0948630539935184,0.07094195152971379,1875,0.1705421992611289
w3_fit_physician_not_prosocial_uw,covariate_pre_lucid_race_hispanic_binnedOther_c,0.09114162923594966,0.09484571554940016,1875,0.1705421992611289
w3_fit_physician_not_prosocial_uw,covariate_pre_lucid_age_c,-0.0016362630391910749,0.0010058933208312573,1875,0.1705421992611289
w3_fit_physician_not_prosocial_uw,covariate_pre_lucid_genderFemale_c,-0.11643240105448419,0.03099714442175015,1875,0.1705421992611289
w3_fit_physician_not_prosocial_uw,"covariate_pre_lucid_household_income_imputed_three_groups$55,000 - $149,999_c",0.0265200132737233,0.036012778595295336,1875,0.1705421992611289
w3_fit_physician_not_prosocial_uw,"covariate_pre_lucid_household_income_imputed_three_groups$150,000 and Over_c",0.09414409172274535,0.04740970697786861,1875,0.1705421992611289
w3_fit_physician_not_prosocial_uw,covariate_pre_lucid_education_binnedSome College_c,-0.02486085969241514,0.042760800322909694,1875,0.1705421992611289
w3_fit_physician_not_prosocial_uw,covariate_pre_lucid_education_binnedCollege_c,0.08685847659683044,0.04306653867701048,1875,0.1705421992611289
w3_fit_physician_not_prosocial_uw,covariate_pre_ucla_covid_worried_about_continuous_0_1_imputed_c,0.1964713842581793,0.054191569504944775,1875,0.1705421992611289
w3_fit_physician_not_prosocial_uw,covariate_pre_ucla_covid_risk_month_continuous_0_1_imputed_c,-0.03068611775112042,0.06856590073142779,1875,0.1705421992611289
w3_fit_physician_not_prosocial_uw,covariate_pre_ucla_covid_risk_comparative_continuous_0_1_imputed_c,-0.08371377466498126,0.05552679958428465,1875,0.1705421992611289
w3_fit_physician_not_prosocial_uw,covariate_pre_ucla_covid_risk_lifetime_continuous_0_1_imputed_c,0.03208191981790802,0.05917856641582677,1875,0.1705421992611289
w3_fit_physician_not_prosocial_uw,covariate_pre_ucla_flu_last_year_yes_binary_imputed_c,0.22331860737548057,0.030807676491342674,1875,0.1705421992611289
w3_fit_physician_not_prosocial_uw,treat:pid_7_c,0.006513955386308824,0.008558962636433331,1875,0.1705421992611289
w3_fit_physician_not_prosocial_uw,treat:covariate_pre_lucid_race_hispanic_binnedBlack_c,0.07177262126119223,0.08732556364101907,1875,0.1705421992611289
w3_fit_physician_not_prosocial_uw,treat:covariate_pre_lucid_race_hispanic_binnedHispanic_c,0.022028520348052628,0.07348830121034097,1875,0.1705421992611289
w3_fit_physician_not_prosocial_uw,treat:covariate_pre_lucid_race_hispanic_binnedAAPI_c,-0.0865716369711657,0.10628617424938538,1875,0.1705421992611289
w3_fit_physician_not_prosocial_uw,treat:covariate_pre_lucid_race_hispanic_binnedOther_c,-0.2032683493842399,0.14584966997226398,1875,0.1705421992611289
w3_fit_physician_not_prosocial_uw,treat:covariate_pre_lucid_age_c,2.514456839825332e-4,0.0014207986397253383,1875,0.1705421992611289
w3_fit_physician_not_prosocial_uw,treat:covariate_pre_lucid_genderFemale_c,-0.02447040762940207,0.04239969422460281,1875,0.1705421992611289
w3_fit_physician_not_prosocial_uw,"treat:covariate_pre_lucid_household_income_imputed_three_groups$55,000 - $149,999_c",-0.029757623343358238,0.049019906896482744,1875,0.1705421992611289
w3_fit_physician_not_prosocial_uw,"treat:covariate_pre_lucid_household_income_imputed_three_groups$150,000 and Over_c",-0.08894341029958029,0.06545733274123831,1875,0.1705421992611289
w3_fit_physician_not_prosocial_uw,treat:covariate_pre_lucid_education_binnedSome College_c,0.026779061994859674,0.05795315190497678,1875,0.1705421992611289
w3_fit_physician_not_prosocial_uw,treat:covariate_pre_lucid_education_binnedCollege_c,0.011173038124395072,0.05935816928205014,1875,0.1705421992611289
w3_fit_physician_not_prosocial_uw,treat:covariate_pre_ucla_covid_worried_about_continuous_0_1_imputed_c,-0.011051622318910109,0.07280557391316932,1875,0.1705421992611289
w3_fit_physician_not_prosocial_uw,treat:covariate_pre_ucla_covid_risk_month_continuous_0_1_imputed_c,0.06255951931504597,0.09395394607934908,1875,0.1705421992611289
w3_fit_physician_not_prosocial_uw,treat:covariate_pre_ucla_covid_risk_comparative_continuous_0_1_imputed_c,0.015094094748532412,0.07689415815313103,1875,0.1705421992611289
w3_fit_physician_not_prosocial_uw,treat:covariate_pre_ucla_covid_risk_lifetime_continuous_0_1_imputed_c,0.08410808632980496,0.08045105240664815,1875,0.1705421992611289
w3_fit_physician_not_prosocial_uw,treat:covariate_pre_ucla_flu_last_year_yes_binary_imputed_c,0.038368442900714256,0.04234566224221383,1875,0.1705421992611289
w3_fit_physician_not_prosocial,(Intercept),0.6383472803672984,0.025980443673159614,1875,0.1620710220509044
w3_fit_physician_not_prosocial,treat,0.026298954050991186,0.035800762429221734,1875,0.1620710220509044
w3_fit_physician_not_prosocial,pid_7_c,-0.005517155460414624,0.012251683998313135,1875,0.1620710220509044
w3_fit_physician_not_prosocial,covariate_pre_lucid_race_hispanic_binnedBlack_c,-0.07786967778269746,0.0993018989689961,1875,0.1620710220509044
w3_fit_physician_not_prosocial,covariate_pre_lucid_race_hispanic_binnedHispanic_c,0.13638170168582137,0.08748587324216475,1875,0.1620710220509044
w3_fit_physician_not_prosocial,covariate_pre_lucid_race_hispanic_binnedAAPI_c,0.009084478137399649,0.11507126966711473,1875,0.1620710220509044
w3_fit_physician_not_prosocial,covariate_pre_lucid_race_hispanic_binnedOther_c,0.16716951302589342,0.12441946973448438,1875,0.1620710220509044
w3_fit_physician_not_prosocial,covariate_pre_lucid_age_c,-3.565450580797732e-4,0.00157268094243223,1875,0.1620710220509044
w3_fit_physician_not_prosocial,covariate_pre_lucid_genderFemale_c,-0.02032777487267342,0.05407303703361486,1875,0.1620710220509044
w3_fit_physician_not_prosocial,"covariate_pre_lucid_household_income_imputed_three_groups$55,000 - $149,999_c",0.002017504937178773,0.06188242283445731,1875,0.1620710220509044
w3_fit_physician_not_prosocial,"covariate_pre_lucid_household_income_imputed_three_groups$150,000 and Over_c",0.06463738533047753,0.08475338052837342,1875,0.1620710220509044
w3_fit_physician_not_prosocial,covariate_pre_lucid_education_binnedSome College_c,-0.05937709000319501,0.06593152758629629,1875,0.1620710220509044
w3_fit_physician_not_prosocial,covariate_pre_lucid_education_binnedCollege_c,0.08680353245354064,0.07038521744194018,1875,0.1620710220509044
w3_fit_physician_not_prosocial,covariate_pre_ucla_covid_worried_about_continuous_0_1_imputed_c,0.17259080261824641,0.09884941751431664,1875,0.1620710220509044
w3_fit_physician_not_prosocial,covariate_pre_ucla_covid_risk_month_continuous_0_1_imputed_c,-0.172486194499494,0.12571490888262232,1875,0.1620710220509044
w3_fit_physician_not_prosocial,covariate_pre_ucla_covid_risk_comparative_continuous_0_1_imputed_c,0.04625435992417142,0.09225813822991927,1875,0.1620710220509044
w3_fit_physician_not_prosocial,covariate_pre_ucla_covid_risk_lifetime_continuous_0_1_imputed_c,0.012619488913007806,0.10673031820930977,1875,0.1620710220509044
w3_fit_physician_not_prosocial,covariate_pre_ucla_flu_last_year_yes_binary_imputed_c,0.2648373343682636,0.05539818050442835,1875,0.1620710220509044
w3_fit_physician_not_prosocial,treat:pid_7_c,0.009166543390144886,0.01640706932077445,1875,0.1620710220509044
w3_fit_physician_not_prosocial,treat:covariate_pre_lucid_race_hispanic_binnedBlack_c,0.025028030067647505,0.14309034205790205,1875,0.1620710220509044
w3_fit_physician_not_prosocial,treat:covariate_pre_lucid_race_hispanic_binnedHispanic_c,-0.2691030647184364,0.12771827960511314,1875,0.1620710220509044
w3_fit_physician_not_prosocial,treat:covariate_pre_lucid_race_hispanic_binnedAAPI_c,0.151736224929448,0.15192807312366138,1875,0.1620710220509044
w3_fit_physician_not_prosocial,treat:covariate_pre_lucid_race_hispanic_binnedOther_c,-0.22364183957547504,0.211816977792626,1875,0.1620710220509044
w3_fit_physician_not_prosocial,treat:covariate_pre_lucid_age_c,-6.424684318574735e-5,0.002205574909045888,1875,0.1620710220509044
w3_fit_physician_not_prosocial,treat:covariate_pre_lucid_genderFemale_c,-0.031017391238200485,0.07451436528635332,1875,0.1620710220509044
w3_fit_physician_not_prosocial,"treat:covariate_pre_lucid_household_income_imputed_three_groups$55,000 - $149,999_c",-0.08446512886693075,0.08692754897662884,1875,0.1620710220509044
w3_fit_physician_not_prosocial,"treat:covariate_pre_lucid_household_income_imputed_three_groups$150,000 and Over_c",-0.22752894693728834,0.12325711718929883,1875,0.1620710220509044
w3_fit_physician_not_prosocial,treat:covariate_pre_lucid_education_binnedSome College_c,0.05158270243010675,0.09158721034608283,1875,0.1620710220509044
w3_fit_physician_not_prosocial,treat:covariate_pre_lucid_education_binnedCollege_c,0.03477726936184338,0.10499527795074853,1875,0.1620710220509044
w3_fit_physician_not_prosocial,treat:covariate_pre_ucla_covid_worried_about_continuous_0_1_imputed_c,-0.14503211418110903,0.1453159966008106,1875,0.1620710220509044
w3_fit_physician_not_prosocial,treat:covariate_pre_ucla_covid_risk_month_continuous_0_1_imputed_c,0.2724052435975446,0.18268211166043866,1875,0.1620710220509044
w3_fit_physician_not_prosocial,treat:covariate_pre_ucla_covid_risk_comparative_continuous_0_1_imputed_c,9.476594137852359e-4,0.13364758851651176,1875,0.1620710220509044
w3_fit_physician_not_prosocial,treat:covariate_pre_ucla_covid_risk_lifetime_continuous_0_1_imputed_c,0.18895578736992133,0.15010755256949015,1875,0.1620710220509044
w3_fit_physician_not_prosocial,treat:covariate_pre_ucla_flu_last_year_yes_binary_imputed_c,0.05843076885694806,0.07747979769719068,1875,0.1620710220509044
w3_fit_physician_prosocial_uw,(Intercept),0.6588896514400885,0.014306158076699325,1891,0.1840663355550899
w3_fit_physician_prosocial_uw,treat,0.018532795438485742,0.019832654461966272,1891,0.1840663355550899
w3_fit_physician_prosocial_uw,pid_7_c,-0.003266340700993525,0.006303991101131302,1891,0.1840663355550899
w3_fit_physician_prosocial_uw,covariate_pre_lucid_race_hispanic_binnedBlack_c,-0.0354192964505512,0.06447240340276043,1891,0.1840663355550899
w3_fit_physician_prosocial_uw,covariate_pre_lucid_race_hispanic_binnedHispanic_c,0.006318718622560995,0.05293936241759961,1891,0.1840663355550899
w3_fit_physician_prosocial_uw,covariate_pre_lucid_race_hispanic_binnedAAPI_c,0.06994938376309391,0.07191584774591832,1891,0.1840663355550899
w3_fit_physician_prosocial_uw,covariate_pre_lucid_race_hispanic_binnedOther_c,0.08995179833619509,0.08257793853351124,1891,0.1840663355550899
w3_fit_physician_prosocial_uw,covariate_pre_lucid_age_c,-0.002270456593515178,0.0010508048882788858,1891,0.1840663355550899
w3_fit_physician_prosocial_uw,covariate_pre_lucid_genderFemale_c,-0.08808778418950874,0.03058868470350483,1891,0.1840663355550899
w3_fit_physician_prosocial_uw,"covariate_pre_lucid_household_income_imputed_three_groups$55,000 - $149,999_c",0.03864970238688292,0.03493947409539574,1891,0.1840663355550899
w3_fit_physician_prosocial_uw,"covariate_pre_lucid_household_income_imputed_three_groups$150,000 and Over_c",0.12537670188132516,0.045593795999820365,1891,0.1840663355550899
w3_fit_physician_prosocial_uw,covariate_pre_lucid_education_binnedSome College_c,0.018636242767530255,0.041295173714719385,1891,0.1840663355550899
w3_fit_physician_prosocial_uw,covariate_pre_lucid_education_binnedCollege_c,0.11909844943995729,0.04160008341408236,1891,0.1840663355550899
w3_fit_physician_prosocial_uw,covariate_pre_ucla_covid_worried_about_continuous_0_1_imputed_c,0.09324443068826922,0.05006927226063664,1891,0.1840663355550899
w3_fit_physician_prosocial_uw,covariate_pre_ucla_covid_risk_month_continuous_0_1_imputed_c,0.15748373608329583,0.06673364791571033,1891,0.1840663355550899
w3_fit_physician_prosocial_uw,covariate_pre_ucla_covid_risk_comparative_continuous_0_1_imputed_c,-0.07819750838398748,0.05143482829867587,1891,0.1840663355550899
w3_fit_physician_prosocial_uw,covariate_pre_ucla_covid_risk_lifetime_continuous_0_1_imputed_c,0.008925584323612542,0.06035201328706396,1891,0.1840663355550899
w3_fit_physician_prosocial_uw,covariate_pre_ucla_flu_last_year_yes_binary_imputed_c,0.2835197442049953,0.03068020027224323,1891,0.1840663355550899
w3_fit_physician_prosocial_uw,treat:pid_7_c,9.417571347907063e-4,0.008751705419906866,1891,0.1840663355550899
w3_fit_physician_prosocial_uw,treat:covariate_pre_lucid_race_hispanic_binnedBlack_c,-0.08613471459051614,0.08598438480273708,1891,0.1840663355550899
w3_fit_physician_prosocial_uw,treat:covariate_pre_lucid_race_hispanic_binnedHispanic_c,0.03145960673316218,0.07155308445402914,1891,0.1840663355550899
w3_fit_physician_prosocial_uw,treat:covariate_pre_lucid_race_hispanic_binnedAAPI_c,0.01494636447693894,0.10650314561157925,1891,0.1840663355550899
w3_fit_physician_prosocial_uw,treat:covariate_pre_lucid_race_hispanic_binnedOther_c,-0.10082815502709574,0.12104441099834286,1891,0.1840663355550899
w3_fit_physician_prosocial_uw,treat:covariate_pre_lucid_age_c,0.002267895751251925,0.001442311617632288,1891,0.1840663355550899
w3_fit_physician_prosocial_uw,treat:covariate_pre_lucid_genderFemale_c,-0.09907606443705702,0.04272861536101916,1891,0.1840663355550899
w3_fit_physician_prosocial_uw,"treat:covariate_pre_lucid_household_income_imputed_three_groups$55,000 - $149,999_c",0.0028756914823378126,0.048655242122688167,1891,0.1840663355550899
w3_fit_physician_prosocial_uw,"treat:covariate_pre_lucid_household_income_imputed_three_groups$150,000 and Over_c",-0.04819171401192141,0.06442646134055509,1891,0.1840663355550899
w3_fit_physician_prosocial_uw,treat:covariate_pre_lucid_education_binnedSome College_c,-0.06014407028632897,0.0576017668576835,1891,0.1840663355550899
w3_fit_physician_prosocial_uw,treat:covariate_pre_lucid_education_binnedCollege_c,-0.09789996197835182,0.05870010797051247,1891,0.1840663355550899
w3_fit_physician_prosocial_uw,treat:covariate_pre_ucla_covid_worried_about_continuous_0_1_imputed_c,0.10864439128022407,0.07154391801945957,1891,0.1840663355550899
w3_fit_physician_prosocial_uw,treat:covariate_pre_ucla_covid_risk_month_continuous_0_1_imputed_c,-0.20386250730283043,0.0914000063506396,1891,0.1840663355550899
w3_fit_physician_prosocial_uw,treat:covariate_pre_ucla_covid_risk_comparative_continuous_0_1_imputed_c,0.08000682268264613,0.07242691255032882,1891,0.1840663355550899
w3_fit_physician_prosocial_uw,treat:covariate_pre_ucla_covid_risk_lifetime_continuous_0_1_imputed_c,-0.01243618200617784,0.08345394118733085,1891,0.1840663355550899
w3_fit_physician_prosocial_uw,treat:covariate_pre_ucla_flu_last_year_yes_binary_imputed_c,-0.031001350808754855,0.0421729453301685,1891,0.1840663355550899
w3_fit_physician_prosocial,(Intercept),0.6649899790105969,0.02416391656564166,1891,0.20909153089152743
w3_fit_physician_prosocial,treat,0.01772829244243401,0.033833902182923974,1891,0.20909153089152743
w3_fit_physician_prosocial,pid_7_c,-0.008313925534826114,0.010302605179957304,1891,0.20909153089152743
w3_fit_physician_prosocial,covariate_pre_lucid_race_hispanic_binnedBlack_c,-0.016114926955171777,0.11512027400409759,1891,0.20909153089152743
w3_fit_physician_prosocial,covariate_pre_lucid_race_hispanic_binnedHispanic_c,0.14392642025394803,0.09347737867083984,1891,0.20909153089152743
w3_fit_physician_prosocial,covariate_pre_lucid_race_hispanic_binnedAAPI_c,0.24207860580673668,0.06784328382972069,1891,0.20909153089152743
w3_fit_physician_prosocial,covariate_pre_lucid_race_hispanic_binnedOther_c,0.32065049323362316,0.10587270102784394,1891,0.20909153089152743
w3_fit_physician_prosocial,covariate_pre_lucid_age_c,-0.001033264890559046,0.0014615003156287646,1891,0.20909153089152743
w3_fit_physician_prosocial,covariate_pre_lucid_genderFemale_c,-0.02052730474733929,0.04293838425442736,1891,0.20909153089152743
w3_fit_physician_prosocial,"covariate_pre_lucid_household_income_imputed_three_groups$55,000 - $149,999_c",0.06451840232070057,0.05906877418661879,1891,0.20909153089152743
w3_fit_physician_prosocial,"covariate_pre_lucid_household_income_imputed_three_groups$150,000 and Over_c",0.086046862166763,0.09911159220253822,1891,0.20909153089152743
w3_fit_physician_prosocial,covariate_pre_lucid_education_binnedSome College_c,0.006657821299592606,0.054824313447085125,1891,0.20909153089152743
w3_fit_physician_prosocial,covariate_pre_lucid_education_binnedCollege_c,0.11478695589756974,0.07556677165138832,1891,0.20909153089152743
w3_fit_physician_prosocial,covariate_pre_ucla_covid_worried_about_continuous_0_1_imputed_c,0.0569020503924247,0.0878335198649227,1891,0.20909153089152743
w3_fit_physician_prosocial,covariate_pre_ucla_covid_risk_month_continuous_0_1_imputed_c,0.22732089070263728,0.12565274372664548,1891,0.20909153089152743
w3_fit_physician_prosocial,covariate_pre_ucla_covid_risk_comparative_continuous_0_1_imputed_c,-0.07357974207080512,0.08684854821015554,1891,0.20909153089152743
w3_fit_physician_prosocial,covariate_pre_ucla_covid_risk_lifetime_continuous_0_1_imputed_c,-0.028728538029354427,0.10793522124206867,1891,0.20909153089152743
w3_fit_physician_prosocial,covariate_pre_ucla_flu_last_year_yes_binary_imputed_c,0.37311033343934025,0.048881518290722625,1891,0.20909153089152743
w3_fit_physician_prosocial,treat:pid_7_c,-0.0061172041429367685,0.014541761270041557,1891,0.20909153089152743
w3_fit_physician_prosocial,treat:covariate_pre_lucid_race_hispanic_binnedBlack_c,-0.17675280165858887,0.1447415527012857,1891,0.20909153089152743
w3_fit_physician_prosocial,treat:covariate_pre_lucid_race_hispanic_binnedHispanic_c,-0.08232478552430328,0.12082538790442232,1891,0.20909153089152743
w3_fit_physician_prosocial,treat:covariate_pre_lucid_race_hispanic_binnedAAPI_c,-0.1911084948667496,0.13524427522940088,1891,0.20909153089152743
w3_fit_physician_prosocial,treat:covariate_pre_lucid_race_hispanic_binnedOther_c,-0.21527283658892196,0.15285585348554642,1891,0.20909153089152743
w3_fit_physician_prosocial,treat:covariate_pre_lucid_age_c,3.378299358936104e-4,0.0020349171522624906,1891,0.20909153089152743
w3_fit_physician_prosocial,treat:covariate_pre_lucid_genderFemale_c,-0.1465804038107335,0.06474623788272468,1891,0.20909153089152743
w3_fit_physician_prosocial,"treat:covariate_pre_lucid_household_income_imputed_three_groups$55,000 - $149,999_c",-0.07998906822849526,0.08112964087515019,1891,0.20909153089152743
w3_fit_physician_prosocial,"treat:covariate_pre_lucid_household_income_imputed_three_groups$150,000 and Over_c",-0.0395379466813664,0.1261322148805437,1891,0.20909153089152743
w3_fit_physician_prosocial,treat:covariate_pre_lucid_education_binnedSome College_c,-0.02370703735682467,0.08177491784935409,1891,0.20909153089152743
w3_fit_physician_prosocial,treat:covariate_pre_lucid_education_binnedCollege_c,-0.1599654879781381,0.09971509375557794,1891,0.20909153089152743
w3_fit_physician_prosocial,treat:covariate_pre_ucla_covid_worried_about_continuous_0_1_imputed_c,0.032632694649386784,0.12437822769840495,1891,0.20909153089152743
w3_fit_physician_prosocial,treat:covariate_pre_ucla_covid_risk_month_continuous_0_1_imputed_c,-0.06667329776280247,0.1729629989831581,1891,0.20909153089152743
w3_fit_physician_prosocial,treat:covariate_pre_ucla_covid_risk_comparative_continuous_0_1_imputed_c,0.08336751906253062,0.12355939013264894,1891,0.20909153089152743
w3_fit_physician_prosocial,treat:covariate_pre_ucla_covid_risk_lifetime_continuous_0_1_imputed_c,-0.13349467214619823,0.15535518890974356,1891,0.20909153089152743
w3_fit_physician_prosocial,treat:covariate_pre_ucla_flu_last_year_yes_binary_imputed_c,-0.08082831395726256,0.07252635667590976,1891,0.20909153089152743
w3_fit_physician_uw,(Intercept),0.6676229632742442,0.010089218850668767,3766,0.17254252104372447
w3_fit_physician_uw,treat,0.02306541878311063,0.013929710906254816,3766,0.17254252104372447
w3_fit_physician_uw,pid_7_c,-0.006502338250835963,0.004376370553478413,3766,0.17254252104372447
w3_fit_physician_uw,covariate_pre_lucid_race_hispanic_binnedBlack_c,-0.07526560196472223,0.04434795621155912,3766,0.17254252104372447
w3_fit_physician_uw,covariate_pre_lucid_race_hispanic_binnedHispanic_c,-0.014575811598163999,0.03716781010661946,3766,0.17254252104372447
w3_fit_physician_uw,covariate_pre_lucid_race_hispanic_binnedAAPI_c,0.08414406418347566,0.05057727294980915,3766,0.17254252104372447
w3_fit_physician_uw,covariate_pre_lucid_race_hispanic_binnedOther_c,0.08312232713253387,0.06242747817116291,3766,0.17254252104372447
w3_fit_physician_uw,covariate_pre_lucid_age_c,-0.0019988243387841238,7.218301252493962e-4,3766,0.17254252104372447
w3_fit_physician_uw,covariate_pre_lucid_genderFemale_c,-0.10346820791131082,0.021536162315815614,3766,0.17254252104372447
w3_fit_physician_uw,"covariate_pre_lucid_household_income_imputed_three_groups$55,000 - $149,999_c",0.027847299077361207,0.024743926698170614,3766,0.17254252104372447
w3_fit_physician_uw,"covariate_pre_lucid_household_income_imputed_three_groups$150,000 and Over_c",0.1071566659364077,0.032775926549644334,3766,0.17254252104372447
w3_fit_physician_uw,covariate_pre_lucid_education_binnedSome College_c,-0.0038064445020948787,0.02958718738920864,3766,0.17254252104372447
w3_fit_physician_uw,covariate_pre_lucid_education_binnedCollege_c,0.10239415080760167,0.02986055484454708,3766,0.17254252104372447
w3_fit_physician_uw,covariate_pre_ucla_covid_worried_about_continuous_0_1_imputed_c,0.1425326888771461,0.0364972184661306,3766,0.17254252104372447
w3_fit_physician_uw,covariate_pre_ucla_covid_risk_month_continuous_0_1_imputed_c,0.06926869151184306,0.047328444452952624,3766,0.17254252104372447
w3_fit_physician_uw,covariate_pre_ucla_covid_risk_comparative_continuous_0_1_imputed_c,-0.08245117624257954,0.03746491677340918,3766,0.17254252104372447
w3_fit_physician_uw,covariate_pre_ucla_covid_risk_lifetime_continuous_0_1_imputed_c,0.024152787676518163,0.04197228376584657,3766,0.17254252104372447
w3_fit_physician_uw,covariate_pre_ucla_flu_last_year_yes_binary_imputed_c,0.25223001917523663,0.021630099235479403,3766,0.17254252104372447
w3_fit_physician_uw,treat:pid_7_c,0.0037584427297330564,0.006071338260290044,3766,0.17254252104372447
w3_fit_physician_uw,treat:covariate_pre_lucid_race_hispanic_binnedBlack_c,-0.009064959007015963,0.060984818512988995,3766,0.17254252104372447
w3_fit_physician_uw,treat:covariate_pre_lucid_race_hispanic_binnedHispanic_c,0.029459146244516135,0.05096857694566102,3766,0.17254252104372447
w3_fit_physician_uw,treat:covariate_pre_lucid_race_hispanic_binnedAAPI_c,-0.03138545573963641,0.07526107461659975,3766,0.17254252104372447
w3_fit_physician_uw,treat:covariate_pre_lucid_race_hispanic_binnedOther_c,-0.13716401926619276,0.09338392153719514,3766,0.17254252104372447
w3_fit_physician_uw,treat:covariate_pre_lucid_age_c,0.0012383089568031294,0.0010043846754693654,3766,0.17254252104372447
w3_fit_physician_uw,treat:covariate_pre_lucid_genderFemale_c,-0.060026957770299455,0.02983504688545413,3766,0.17254252104372447
w3_fit_physician_uw,"treat:covariate_pre_lucid_household_income_imputed_three_groups$55,000 - $149,999_c",-0.00617893862161929,0.03421701442755848,3766,0.17254252104372447
w3_fit_physician_uw,"treat:covariate_pre_lucid_household_income_imputed_three_groups$150,000 and Over_c",-0.0641134574029467,0.04571409706234445,3766,0.17254252104372447
w3_fit_physician_uw,treat:covariate_pre_lucid_education_binnedSome College_c,-0.015172667141096989,0.04066058803942196,3766,0.17254252104372447
w3_fit_physician_uw,treat:covariate_pre_lucid_education_binnedCollege_c,-0.043958662408426885,0.04165157270261424,3766,0.17254252104372447
w3_fit_physician_uw,treat:covariate_pre_ucla_covid_worried_about_continuous_0_1_imputed_c,0.05103204461186155,0.05071839100242407,3766,0.17254252104372447
w3_fit_physician_uw,treat:covariate_pre_ucla_covid_risk_month_continuous_0_1_imputed_c,-0.07992424567782973,0.06503633395237858,3766,0.17254252104372447
w3_fit_physician_uw,treat:covariate_pre_ucla_covid_risk_comparative_continuous_0_1_imputed_c,0.05366050514601976,0.05245668115836397,3766,0.17254252104372447
w3_fit_physician_uw,treat:covariate_pre_ucla_covid_risk_lifetime_continuous_0_1_imputed_c,0.024694522027976885,0.057820319128433204,3766,0.17254252104372447
w3_fit_physician_uw,treat:covariate_pre_ucla_flu_last_year_yes_binary_imputed_c,0.004408774310285748,0.029766442536046565,3766,0.17254252104372447
w3_fit_physician,(Intercept),0.6491459980726189,0.017903280774056292,3766,0.16298981816674452
w3_fit_physician,treat,0.023618422457804808,0.02503599733089028,3766,0.16298981816674452
w3_fit_physician,pid_7_c,-0.0076587480498887675,0.008000394856486752,3766,0.16298981816674452
w3_fit_physician,covariate_pre_lucid_race_hispanic_binnedBlack_c,-0.06694488999295617,0.07381842247461258,3766,0.16298981816674452
w3_fit_physician,covariate_pre_lucid_race_hispanic_binnedHispanic_c,0.11997085978243593,0.06412372245694992,3766,0.16298981816674452
w3_fit_physician,covariate_pre_lucid_race_hispanic_binnedAAPI_c,0.1173942056294855,0.07353395919933779,3766,0.16298981816674452
w3_fit_physician,covariate_pre_lucid_race_hispanic_binnedOther_c,0.2522682822013466,0.08408686501096557,3766,0.16298981816674452
w3_fit_physician,covariate_pre_lucid_age_c,-8.804091136977444e-4,0.0010811499169621353,3766,0.16298981816674452
w3_fit_physician,covariate_pre_lucid_genderFemale_c,-0.024428695572639422,0.035350696738331557,3766,0.16298981816674452
w3_fit_physician,"covariate_pre_lucid_household_income_imputed_three_groups$55,000 - $149,999_c",0.036691055849081444,0.042230017278846406,3766,0.16298981816674452
w3_fit_physician,"covariate_pre_lucid_household_income_imputed_three_groups$150,000 and Over_c",0.06480838899834432,0.06404014249512485,3766,0.16298981816674452
w3_fit_physician,covariate_pre_lucid_education_binnedSome College_c,-0.02119804706371577,0.04438286875484199,3766,0.16298981816674452
w3_fit_physician,covariate_pre_lucid_education_binnedCollege_c,0.10361418201813344,0.05063482517240806,3766,0.16298981816674452
w3_fit_physician,covariate_pre_ucla_covid_worried_about_continuous_0_1_imputed_c,0.11990004430445543,0.0658520476133882,3766,0.16298981816674452
w3_fit_physician,covariate_pre_ucla_covid_risk_month_continuous_0_1_imputed_c,0.023128276451250727,0.0896905185634184,3766,0.16298981816674452
w3_fit_physician,covariate_pre_ucla_covid_risk_comparative_continuous_0_1_imputed_c,-0.0160856400773035,0.0628725016782434,3766,0.16298981816674452
w3_fit_physician,covariate_pre_ucla_covid_risk_lifetime_continuous_0_1_imputed_c,0.0035216617180776197,0.07788696102656552,3766,0.16298981816674452
w3_fit_physician,covariate_pre_ucla_flu_last_year_yes_binary_imputed_c,0.3158981052889178,0.03747884577197784,3766,0.16298981816674452
w3_fit_physician,treat:pid_7_c,0.0033610584767028006,0.01118406493138994,3766,0.16298981816674452
w3_fit_physician,treat:covariate_pre_lucid_race_hispanic_binnedBlack_c,-0.06256013094978029,0.1009089681901002,3766,0.16298981816674452
w3_fit_physician,treat:covariate_pre_lucid_race_hispanic_binnedHispanic_c,-0.16302801713593132,0.08953773475842475,3766,0.16298981816674452
w3_fit_physician,treat:covariate_pre_lucid_race_hispanic_binnedAAPI_c,-0.016937837083330885,0.11115587542872618,3766,0.16298981816674452
w3_fit_physician,treat:covariate_pre_lucid_race_hispanic_binnedOther_c,-0.18849652973282585,0.13527342808815343,3766,0.16298981816674452
w3_fit_physician,treat:covariate_pre_lucid_age_c,5.724101059198662e-5,0.0015188023521071105,3766,0.16298981816674452
w3_fit_physician,treat:covariate_pre_lucid_genderFemale_c,-0.08698092931283427,0.05008800789470135,3766,0.16298981816674452
w3_fit_physician,"treat:covariate_pre_lucid_household_income_imputed_three_groups$55,000 - $149,999_c",-0.08448277265282245,0.05949815272736956,3766,0.16298981816674452
w3_fit_physician,"treat:covariate_pre_lucid_household_income_imputed_three_groups$150,000 and Over_c",-0.13082416694553806,0.08880610485384939,3766,0.16298981816674452
w3_fit_physician,treat:covariate_pre_lucid_education_binnedSome College_c,0.017960783998515955,0.06376446500851514,3766,0.16298981816674452
w3_fit_physician,treat:covariate_pre_lucid_education_binnedCollege_c,-0.0534719482760457,0.07301284871480374,3766,0.16298981816674452
w3_fit_physician,treat:covariate_pre_ucla_covid_worried_about_continuous_0_1_imputed_c,-0.06035989861028354,0.09774437262956291,3766,0.16298981816674452
w3_fit_physician,treat:covariate_pre_ucla_covid_risk_month_continuous_0_1_imputed_c,0.08929399864833122,0.12605021220074447,3766,0.16298981816674452
w3_fit_physician,treat:covariate_pre_ucla_covid_risk_comparative_continuous_0_1_imputed_c,0.04867557335438934,0.09155618776709772,3766,0.16298981816674452
w3_fit_physician,treat:covariate_pre_ucla_covid_risk_lifetime_continuous_0_1_imputed_c,0.016705223008129703,0.10990569752747928,3766,0.16298981816674452
w3_fit_physician,treat:covariate_pre_ucla_flu_last_year_yes_binary_imputed_c,-0.021365048482419515,0.05361035181114394,3766,0.16298981816674452
w3_fit_spiritual_not_prosocial_uw,(Intercept),0.6798992749124759,0.014272402982088424,1806,0.1377101343021756
w3_fit_spiritual_not_prosocial_uw,treat,-0.046721634828359886,0.021035582433204213,1806,0.1377101343021756
w3_fit_spiritual_not_prosocial_uw,pid_7_c,-0.009834742675801212,0.006219203138057355,1806,0.1377101343021756
w3_fit_spiritual_not_prosocial_uw,covariate_pre_lucid_race_hispanic_binnedBlack_c,-0.10568870930402158,0.0618468201764178,1806,0.1377101343021756
w3_fit_spiritual_not_prosocial_uw,covariate_pre_lucid_race_hispanic_binnedHispanic_c,-0.02923934629847322,0.052826305284911015,1806,0.1377101343021756
w3_fit_spiritual_not_prosocial_uw,covariate_pre_lucid_race_hispanic_binnedAAPI_c,0.09486305399352059,0.07096699298191128,1806,0.1377101343021756
w3_fit_spiritual_not_prosocial_uw,covariate_pre_lucid_race_hispanic_binnedOther_c,0.09114162923595065,0.09487919467424512,1806,0.1377101343021756
w3_fit_spiritual_not_prosocial_uw,covariate_pre_lucid_age_c,-0.0016362630391910428,0.0010062483861905513,1806,0.1377101343021756
w3_fit_spiritual_not_prosocial_uw,covariate_pre_lucid_genderFemale_c,-0.11643240105448546,0.03100808595202297,1806,0.1377101343021756
w3_fit_spiritual_not_prosocial_uw,"covariate_pre_lucid_household_income_imputed_three_groups$55,000 - $149,999_c",0.026520013273722012,0.03602549056972263,1806,0.1377101343021756
w3_fit_spiritual_not_prosocial_uw,"covariate_pre_lucid_household_income_imputed_three_groups$150,000 and Over_c",0.094144091722746,0.04742644189825563,1806,0.1377101343021756
w3_fit_spiritual_not_prosocial_uw,covariate_pre_lucid_education_binnedSome College_c,-0.02486085969241501,0.042775894248493915,1806,0.1377101343021756
w3_fit_spiritual_not_prosocial_uw,covariate_pre_lucid_education_binnedCollege_c,0.08685847659682921,0.0430817405236796,1806,0.1377101343021756
w3_fit_spiritual_not_prosocial_uw,covariate_pre_ucla_covid_worried_about_continuous_0_1_imputed_c,0.1964713842581773,0.054210698321786766,1806,0.1377101343021756
w3_fit_spiritual_not_prosocial_uw,covariate_pre_ucla_covid_risk_month_continuous_0_1_imputed_c,-0.03068611775112131,0.06859010347308464,1806,0.1377101343021756
w3_fit_spiritual_not_prosocial_uw,covariate_pre_ucla_covid_risk_comparative_continuous_0_1_imputed_c,-0.08371377466498094,0.0555463997174562,1806,0.1377101343021756
w3_fit_spiritual_not_prosocial_uw,covariate_pre_ucla_covid_risk_lifetime_continuous_0_1_imputed_c,0.03208191981790857,0.059199455568296054,1806,0.1377101343021756
w3_fit_spiritual_not_prosocial_uw,covariate_pre_ucla_flu_last_year_yes_binary_imputed_c,0.22331860737547965,0.0308185511422583,1806,0.1377101343021756
w3_fit_spiritual_not_prosocial_uw,treat:pid_7_c,0.021059782333543827,0.009141858101647315,1806,0.1377101343021756
w3_fit_spiritual_not_prosocial_uw,treat:covariate_pre_lucid_race_hispanic_binnedBlack_c,0.09703423140059196,0.09187097460427808,1806,0.1377101343021756
w3_fit_spiritual_not_prosocial_uw,treat:covariate_pre_lucid_race_hispanic_binnedHispanic_c,-0.018702296048902563,0.07897915872396206,1806,0.1377101343021756
w3_fit_spiritual_not_prosocial_uw,treat:covariate_pre_lucid_race_hispanic_binnedAAPI_c,-0.03277844123014943,0.1061246800442594,1806,0.1377101343021756
w3_fit_spiritual_not_prosocial_uw,treat:covariate_pre_lucid_race_hispanic_binnedOther_c,-0.25437667866963354,0.1521870777611432,1806,0.1377101343021756
w3_fit_spiritual_not_prosocial_uw,treat:covariate_pre_lucid_age_c,-3.036470998746379e-4,0.0014756428480702387,1806,0.1377101343021756
w3_fit_spiritual_not_prosocial_uw,treat:covariate_pre_lucid_genderFemale_c,-0.029082935585642056,0.045741362055835705,1806,0.1377101343021756
w3_fit_spiritual_not_prosocial_uw,"treat:covariate_pre_lucid_household_income_imputed_three_groups$55,000 - $149,999_c",0.0024900019888815044,0.0529042171052233,1806,0.1377101343021756
w3_fit_spiritual_not_prosocial_uw,"treat:covariate_pre_lucid_household_income_imputed_three_groups$150,000 and Over_c",0.019268830728990893,0.0702797549457811,1806,0.1377101343021756
w3_fit_spiritual_not_prosocial_uw,treat:covariate_pre_lucid_education_binnedSome College_c,-0.03509977011697089,0.06221524862000479,1806,0.1377101343021756
w3_fit_spiritual_not_prosocial_uw,treat:covariate_pre_lucid_education_binnedCollege_c,-0.05946154382624638,0.06463539567073412,1806,0.1377101343021756
w3_fit_spiritual_not_prosocial_uw,treat:covariate_pre_ucla_covid_worried_about_continuous_0_1_imputed_c,0.04499541314848986,0.07656077285929078,1806,0.1377101343021756
w3_fit_spiritual_not_prosocial_uw,treat:covariate_pre_ucla_covid_risk_month_continuous_0_1_imputed_c,-0.042994826474870004,0.09803039443294531,1806,0.1377101343021756
w3_fit_spiritual_not_prosocial_uw,treat:covariate_pre_ucla_covid_risk_comparative_continuous_0_1_imputed_c,0.09018505591531666,0.07842385754563438,1806,0.1377101343021756
w3_fit_spiritual_not_prosocial_uw,treat:covariate_pre_ucla_covid_risk_lifetime_continuous_0_1_imputed_c,-0.037984849698490315,0.08532620640690153,1806,0.1377101343021756
w3_fit_spiritual_not_prosocial_uw,treat:covariate_pre_ucla_flu_last_year_yes_binary_imputed_c,-0.07147204956856727,0.0446060937433796,1806,0.1377101343021756
w3_fit_spiritual_not_prosocial,(Intercept),0.6503882227350078,0.026141283654135365,1806,0.15368656418648707
w3_fit_spiritual_not_prosocial,treat,-0.03951418540174677,0.036214331904193806,1806,0.15368656418648707
w3_fit_spiritual_not_prosocial,pid_7_c,-0.005517155460414622,0.012256008660273487,1806,0.15368656418648707
w3_fit_spiritual_not_prosocial,covariate_pre_lucid_race_hispanic_binnedBlack_c,-0.07786967778269756,0.09933695106021245,1806,0.15368656418648707
w3_fit_spiritual_not_prosocial,covariate_pre_lucid_race_hispanic_binnedHispanic_c,0.13638170168582142,0.0875167544523016,1806,0.15368656418648707
w3_fit_spiritual_not_prosocial,covariate_pre_lucid_race_hispanic_binnedAAPI_c,0.009084478137399798,0.11511188811130019,1806,0.15368656418648707
w3_fit_spiritual_not_prosocial,covariate_pre_lucid_race_hispanic_binnedOther_c,0.1671695130258933,0.12446338795405054,1806,0.15368656418648707
w3_fit_spiritual_not_prosocial,covariate_pre_lucid_age_c,-3.565450580797699e-4,0.001573236075379544,1806,0.15368656418648707
w3_fit_spiritual_not_prosocial,covariate_pre_lucid_genderFemale_c,-0.020327774872673402,0.05409212401026015,1806,0.15368656418648707
w3_fit_spiritual_not_prosocial,"covariate_pre_lucid_household_income_imputed_three_groups$55,000 - $149,999_c",0.0020175049371789367,0.061904266407968145,1806,0.15368656418648707
w3_fit_spiritual_not_prosocial,"covariate_pre_lucid_household_income_imputed_three_groups$150,000 and Over_c",0.0646373853304778,0.08478329720928314,1806,0.15368656418648707
w3_fit_spiritual_not_prosocial,covariate_pre_lucid_education_binnedSome College_c,-0.05937709000319505,0.0659548004334724,1806,0.15368656418648707
w3_fit_spiritual_not_prosocial,covariate_pre_lucid_education_binnedCollege_c,0.08680353245354058,0.07041006237529684,1806,0.15368656418648707
w3_fit_spiritual_not_prosocial,covariate_pre_ucla_covid_worried_about_continuous_0_1_imputed_c,0.17259080261824655,0.09888430988631938,1806,0.15368656418648707
w3_fit_spiritual_not_prosocial,covariate_pre_ucla_covid_risk_month_continuous_0_1_imputed_c,-0.1724861944994939,0.12575928437291184,1806,0.15368656418648707
w3_fit_spiritual_not_prosocial,covariate_pre_ucla_covid_risk_comparative_continuous_0_1_imputed_c,0.0462543599241713,0.09229070397851281,1806,0.15368656418648707
w3_fit_spiritual_not_prosocial,covariate_pre_ucla_covid_risk_lifetime_continuous_0_1_imputed_c,0.01261948891300781,0.10676799242187057,1806,0.15368656418648707
w3_fit_spiritual_not_prosocial,covariate_pre_ucla_flu_last_year_yes_binary_imputed_c,0.26483733436826346,0.05541773523698052,1806,0.15368656418648707
w3_fit_spiritual_not_prosocial,treat:pid_7_c,0.03220043014895009,0.016408538506598163,1806,0.15368656418648707
w3_fit_spiritual_not_prosocial,treat:covariate_pre_lucid_race_hispanic_binnedBlack_c,0.07054838668671881,0.1387963002531247,1806,0.15368656418648707
w3_fit_spiritual_not_prosocial,treat:covariate_pre_lucid_race_hispanic_binnedHispanic_c,-0.08133294115558719,0.12190114443374393,1806,0.15368656418648707
w3_fit_spiritual_not_prosocial,treat:covariate_pre_lucid_race_hispanic_binnedAAPI_c,0.1831165768886982,0.15927611675040465,1806,0.15368656418648707
w3_fit_spiritual_not_prosocial,treat:covariate_pre_lucid_race_hispanic_binnedOther_c,-0.4674123608771455,0.20843818096316277,1806,0.15368656418648707
w3_fit_spiritual_not_prosocial,treat:covariate_pre_lucid_age_c,-0.0013001005892120698,0.002161198189182996,1806,0.15368656418648707
w3_fit_spiritual_not_prosocial,treat:covariate_pre_lucid_genderFemale_c,-0.1662381153193494,0.07443795897826806,1806,0.15368656418648707
w3_fit_spiritual_not_prosocial,"treat:covariate_pre_lucid_household_income_imputed_three_groups$55,000 - $149,999_c",-0.02152450823465038,0.0897498046688193,1806,0.15368656418648707
w3_fit_spiritual_not_prosocial,"treat:covariate_pre_lucid_household_income_imputed_three_groups$150,000 and Over_c",0.03001464304815624,0.1191952255658426,1806,0.15368656418648707
w3_fit_spiritual_not_prosocial,treat:covariate_pre_lucid_education_binnedSome College_c,-3.247138382709246e-4,0.09472038184686561,1806,0.15368656418648707
w3_fit_spiritual_not_prosocial,treat:covariate_pre_lucid_education_binnedCollege_c,-0.05428553642069747,0.09924131767544886,1806,0.15368656418648707
w3_fit_spiritual_not_prosocial,treat:covariate_pre_ucla_covid_worried_about_continuous_0_1_imputed_c,0.08438363546083431,0.14304470303639538,1806,0.15368656418648707
w3_fit_spiritual_not_prosocial,treat:covariate_pre_ucla_covid_risk_month_continuous_0_1_imputed_c,0.09063600946988688,0.17456403166181844,1806,0.15368656418648707
w3_fit_spiritual_not_prosocial,treat:covariate_pre_ucla_covid_risk_comparative_continuous_0_1_imputed_c,-0.06761272274396757,0.13192067700773802,1806,0.15368656418648707
w3_fit_spiritual_not_prosocial,treat:covariate_pre_ucla_covid_risk_lifetime_continuous_0_1_imputed_c,-0.019911537127041343,0.1548453418102926,1806,0.15368656418648707
w3_fit_spiritual_not_prosocial,treat:covariate_pre_ucla_flu_last_year_yes_binary_imputed_c,-0.05482303267590938,0.07705853683891248,1806,0.15368656418648707
w3_fit_spiritual_prosocial_uw,(Intercept),0.6606798246303003,0.01431610609527492,1872,0.1823174043235697
w3_fit_spiritual_prosocial_uw,treat,-0.044424635634990606,0.020337130437350692,1872,0.1823174043235697
w3_fit_spiritual_prosocial_uw,pid_7_c,-0.00326634070099344,0.0063045769166864656,1872,0.1823174043235697
w3_fit_spiritual_prosocial_uw,covariate_pre_lucid_race_hispanic_binnedBlack_c,-0.03541929645055074,0.06447839467657095,1872,0.1823174043235697
w3_fit_spiritual_prosocial_uw,covariate_pre_lucid_race_hispanic_binnedHispanic_c,0.006318718622561222,0.05294428195214305,1872,0.1823174043235697
w3_fit_spiritual_prosocial_uw,covariate_pre_lucid_race_hispanic_binnedAAPI_c,0.06994938376309527,0.07192253072208321,1872,0.1823174043235697
w3_fit_spiritual_prosocial_uw,covariate_pre_lucid_race_hispanic_binnedOther_c,0.08995179833619596,0.08258561231352349,1872,0.1823174043235697
w3_fit_spiritual_prosocial_uw,covariate_pre_lucid_age_c,-0.0022704565935151954,0.0010509025371871928,1872,0.1823174043235697
w3_fit_spiritual_prosocial_uw,covariate_pre_lucid_genderFemale_c,-0.08808778418950848,0.03059152724040311,1872,0.1823174043235697
w3_fit_spiritual_prosocial_uw,"covariate_pre_lucid_household_income_imputed_three_groups$55,000 - $149,999_c",0.03864970238688277,0.03494272094125677,1872,0.1823174043235697
w3_fit_spiritual_prosocial_uw,"covariate_pre_lucid_household_income_imputed_three_groups$150,000 and Over_c",0.125376701881325,0.04559803292758355,1872,0.1823174043235697
w3_fit_spiritual_prosocial_uw,covariate_pre_lucid_education_binnedSome College_c,0.018636242767530488,0.041299011181290556,1872,0.1823174043235697
w3_fit_spiritual_prosocial_uw,covariate_pre_lucid_education_binnedCollege_c,0.11909844943995733,0.041603949215218435,1872,0.1823174043235697
w3_fit_spiritual_prosocial_uw,covariate_pre_ucla_covid_worried_about_continuous_0_1_imputed_c,0.09324443068826885,0.0500739250842298,1872,0.1823174043235697
w3_fit_spiritual_prosocial_uw,covariate_pre_ucla_covid_risk_month_continuous_0_1_imputed_c,0.15748373608329544,0.06673984932183148,1872,0.1823174043235697
w3_fit_spiritual_prosocial_uw,covariate_pre_ucla_covid_risk_comparative_continuous_0_1_imputed_c,-0.07819750838398751,0.051439608020285826,1872,0.1823174043235697
w3_fit_spiritual_prosocial_uw,covariate_pre_ucla_covid_risk_lifetime_continuous_0_1_imputed_c,0.008925584323613523,0.06035762166239364,1872,0.1823174043235697
w3_fit_spiritual_prosocial_uw,covariate_pre_ucla_flu_last_year_yes_binary_imputed_c,0.2835197442049953,0.030683051313475186,1872,0.1823174043235697
w3_fit_spiritual_prosocial_uw,treat:pid_7_c,0.016724584178974093,0.00911028550617518,1872,0.1823174043235697
w3_fit_spiritual_prosocial_uw,treat:covariate_pre_lucid_race_hispanic_binnedBlack_c,0.06966721951467891,0.08491665529296369,1872,0.1823174043235697
w3_fit_spiritual_prosocial_uw,treat:covariate_pre_lucid_race_hispanic_binnedHispanic_c,0.005356150481349097,0.0754271578265529,1872,0.1823174043235697
w3_fit_spiritual_prosocial_uw,treat:covariate_pre_lucid_race_hispanic_binnedAAPI_c,-0.018370307440954126,0.10196468429954514,1872,0.1823174043235697
w3_fit_spiritual_prosocial_uw,treat:covariate_pre_lucid_race_hispanic_binnedOther_c,-0.1677392878081917,0.13327837950415922,1872,0.1823174043235697
w3_fit_spiritual_prosocial_uw,treat:covariate_pre_lucid_age_c,-9.262306611900459e-4,0.0014899092229099704,1872,0.1823174043235697
w3_fit_spiritual_prosocial_uw,treat:covariate_pre_lucid_genderFemale_c,-0.09348049414341783,0.04417097732602881,1872,0.1823174043235697
w3_fit_spiritual_prosocial_uw,"treat:covariate_pre_lucid_household_income_imputed_three_groups$55,000 - $149,999_c",0.00860212276345604,0.04891744393524938,1872,0.1823174043235697
w3_fit_spiritual_prosocial_uw,"treat:covariate_pre_lucid_household_income_imputed_three_groups$150,000 and Over_c",-0.09044252018015056,0.06895383029294969,1872,0.1823174043235697
w3_fit_spiritual_prosocial_uw,treat:covariate_pre_lucid_education_binnedSome College_c,-0.08998185131457055,0.05841669008722002,1872,0.1823174043235697
w3_fit_spiritual_prosocial_uw,treat:covariate_pre_lucid_education_binnedCollege_c,-0.09174015735965015,0.05813454147720696,1872,0.1823174043235697
w3_fit_spiritual_prosocial_uw,treat:covariate_pre_ucla_covid_worried_about_continuous_0_1_imputed_c,0.16510357327848332,0.0735123595981944,1872,0.1823174043235697
w3_fit_spiritual_prosocial_uw,treat:covariate_pre_ucla_covid_risk_month_continuous_0_1_imputed_c,-0.03322322384482153,0.09418242813988598,1872,0.1823174043235697
w3_fit_spiritual_prosocial_uw,treat:covariate_pre_ucla_covid_risk_comparative_continuous_0_1_imputed_c,0.04248945836469322,0.07360838248700874,1872,0.1823174043235697
w3_fit_spiritual_prosocial_uw,treat:covariate_pre_ucla_covid_risk_lifetime_continuous_0_1_imputed_c,-0.030001821704513005,0.08291303930124821,1872,0.1823174043235697
w3_fit_spiritual_prosocial_uw,treat:covariate_pre_ucla_flu_last_year_yes_binary_imputed_c,-0.07764183788957828,0.04325285189414526,1872,0.1823174043235697
w3_fit_spiritual_prosocial,(Intercept),0.6655386998282261,0.024058871866309492,1872,0.2163589598551664
w3_fit_spiritual_prosocial,treat,-0.06670285673441022,0.03451789035029829,1872,0.2163589598551664
w3_fit_spiritual_prosocial,pid_7_c,-0.008313925534826138,0.010303562577624315,1872,0.2163589598551664
w3_fit_spiritual_prosocial,covariate_pre_lucid_race_hispanic_binnedBlack_c,-0.01611492695517196,0.11513097186932988,1872,0.2163589598551664
w3_fit_spiritual_prosocial,covariate_pre_lucid_race_hispanic_binnedHispanic_c,0.14392642025394844,0.09348606531103394,1872,0.2163589598551664
w3_fit_spiritual_prosocial,covariate_pre_lucid_race_hispanic_binnedAAPI_c,0.24207860580673712,0.0678495883517835,1872,0.2163589598551664
w3_fit_spiritual_prosocial,covariate_pre_lucid_race_hispanic_binnedOther_c,0.3206504932336235,0.10588253953715268,1872,0.2163589598551664
w3_fit_spiritual_prosocial,covariate_pre_lucid_age_c,-0.0010332648905590387,0.001461636129529046,1872,0.2163589598551664
w3_fit_spiritual_prosocial,covariate_pre_lucid_genderFemale_c,-0.02052730474733928,0.04294237442081667,1872,0.2163589598551664
w3_fit_spiritual_prosocial,"covariate_pre_lucid_household_income_imputed_three_groups$55,000 - $149,999_c",0.06451840232070057,0.05907426331345733,1872,0.2163589598551664
w3_fit_spiritual_prosocial,"covariate_pre_lucid_household_income_imputed_three_groups$150,000 and Over_c",0.08604686216676305,0.09912080241738101,1872,0.2163589598551664
w3_fit_spiritual_prosocial,covariate_pre_lucid_education_binnedSome College_c,0.00665782129959249,0.05482940814584081,1872,0.2163589598551664
w3_fit_spiritual_prosocial,covariate_pre_lucid_education_binnedCollege_c,0.11478695589756947,0.07557379389960805,1872,0.2163589598551664
w3_fit_spiritual_prosocial,covariate_pre_ucla_covid_worried_about_continuous_0_1_imputed_c,0.0569020503924246,0.08784168203415435,1872,0.2163589598551664
w3_fit_spiritual_prosocial,covariate_pre_ucla_covid_risk_month_continuous_0_1_imputed_c,0.2273208907026376,0.12566442035033434,1872,0.2163589598551664
w3_fit_spiritual_prosocial,covariate_pre_ucla_covid_risk_comparative_continuous_0_1_imputed_c,-0.0735797420708054,0.08685661884821162,1872,0.2163589598551664
w3_fit_spiritual_prosocial,covariate_pre_ucla_covid_risk_lifetime_continuous_0_1_imputed_c,-0.02872853802935425,0.10794525141668965,1872,0.2163589598551664
w3_fit_spiritual_prosocial,covariate_pre_ucla_flu_last_year_yes_binary_imputed_c,0.37311033343934014,0.048886060739040796,1872,0.2163589598551664
w3_fit_spiritual_prosocial,treat:pid_7_c,0.010048725251887,0.015088418930231445,1872,0.2163589598551664
w3_fit_spiritual_prosocial,treat:covariate_pre_lucid_race_hispanic_binnedBlack_c,0.003083446909713582,0.1397185983875998,1872,0.2163589598551664
w3_fit_spiritual_prosocial,treat:covariate_pre_lucid_race_hispanic_binnedHispanic_c,-0.06921327038084371,0.12429930821024342,1872,0.2163589598551664
w3_fit_spiritual_prosocial,treat:covariate_pre_lucid_race_hispanic_binnedAAPI_c,-0.2630846549717386,0.12529218552495583,1872,0.2163589598551664
w3_fit_spiritual_prosocial,treat:covariate_pre_lucid_race_hispanic_binnedOther_c,-0.35181054207868967,0.2022065343111557,1872,0.2163589598551664
w3_fit_spiritual_prosocial,treat:covariate_pre_lucid_age_c,-0.0010796145543323708,0.002201178694238203,1872,0.2163589598551664
w3_fit_spiritual_prosocial,treat:covariate_pre_lucid_genderFemale_c,-0.15929884066130373,0.06702190213280679,1872,0.2163589598551664
w3_fit_spiritual_prosocial,"treat:covariate_pre_lucid_household_income_imputed_three_groups$55,000 - $149,999_c",1.963572023088275e-4,0.08328296535410959,1872,0.2163589598551664
w3_fit_spiritual_prosocial,"treat:covariate_pre_lucid_household_income_imputed_three_groups$150,000 and Over_c",-0.10103901660286324,0.13094024982693817,1872,0.2163589598551664
w3_fit_spiritual_prosocial,treat:covariate_pre_lucid_education_binnedSome College_c,-0.038452067491843274,0.08678732415402829,1872,0.2163589598551664
w3_fit_spiritual_prosocial,treat:covariate_pre_lucid_education_binnedCollege_c,-0.072274225270546,0.10002838758815091,1872,0.2163589598551664
w3_fit_spiritual_prosocial,treat:covariate_pre_ucla_covid_worried_about_continuous_0_1_imputed_c,0.1515917767527331,0.1296582237969371,1872,0.2163589598551664
w3_fit_spiritual_prosocial,treat:covariate_pre_ucla_covid_risk_month_continuous_0_1_imputed_c,-0.08099888033785603,0.16250034939388708,1872,0.2163589598551664
w3_fit_spiritual_prosocial,treat:covariate_pre_ucla_covid_risk_comparative_continuous_0_1_imputed_c,0.06193976375581589,0.12254738246216769,1872,0.2163589598551664
w3_fit_spiritual_prosocial,treat:covariate_pre_ucla_covid_risk_lifetime_continuous_0_1_imputed_c,0.12550523006421044,0.14692427102338976,1872,0.2163589598551664
w3_fit_spiritual_prosocial,treat:covariate_pre_ucla_flu_last_year_yes_binary_imputed_c,-0.10097016460068757,0.0733464663095201,1872,0.2163589598551664
w3_fit_spiritual_uw,(Intercept),0.6695590253017325,0.01006790268227329,3678,0.15588545776659624
w3_fit_spiritual_uw,treat,-0.04425216734227909,0.014556563126241344,3678,0.15588545776659624
w3_fit_spiritual_uw,pid_7_c,-0.006502338250835504,0.004376847602848862,3678,0.15588545776659624
w3_fit_spiritual_uw,covariate_pre_lucid_race_hispanic_binnedBlack_c,-0.07526560196471914,0.04435279039192253,3678,0.15588545776659624
w3_fit_spiritual_uw,covariate_pre_lucid_race_hispanic_binnedHispanic_c,-0.01457581159816046,0.03717186161007331,3678,0.15588545776659624
w3_fit_spiritual_uw,covariate_pre_lucid_race_hispanic_binnedAAPI_c,0.08414406418347735,0.050582786161253314,3678,0.15588545776659624
w3_fit_spiritual_uw,covariate_pre_lucid_race_hispanic_binnedOther_c,0.08312232713253706,0.06243428312261802,3678,0.15588545776659624
w3_fit_spiritual_uw,covariate_pre_lucid_age_c,-0.0019988243387840617,7.219088088532309e-4,3678,0.15588545776659624
w3_fit_spiritual_uw,covariate_pre_lucid_genderFemale_c,-0.10346820791131288,0.021538509880435767,3678,0.15588545776659624
w3_fit_spiritual_uw,"covariate_pre_lucid_household_income_imputed_three_groups$55,000 - $149,999_c",0.027847299077359736,0.02474662392741821,3678,0.15588545776659624
w3_fit_spiritual_uw,"covariate_pre_lucid_household_income_imputed_three_groups$150,000 and Over_c",0.10715666593640912,0.03277949931272209,3678,0.15588545776659624
w3_fit_spiritual_uw,covariate_pre_lucid_education_binnedSome College_c,-0.0038064445020949754,0.029590412561516868,3678,0.15588545776659624
w3_fit_spiritual_uw,covariate_pre_lucid_education_binnedCollege_c,0.1023941508075995,0.029863809815468108,3678,0.15588545776659624
w3_fit_spiritual_uw,covariate_pre_ucla_covid_worried_about_continuous_0_1_imputed_c,0.14253268887714338,0.036501196871268245,3678,0.15588545776659624
w3_fit_spiritual_uw,covariate_pre_ucla_covid_risk_month_continuous_0_1_imputed_c,0.06926869151184216,0.04733360352354732,3678,0.15588545776659624
w3_fit_spiritual_uw,covariate_pre_ucla_covid_risk_comparative_continuous_0_1_imputed_c,-0.08245117624257906,0.03746900066318607,3678,0.15588545776659624
w3_fit_spiritual_uw,covariate_pre_ucla_covid_risk_lifetime_continuous_0_1_imputed_c,0.024152787676519086,0.041976858984353486,3678,0.15588545776659624
w3_fit_spiritual_uw,covariate_pre_ucla_flu_last_year_yes_binary_imputed_c,0.25223001917523585,0.02163245703976005,3678,0.15588545776659624
w3_fit_spiritual_uw,treat:pid_7_c,0.018974255497304044,0.006394708068267483,3678,0.15588545776659624
w3_fit_spiritual_uw,treat:covariate_pre_lucid_race_hispanic_binnedBlack_c,0.09353361763444791,0.06149692153989071,3678,0.15588545776659624
w3_fit_spiritual_uw,treat:covariate_pre_lucid_race_hispanic_binnedHispanic_c,-0.0016746798591787296,0.054380631459527436,3678,0.15588545776659624
w3_fit_spiritual_uw,treat:covariate_pre_lucid_race_hispanic_binnedAAPI_c,-0.029128483085551587,0.07389195976627182,3678,0.15588545776659624
w3_fit_spiritual_uw,treat:covariate_pre_lucid_race_hispanic_binnedOther_c,-0.19448334550185356,0.10193700715187232,3678,0.15588545776659624
w3_fit_spiritual_uw,treat:covariate_pre_lucid_age_c,-6.191994925565588e-4,0.0010410044369304774,3678,0.15588545776659624
w3_fit_spiritual_uw,treat:covariate_pre_lucid_genderFemale_c,-0.06249449758705997,0.031480897473769164,3678,0.15588545776659624
w3_fit_spiritual_uw,"treat:covariate_pre_lucid_household_income_imputed_three_groups$55,000 - $149,999_c",0.011688139579591125,0.03561245468334543,3678,0.15588545776659624
w3_fit_spiritual_uw,"treat:covariate_pre_lucid_household_income_imputed_three_groups$150,000 and Over_c",-0.035162618902946335,0.04883885495439173,3678,0.15588545776659624
w3_fit_spiritual_uw,treat:covariate_pre_lucid_education_binnedSome College_c,-0.06564796075494142,0.042359341461850344,3678,0.15588545776659624
w3_fit_spiritual_uw,treat:covariate_pre_lucid_education_binnedCollege_c,-0.07239788094820011,0.04301308604840571,3678,0.15588545776659624
w3_fit_spiritual_uw,treat:covariate_pre_ucla_covid_worried_about_continuous_0_1_imputed_c,0.10471639797941973,0.052731748976711935,3678,0.15588545776659624
w3_fit_spiritual_uw,treat:covariate_pre_ucla_covid_risk_month_continuous_0_1_imputed_c,-0.03737226314762076,0.06752978827282527,3678,0.15588545776659624
w3_fit_spiritual_uw,treat:covariate_pre_ucla_covid_risk_comparative_continuous_0_1_imputed_c,0.06842731236854246,0.05319339205885275,3678,0.15588545776659624
w3_fit_spiritual_uw,treat:covariate_pre_ucla_covid_risk_lifetime_continuous_0_1_imputed_c,-0.037722123054627944,0.059174501750107904,3678,0.15588545776659624
w3_fit_spiritual_uw,treat:covariate_pre_ucla_flu_last_year_yes_binary_imputed_c,-0.07308601954750805,0.030907684751186215,3678,0.15588545776659624
w3_fit_spiritual,(Intercept),0.65227982465626555,0.017914153986695724,3678,0.16562292977934012
w3_fit_spiritual,treat,-0.04715338049905387,0.02537182137346622,3678,0.16562292977934012
w3_fit_spiritual,pid_7_c,-0.007658748049888799,0.008001266945192119,3678,0.16562292977934012
w3_fit_spiritual,covariate_pre_lucid_race_hispanic_binnedBlack_c,-0.06694488999295616,0.07382646910401537,3678,0.16562292977934012
w3_fit_spiritual,covariate_pre_lucid_race_hispanic_binnedHispanic_c,0.11997085978243577,0.06413071230871371,3678,0.16562292977934012
w3_fit_spiritual,covariate_pre_lucid_race_hispanic_binnedAAPI_c,0.11739420562948515,0.07354197482061983,3678,0.16562292977934012
w3_fit_spiritual,covariate_pre_lucid_race_hispanic_binnedOther_c,0.2522682822013462,0.0840960309592167,3678,0.16562292977934012
w3_fit_spiritual,covariate_pre_lucid_age_c,-8.804091136977419e-4,0.0010812677684742488,3678,0.16562292977934012
w3_fit_spiritual,covariate_pre_lucid_genderFemale_c,-0.024428695572639606,0.035354550166056625,3678,0.16562292977934012
w3_fit_spiritual,"covariate_pre_lucid_household_income_imputed_three_groups$55,000 - $149,999_c",0.03669105584908159,0.04223462059177747,3678,0.16562292977934012
w3_fit_spiritual,"covariate_pre_lucid_household_income_imputed_three_groups$150,000 and Over_c",0.06480838899834471,0.06404712323619584,3678,0.16562292977934012
w3_fit_spiritual,covariate_pre_lucid_education_binnedSome College_c,-0.021198047063715808,0.0443877067408722,3678,0.16562292977934012
w3_fit_spiritual,covariate_pre_lucid_education_binnedCollege_c,0.10361418201813327,0.0506403446573737,3678,0.16562292977934012
w3_fit_spiritual,covariate_pre_ucla_covid_worried_about_continuous_0_1_imputed_c,0.11990004430445565,0.0658592258624594,3678,0.16562292977934012
w3_fit_spiritual,covariate_pre_ucla_covid_risk_month_continuous_0_1_imputed_c,0.02312827645125111,0.08970029534189214,3678,0.16562292977934012
w3_fit_spiritual,covariate_pre_ucla_covid_risk_comparative_continuous_0_1_imputed_c,-0.01608564007730327,0.06287935513980038,3678,0.16562292977934012
w3_fit_spiritual,covariate_pre_ucla_covid_risk_lifetime_continuous_0_1_imputed_c,0.0035216617180773855,0.07789545114989378,3678,0.16562292977934012
w3_fit_spiritual,covariate_pre_ucla_flu_last_year_yes_binary_imputed_c,0.31589810528891793,0.03748293118009498,3678,0.16562292977934012
w3_fit_spiritual,treat:pid_7_c,0.021650481865726778,0.01124287664828187,3678,0.16562292977934012
w3_fit_spiritual,treat:covariate_pre_lucid_race_hispanic_binnedBlack_c,0.06532811714518852,0.09727796154265086,3678,0.16562292977934012
w3_fit_spiritual,treat:covariate_pre_lucid_race_hispanic_binnedHispanic_c,-0.053187536788987216,0.08764039128668351,3678,0.16562292977934012
w3_fit_spiritual,treat:covariate_pre_lucid_race_hispanic_binnedAAPI_c,-0.03356997546732201,0.10725303886079116,3678,0.16562292977934012
w3_fit_spiritual,treat:covariate_pre_lucid_race_hispanic_binnedOther_c,-0.411822654643167,0.14822467819798546,3678,0.16562292977934012
w3_fit_spiritual,treat:covariate_pre_lucid_age_c,-0.0010769542846631014,0.0015504235569842326,3678,0.16562292977934012
w3_fit_spiritual,treat:covariate_pre_lucid_genderFemale_c,-0.1629289682320923,0.051162706700616636,3678,0.16562292977934012
w3_fit_spiritual,"treat:covariate_pre_lucid_household_income_imputed_three_groups$55,000 - $149,999_c",-0.01355325290804203,0.06033125297510687,3678,0.16562292977934012
w3_fit_spiritual,"treat:covariate_pre_lucid_household_income_imputed_three_groups$150,000 and Over_c",-0.039954538907034924,0.0893118002347028,3678,0.16562292977934012
w3_fit_spiritual,treat:covariate_pre_lucid_education_binnedSome College_c,-0.03876736118090141,0.064915549005634,3678,0.16562292977934012
w3_fit_spiritual,treat:covariate_pre_lucid_education_binnedCollege_c,-0.06620052635473098,0.07040074459725618,3678,0.16562292977934012
w3_fit_spiritual,treat:covariate_pre_ucla_covid_worried_about_continuous_0_1_imputed_c,0.09812973914948385,0.09770882549624083,3678,0.16562292977934012
w3_fit_spiritual,treat:covariate_pre_ucla_covid_risk_month_continuous_0_1_imputed_c,0.03539924802021219,0.12148760162792131,3678,0.16562292977934012
w3_fit_spiritual,treat:covariate_pre_ucla_covid_risk_comparative_continuous_0_1_imputed_c,0.007096380508316939,0.08949032912235608,3678,0.16562292977934012
w3_fit_spiritual,treat:covariate_pre_ucla_covid_risk_lifetime_continuous_0_1_imputed_c,0.019488389183182745,0.10829972124599545,3678,0.16562292977934012
w3_fit_spiritual,treat:covariate_pre_ucla_flu_last_year_yes_binary_imputed_c,-0.07473659096685055,0.054702967398019796,3678,0.16562292977934012
w3_fit_trump_not_prosocial_uw,(Intercept),0.6818807827638119,0.014270312952948616,1821,0.17870103707983387
w3_fit_trump_not_prosocial_uw,treat,-0.10371040472564386,0.020782977072708125,1821,0.17870103707983387
w3_fit_trump_not_prosocial_uw,pid_7_c,-0.009834742675801434,0.006218711721502681,1821,0.17870103707983387
w3_fit_trump_not_prosocial_uw,covariate_pre_lucid_race_hispanic_binnedBlack_c,-0.10568870930402142,0.061841933288078854,1821,0.17870103707983387
w3_fit_trump_not_prosocial_uw,covariate_pre_lucid_race_hispanic_binnedHispanic_c,-0.02923934629847323,0.05282213116157677,1821,0.17870103707983387
w3_fit_trump_not_prosocial_uw,covariate_pre_lucid_race_hispanic_binnedAAPI_c,0.09486305399351982,0.07096138545399847,1821,0.17870103707983387
w3_fit_trump_not_prosocial_uw,covariate_pre_lucid_race_hispanic_binnedOther_c,0.09114162923595086,0.09487169769980515,1821,0.17870103707983387
w3_fit_trump_not_prosocial_uw,covariate_pre_lucid_age_c,-0.0016362630391910467,0.001006168876468135,1821,0.17870103707983387
w3_fit_trump_not_prosocial_uw,covariate_pre_lucid_genderFemale_c,-0.11643240105448521,0.031005635817105495,1821,0.17870103707983387
w3_fit_trump_not_prosocial_uw,"covariate_pre_lucid_household_income_imputed_three_groups$55,000 - $149,999_c",0.026520013273722474,0.03602264397956216,1821,0.17870103707983387
w3_fit_trump_not_prosocial_uw,"covariate_pre_lucid_household_income_imputed_three_groups$150,000 and Over_c",0.09414409172274589,0.04742269445052573,1821,0.17870103707983387
w3_fit_trump_not_prosocial_uw,covariate_pre_lucid_education_binnedSome College_c,-0.024860859692415,0.04277251426843674,1821,0.17870103707983387
w3_fit_trump_not_prosocial_uw,covariate_pre_lucid_education_binnedCollege_c,0.0868584765968295,0.043078336376873284,1821,0.17870103707983387
w3_fit_trump_not_prosocial_uw,covariate_pre_ucla_covid_worried_about_continuous_0_1_imputed_c,0.1964713842581778,0.05420641480925183,1821,0.17870103707983387
w3_fit_trump_not_prosocial_uw,covariate_pre_ucla_covid_risk_month_continuous_0_1_imputed_c,-0.03068611775112107,0.06858468375747308,1821,0.17870103707983387
w3_fit_trump_not_prosocial_uw,covariate_pre_ucla_covid_risk_comparative_continuous_0_1_imputed_c,-0.08371377466498099,0.05554201066313979,1821,0.17870103707983387
w3_fit_trump_not_prosocial_uw,covariate_pre_ucla_covid_risk_lifetime_continuous_0_1_imputed_c,0.032081919817908415,0.059194777864118815,1821,0.17870103707983387
w3_fit_trump_not_prosocial_uw,covariate_pre_ucla_flu_last_year_yes_binary_imputed_c,0.2233186073754799,0.030816115983623327,1821,0.17870103707983387
w3_fit_trump_not_prosocial_uw,treat:pid_7_c,0.06224408463703871,0.009120136976536937,1821,0.17870103707983387
w3_fit_trump_not_prosocial_uw,treat:covariate_pre_lucid_race_hispanic_binnedBlack_c,0.07952547943963492,0.08485919848696584,1821,0.17870103707983387
w3_fit_trump_not_prosocial_uw,treat:covariate_pre_lucid_race_hispanic_binnedHispanic_c,0.020632498500478283,0.07404399544153456,1821,0.17870103707983387
w3_fit_trump_not_prosocial_uw,treat:covariate_pre_lucid_race_hispanic_binnedAAPI_c,-0.0031146804530329058,0.11075736711655317,1821,0.17870103707983387
w3_fit_trump_not_prosocial_uw,treat:covariate_pre_lucid_race_hispanic_binnedOther_c,-0.11239097486602011,0.1504546656742341,1821,0.17870103707983387
w3_fit_trump_not_prosocial_uw,treat:covariate_pre_lucid_age_c,-8.388316581693093e-4,0.001489098120668767,1821,0.17870103707983387
w3_fit_trump_not_prosocial_uw,treat:covariate_pre_lucid_genderFemale_c,-0.02573089791406565,0.04560250527343545,1821,0.17870103707983387
w3_fit_trump_not_prosocial_uw,"treat:covariate_pre_lucid_household_income_imputed_three_groups$55,000 - $149,999_c",0.025106058584703904,0.05164493500702215,1821,0.17870103707983387
w3_fit_trump_not_prosocial_uw,"treat:covariate_pre_lucid_household_income_imputed_three_groups$150,000 and Over_c",0.01972954395794657,0.06963533443183133,1821,0.17870103707983387
w3_fit_trump_not_prosocial_uw,treat:covariate_pre_lucid_education_binnedSome College_c,-0.04382661170867089,0.061657157747374784,1821,0.17870103707983387
w3_fit_trump_not_prosocial_uw,treat:covariate_pre_lucid_education_binnedCollege_c,-0.07557200916828269,0.06253844880019455,1821,0.17870103707983387
w3_fit_trump_not_prosocial_uw,treat:covariate_pre_ucla_covid_worried_about_continuous_0_1_imputed_c,0.014298356079807248,0.07912161207505912,1821,0.17870103707983387
w3_fit_trump_not_prosocial_uw,treat:covariate_pre_ucla_covid_risk_month_continuous_0_1_imputed_c,0.0997122612752783,0.09622904151628164,1821,0.17870103707983387
w3_fit_trump_not_prosocial_uw,treat:covariate_pre_ucla_covid_risk_comparative_continuous_0_1_imputed_c,0.07962200645130117,0.07874307122570388,1821,0.17870103707983387
w3_fit_trump_not_prosocial_uw,treat:covariate_pre_ucla_covid_risk_lifetime_continuous_0_1_imputed_c,-0.06081944221872671,0.08616682508645958,1821,0.17870103707983387
w3_fit_trump_not_prosocial_uw,treat:covariate_pre_ucla_flu_last_year_yes_binary_imputed_c,-0.04528562733350831,0.0442127264266294,1821,0.17870103707983387
w3_fit_trump_not_prosocial,(Intercept),0.6468706933018469,0.026373272977375014,1821,0.16532230505490142
w3_fit_trump_not_prosocial,treat,-0.12673224619067816,0.037706280353921026,1821,0.16532230505490142
w3_fit_trump_not_prosocial,pid_7_c,-0.005517155460414599,0.012255040239494008,1821,0.16532230505490142
w3_fit_trump_not_prosocial,covariate_pre_lucid_race_hispanic_binnedBlack_c,-0.07786967778269774,0.09932910185169425,1821,0.16532230505490142
w3_fit_trump_not_prosocial,covariate_pre_lucid_race_hispanic_binnedHispanic_c,0.1363817016858212,0.08750983922843728,1821,0.16532230505490142
w3_fit_trump_not_prosocial,covariate_pre_lucid_race_hispanic_binnedAAPI_c,0.009084478137399732,0.11510279243035688,1821,0.16532230505490142
w3_fit_trump_not_prosocial,covariate_pre_lucid_race_hispanic_binnedOther_c,0.16716951302589356,0.12445355335499614,1821,0.16532230505490142
w3_fit_trump_not_prosocial,covariate_pre_lucid_age_c,-3.565450580797708e-4,0.0015731117645579177,1821,0.16532230505490142
w3_fit_trump_not_prosocial,covariate_pre_lucid_genderFemale_c,-0.020327774872673395,0.05408784986699304,1821,0.16532230505490142
w3_fit_trump_not_prosocial,"covariate_pre_lucid_household_income_imputed_three_groups$55,000 - $149,999_c",0.002017504937178764,0.06189937498045773,1821,0.16532230505490142
w3_fit_trump_not_prosocial,"covariate_pre_lucid_household_income_imputed_three_groups$150,000 and Over_c",0.06463738533047747,0.08477659797227659,1821,0.16532230505490142
w3_fit_trump_not_prosocial,covariate_pre_lucid_education_binnedSome College_c,-0.05937709000319496,0.06594958894896578,1821,0.16532230505490142
w3_fit_trump_not_prosocial,covariate_pre_lucid_education_binnedCollege_c,0.08680353245354061,0.07040449885381282,1821,0.16532230505490142
w3_fit_trump_not_prosocial,covariate_pre_ucla_covid_worried_about_continuous_0_1_imputed_c,0.1725908026182465,0.09887649644369602,1821,0.16532230505490142
w3_fit_trump_not_prosocial,covariate_pre_ucla_covid_risk_month_continuous_0_1_imputed_c,-0.17248619449949418,0.12574934737730645,1821,0.16532230505490142
w3_fit_trump_not_prosocial,covariate_pre_ucla_covid_risk_comparative_continuous_0_1_imputed_c,0.04625435992417132,0.09228341153625352,1821,0.16532230505490142
w3_fit_trump_not_prosocial,covariate_pre_ucla_covid_risk_lifetime_continuous_0_1_imputed_c,0.012619488913007836,0.10675955604218831,1821,0.16532230505490142
w3_fit_trump_not_prosocial,covariate_pre_ucla_flu_last_year_yes_binary_imputed_c,0.26483733436826357,0.055413356349216764,1821,0.16532230505490142
w3_fit_trump_not_prosocial,treat:pid_7_c,0.05168921840396787,0.016932309568651892,1821,0.16532230505490142
w3_fit_trump_not_prosocial,treat:covariate_pre_lucid_race_hispanic_binnedBlack_c,-0.04246918513284203,0.13246362891379745,1821,0.16532230505490142
w3_fit_trump_not_prosocial,treat:covariate_pre_lucid_race_hispanic_binnedHispanic_c,-0.0966019405065407,0.12104106560205433,1821,0.16532230505490142
w3_fit_trump_not_prosocial,treat:covariate_pre_lucid_race_hispanic_binnedAAPI_c,0.17268568070876691,0.20432481698985314,1821,0.16532230505490142
w3_fit_trump_not_prosocial,treat:covariate_pre_lucid_race_hispanic_binnedOther_c,-0.15764984672521062,0.20941234025881625,1821,0.16532230505490142
w3_fit_trump_not_prosocial,treat:covariate_pre_lucid_age_c,-6.584128773061757e-4,0.002263135411073535,1821,0.16532230505490142
w3_fit_trump_not_prosocial,treat:covariate_pre_lucid_genderFemale_c,-0.12778672324379423,0.07779794882725848,1821,0.16532230505490142
w3_fit_trump_not_prosocial,"treat:covariate_pre_lucid_household_income_imputed_three_groups$55,000 - $149,999_c",0.0575215132683164,0.08930014795195083,1821,0.16532230505490142
w3_fit_trump_not_prosocial,"treat:covariate_pre_lucid_household_income_imputed_three_groups$150,000 and Over_c",0.12179421791600857,0.12485765855913916,1821,0.16532230505490142
w3_fit_trump_not_prosocial,treat:covariate_pre_lucid_education_binnedSome College_c,-0.016017499641383923,0.09867015327567782,1821,0.16532230505490142
w3_fit_trump_not_prosocial,treat:covariate_pre_lucid_education_binnedCollege_c,-0.11674566861641797,0.10206228991749762,1821,0.16532230505490142
w3_fit_trump_not_prosocial,treat:covariate_pre_ucla_covid_worried_about_continuous_0_1_imputed_c,0.13794031590951852,0.15230365481340108,1821,0.16532230505490142
w3_fit_trump_not_prosocial,treat:covariate_pre_ucla_covid_risk_month_continuous_0_1_imputed_c,0.16156400426296993,0.1805256313630817,1821,0.16532230505490142
w3_fit_trump_not_prosocial,treat:covariate_pre_ucla_covid_risk_comparative_continuous_0_1_imputed_c,-0.0890051395069717,0.13834936503363693,1821,0.16532230505490142
w3_fit_trump_not_prosocial,treat:covariate_pre_ucla_covid_risk_lifetime_continuous_0_1_imputed_c,0.00807336021564235,0.16117480956751168,1821,0.16532230505490142
w3_fit_trump_not_prosocial,treat:covariate_pre_ucla_flu_last_year_yes_binary_imputed_c,-0.10388326676920462,0.0792635512389379,1821,0.16532230505490142
w3_fit_trump_prosocial_uw,(Intercept),0.6649391532085923,0.014146861893674704,1859,0.172088566649663
w3_fit_trump_prosocial_uw,treat,-0.06608637222332871,0.02057989115152147,1859,0.172088566649663
w3_fit_trump_prosocial_uw,pid_7_c,-0.003266340700993406,0.006304984733814498,1859,0.172088566649663
w3_fit_trump_prosocial_uw,covariate_pre_lucid_race_hispanic_binnedBlack_c,-0.03541929645054974,0.06448256551849936,1859,0.172088566649663
w3_fit_trump_prosocial_uw,covariate_pre_lucid_race_hispanic_binnedHispanic_c,0.006318718622561176,0.05294770669979918,1859,0.172088566649663
w3_fit_trump_prosocial_uw,covariate_pre_lucid_race_hispanic_binnedAAPI_c,0.06994938376309469,0.0719271830945274,1859,0.172088566649663
w3_fit_trump_prosocial_uw,covariate_pre_lucid_race_hispanic_binnedOther_c,0.08995179833619532,0.08259095443682139,1859,0.172088566649663
w3_fit_trump_prosocial_uw,covariate_pre_lucid_age_c,-0.0022704565935152167,0.0010509705157462981,1859,0.172088566649663
w3_fit_trump_prosocial_uw,covariate_pre_lucid_genderFemale_c,-0.08808778418950819,0.030593506080370765,1859,0.172088566649663
w3_fit_trump_prosocial_uw,"covariate_pre_lucid_household_income_imputed_three_groups$55,000 - $149,999_c",0.03864970238688241,0.034944981242033296,1859,0.172088566649663
w3_fit_trump_prosocial_uw,"covariate_pre_lucid_household_income_imputed_three_groups$150,000 and Over_c",0.1253767018813251,0.045600982476630005,1859,0.172088566649663
w3_fit_trump_prosocial_uw,covariate_pre_lucid_education_binnedSome College_c,0.01863624276753067,0.04130168264431707,1859,0.172088566649663
w3_fit_trump_prosocial_uw,covariate_pre_lucid_education_binnedCollege_c,0.11909844943995725,0.04160664040343114,1859,0.172088566649663
w3_fit_trump_prosocial_uw,covariate_pre_ucla_covid_worried_about_continuous_0_1_imputed_c,0.09324443068826767,0.05007716416031493,1859,0.172088566649663
w3_fit_trump_prosocial_uw,covariate_pre_ucla_covid_risk_month_continuous_0_1_imputed_c,0.15748373608329572,0.06674416644795043,1859,0.172088566649663
w3_fit_trump_prosocial_uw,covariate_pre_ucla_covid_risk_comparative_continuous_0_1_imputed_c,-0.07819750838398808,0.05144293543677833,1859,0.172088566649663
w3_fit_trump_prosocial_uw,covariate_pre_ucla_covid_risk_lifetime_continuous_0_1_imputed_c,0.008925584323614592,0.060361525948477636,1859,0.172088566649663
w3_fit_trump_prosocial_uw,covariate_pre_ucla_flu_last_year_yes_binary_imputed_c,0.28351974420499526,0.030685036073758356,1859,0.172088566649663
w3_fit_trump_prosocial_uw,treat:pid_7_c,0.050580675168947486,0.00914273645350759,1859,0.172088566649663
w3_fit_trump_prosocial_uw,treat:covariate_pre_lucid_race_hispanic_binnedBlack_c,0.010220944368245074,0.09101998773044755,1859,0.172088566649663
w3_fit_trump_prosocial_uw,treat:covariate_pre_lucid_race_hispanic_binnedHispanic_c,-0.02016314557923919,0.07403951050238992,1859,0.172088566649663
w3_fit_trump_prosocial_uw,treat:covariate_pre_lucid_race_hispanic_binnedAAPI_c,0.044789277057081245,0.1130258635012573,1859,0.172088566649663
w3_fit_trump_prosocial_uw,treat:covariate_pre_lucid_race_hispanic_binnedOther_c,-0.17366162458529155,0.15037159550767118,1859,0.172088566649663
w3_fit_trump_prosocial_uw,treat:covariate_pre_lucid_age_c,-0.0021940984581054995,0.0015229496394727753,1859,0.172088566649663
w3_fit_trump_prosocial_uw,treat:covariate_pre_lucid_genderFemale_c,-0.06391968230413189,0.04498673916113863,1859,0.172088566649663
w3_fit_trump_prosocial_uw,"treat:covariate_pre_lucid_household_income_imputed_three_groups$55,000 - $149,999_c",0.051527134661231454,0.051182994611468066,1859,0.172088566649663
w3_fit_trump_prosocial_uw,"treat:covariate_pre_lucid_household_income_imputed_three_groups$150,000 and Over_c",-3.7685098558360226e-5,0.06591078261890804,1859,0.172088566649663
w3_fit_trump_prosocial_uw,treat:covariate_pre_lucid_education_binnedSome College_c,-0.052261940829037144,0.0606483925428531,1859,0.172088566649663
w3_fit_trump_prosocial_uw,treat:covariate_pre_lucid_education_binnedCollege_c,-0.09134106336940491,0.061072275507090434,1859,0.172088566649663
w3_fit_trump_prosocial_uw,treat:covariate_pre_ucla_covid_worried_about_continuous_0_1_imputed_c,-0.02161132938394883,0.07327796324123463,1859,0.172088566649663
w3_fit_trump_prosocial_uw,treat:covariate_pre_ucla_covid_risk_month_continuous_0_1_imputed_c,-0.18834607641024065,0.09429581760128032,1859,0.172088566649663
w3_fit_trump_prosocial_uw,treat:covariate_pre_ucla_covid_risk_comparative_continuous_0_1_imputed_c,0.08202655040846506,0.07625151249077827,1859,0.172088566649663
w3_fit_trump_prosocial_uw,treat:covariate_pre_ucla_covid_risk_lifetime_continuous_0_1_imputed_c,0.04776705393801728,0.08430562057253904,1859,0.172088566649663
w3_fit_trump_prosocial_uw,treat:covariate_pre_ucla_flu_last_year_yes_binary_imputed_c,-0.18146941759467755,0.04372296292242309,1859,0.172088566649663
w3_fit_trump_prosocial,(Intercept),0.6635647819175586,0.023570183580508972,1859,0.23161042388084163
w3_fit_trump_prosocial,treat,-0.05649058440274383,0.03396072951053785,1859,0.23161042388084163
w3_fit_trump_prosocial,pid_7_c,-0.008313925534826143,0.010304229072673017,1859,0.23161042388084163
w3_fit_trump_prosocial,covariate_pre_lucid_race_hispanic_binnedBlack_c,-0.016114926955172224,0.11513841921796543,1859,0.23161042388084163
w3_fit_trump_prosocial,covariate_pre_lucid_race_hispanic_binnedHispanic_c,0.1439264202539481,0.09349211253976486,1859,0.23161042388084163
w3_fit_trump_prosocial,covariate_pre_lucid_race_hispanic_binnedAAPI_c,0.24207860580673704,0.06785397726235218,1859,0.23161042388084163
w3_fit_trump_prosocial,covariate_pre_lucid_race_hispanic_binnedOther_c,0.3206504932336232,0.10588938864277127,1859,0.23161042388084163
w3_fit_trump_prosocial,covariate_pre_lucid_age_c,-0.0010332648905590402,0.0014617306767534604,1859,0.23161042388084163
w3_fit_trump_prosocial,covariate_pre_lucid_genderFemale_c,-0.02052730474733915,0.04294515218624633,1859,0.23161042388084163
w3_fit_trump_prosocial,"covariate_pre_lucid_household_income_imputed_three_groups$55,000 - $149,999_c",0.06451840232070062,0.05907808458437275,1859,0.23161042388084163
w3_fit_trump_prosocial,"covariate_pre_lucid_household_income_imputed_three_groups$150,000 and Over_c",0.08604686216676308,0.09912721413406032,1859,0.23161042388084163
w3_fit_trump_prosocial,covariate_pre_lucid_education_binnedSome College_c,0.006657821299592699,0.05483295483454949,1859,0.23161042388084163
w3_fit_trump_prosocial,covariate_pre_lucid_education_binnedCollege_c,0.11478695589756972,0.07557868245723716,1859,0.23161042388084163
w3_fit_trump_prosocial,covariate_pre_ucla_covid_worried_about_continuous_0_1_imputed_c,0.05690205039242494,0.08784736415096622,1859,0.23161042388084163
w3_fit_trump_prosocial,covariate_pre_ucla_covid_risk_month_continuous_0_1_imputed_c,0.227320890702638,0.12567254906439126,1859,0.23161042388084163
w3_fit_trump_prosocial,covariate_pre_ucla_covid_risk_comparative_continuous_0_1_imputed_c,-0.07357974207080546,0.08686223724534108,1859,0.23161042388084163
w3_fit_trump_prosocial,covariate_pre_ucla_covid_risk_lifetime_continuous_0_1_imputed_c,-0.028728538029355058,0.10795223395064897,1859,0.23161042388084163
w3_fit_trump_prosocial,covariate_pre_ucla_flu_last_year_yes_binary_imputed_c,0.3731103334393403,0.04888922297707133,1859,0.23161042388084163
w3_fit_trump_prosocial,treat:pid_7_c,0.08674831566621469,0.014297807975814161,1859,0.23161042388084163
w3_fit_trump_prosocial,treat:covariate_pre_lucid_race_hispanic_binnedBlack_c,0.09186248707092011,0.14519631636659777,1859,0.23161042388084163
w3_fit_trump_prosocial,treat:covariate_pre_lucid_race_hispanic_binnedHispanic_c,-0.018772493621921668,0.12728046654027994,1859,0.23161042388084163
w3_fit_trump_prosocial,treat:covariate_pre_lucid_race_hispanic_binnedAAPI_c,-0.17824888454095628,0.12684326413181166,1859,0.23161042388084163
w3_fit_trump_prosocial,treat:covariate_pre_lucid_race_hispanic_binnedOther_c,-0.1959737970831766,0.18157681277040003,1859,0.23161042388084163
w3_fit_trump_prosocial,treat:covariate_pre_lucid_age_c,-0.002273938818615754,0.0023012497306045925,1859,0.23161042388084163
w3_fit_trump_prosocial,treat:covariate_pre_lucid_genderFemale_c,-0.08890061436949286,0.06650238742587748,1859,0.23161042388084163
w3_fit_trump_prosocial,"treat:covariate_pre_lucid_household_income_imputed_three_groups$55,000 - $149,999_c",0.04993620667815525,0.08609740872992369,1859,0.23161042388084163
w3_fit_trump_prosocial,"treat:covariate_pre_lucid_household_income_imputed_three_groups$150,000 and Over_c",-0.03715992317692294,0.1309476041219157,1859,0.23161042388084163
w3_fit_trump_prosocial,treat:covariate_pre_lucid_education_binnedSome College_c,-0.1431354129178447,0.08557113146201098,1859,0.23161042388084163
w3_fit_trump_prosocial,treat:covariate_pre_lucid_education_binnedCollege_c,-0.12454374854028438,0.10243089273719345,1859,0.23161042388084163
w3_fit_trump_prosocial,treat:covariate_pre_ucla_covid_worried_about_continuous_0_1_imputed_c,0.14023031599210384,0.12478889272039102,1859,0.23161042388084163
w3_fit_trump_prosocial,treat:covariate_pre_ucla_covid_risk_month_continuous_0_1_imputed_c,-0.37101910368999763,0.17377377782361145,1859,0.23161042388084163
w3_fit_trump_prosocial,treat:covariate_pre_ucla_covid_risk_comparative_continuous_0_1_imputed_c,0.07553397366359832,0.12520322101959383,1859,0.23161042388084163
w3_fit_trump_prosocial,treat:covariate_pre_ucla_covid_risk_lifetime_continuous_0_1_imputed_c,0.15763109554087126,0.14462505476306706,1859,0.23161042388084163
w3_fit_trump_prosocial,treat:covariate_pre_ucla_flu_last_year_yes_binary_imputed_c,-0.22723547362487928,0.07198805368160392,1859,0.23161042388084163
w3_fit_trump_uw,(Intercept),0.6735952265321657,0.010005848697532939,3680,0.1698290026020094
w3_fit_trump_uw,treat,-0.08502284511970142,0.014578139624452474,3680,0.1698290026020094
w3_fit_trump_uw,pid_7_c,-0.006502338250835724,0.004376836505672158,3680,0.1698290026020094
w3_fit_trump_uw,covariate_pre_lucid_race_hispanic_binnedBlack_c,-0.07526560196472072,0.04435267793866905,3680,0.1698290026020094
w3_fit_trump_uw,covariate_pre_lucid_race_hispanic_binnedHispanic_c,-0.014575811598161414,0.037171767363538756,3680,0.1698290026020094
w3_fit_trump_uw,covariate_pre_lucid_race_hispanic_binnedAAPI_c,0.08414406418347864,0.05058265791230196,3680,0.1698290026020094
w3_fit_trump_uw,covariate_pre_lucid_race_hispanic_binnedOther_c,0.08312232713253605,0.062434124825062644,3680,0.1698290026020094
w3_fit_trump_uw,covariate_pre_lucid_age_c,-0.001998824338784074,7.219069785062794e-4,3680,0.1698290026020094
w3_fit_trump_uw,covariate_pre_lucid_genderFemale_c,-0.10346820791131214,0.021538455271120333,3680,0.1698290026020094
w3_fit_trump_uw,"covariate_pre_lucid_household_income_imputed_three_groups$55,000 - $149,999_c",0.02784729907736012,0.02474656118416446,3680,0.1698290026020094
w3_fit_trump_uw,"covariate_pre_lucid_household_income_imputed_three_groups$150,000 and Over_c",0.10715666593640823,0.032779416202700785,3680,0.1698290026020094
w3_fit_trump_uw,covariate_pre_lucid_education_binnedSome College_c,-0.0038064445020948314,0.029590337537191442,3680,0.1698290026020094
w3_fit_trump_uw,covariate_pre_lucid_education_binnedCollege_c,0.1023941508076006,0.02986373409796408,3680,0.1698290026020094
w3_fit_trump_uw,covariate_pre_ucla_covid_worried_about_continuous_0_1_imputed_c,0.14253268887714451,0.03650110432515518,3680,0.1698290026020094
w3_fit_trump_uw,covariate_pre_ucla_covid_risk_month_continuous_0_1_imputed_c,0.06926869151184294,0.04733348351265994,3680,0.1698290026020094
w3_fit_trump_uw,covariate_pre_ucla_covid_risk_comparative_continuous_0_1_imputed_c,-0.08245117624257947,0.037468905663277284,3680,0.1698290026020094
w3_fit_trump_uw,covariate_pre_ucla_covid_risk_lifetime_continuous_0_1_imputed_c,0.02415278767651842,0.04197675255509979,3680,0.1698290026020094
w3_fit_trump_uw,covariate_pre_ucla_flu_last_year_yes_binary_imputed_c,0.2522300191752363,0.021632402192248466,3680,0.1698290026020094
w3_fit_trump_uw,treat:pid_7_c,0.05578223667810823,0.006393294433124543,3680,0.1698290026020094
w3_fit_trump_uw,treat:covariate_pre_lucid_race_hispanic_binnedBlack_c,0.0453191159601249,0.06178315491382632,3680,0.1698290026020094
w3_fit_trump_uw,treat:covariate_pre_lucid_race_hispanic_binnedHispanic_c,-5.682785159147133e-4,0.051952299839860834,3680,0.1698290026020094
w3_fit_trump_uw,treat:covariate_pre_lucid_race_hispanic_binnedAAPI_c,0.017482188032239217,0.07915415056180894,3680,0.1698290026020094
w3_fit_trump_uw,treat:covariate_pre_lucid_race_hispanic_binnedOther_c,-0.14422760087541028,0.10608413522551492,3680,0.1698290026020094
w3_fit_trump_uw,treat:covariate_pre_lucid_age_c,-0.0015435158182853157,0.001056620577279021,3680,0.1698290026020094
w3_fit_trump_uw,treat:covariate_pre_lucid_genderFemale_c,-0.043995079906316646,0.031752516782796635,3680,0.1698290026020094
w3_fit_trump_uw,"treat:covariate_pre_lucid_household_income_imputed_three_groups$55,000 - $149,999_c",0.03957474530673254,0.03610274878093797,3680,0.1698290026020094
w3_fit_trump_uw,"treat:covariate_pre_lucid_household_income_imputed_three_groups$150,000 and Over_c",0.009479427432671383,0.04770403742998286,3680,0.1698290026020094
w3_fit_trump_uw,treat:covariate_pre_lucid_education_binnedSome College_c,-0.04281878315756379,0.042935776565615945,3680,0.1698290026020094
w3_fit_trump_uw,treat:covariate_pre_lucid_education_binnedCollege_c,-0.07798080693976307,0.043500521398847386,3680,0.1698290026020094
w3_fit_trump_uw,treat:covariate_pre_ucla_covid_worried_about_continuous_0_1_imputed_c,-0.00806723867929359,0.053554808773909335,3680,0.1698290026020094
w3_fit_trump_uw,treat:covariate_pre_ucla_covid_risk_month_continuous_0_1_imputed_c,-0.046798793073450536,0.06681847638496746,3680,0.1698290026020094
w3_fit_trump_uw,treat:covariate_pre_ucla_covid_risk_comparative_continuous_0_1_imputed_c,0.07938478628756417,0.05440067076938196,3680,0.1698290026020094
w3_fit_trump_uw,treat:covariate_pre_ucla_covid_risk_lifetime_continuous_0_1_imputed_c,-0.010623642931421646,0.06000672355973825,3680,0.1698290026020094
w3_fit_trump_uw,treat:covariate_pre_ucla_flu_last_year_yes_binary_imputed_c,-0.11220052458394805,0.03089415768875508,3680,0.1698290026020094
w3_fit_trump,(Intercept),0.6533186556307085,0.017995721916420408,3680,0.1787955913765512
w3_fit_trump,treat,-0.09228478251109247,0.02576456001364143,3680,0.1787955913765512
w3_fit_trump,pid_7_c,-0.0076587480498888204,0.008001246658565393,3680,0.1787955913765512
w3_fit_trump,covariate_pre_lucid_race_hispanic_binnedBlack_c,-0.06694488999295627,0.07382628192240617,3680,0.1787955913765512
w3_fit_trump,covariate_pre_lucid_race_hispanic_binnedHispanic_c,0.11997085978243618,0.06413054970998647,3680,0.1787955913765512
w3_fit_trump,covariate_pre_lucid_race_hispanic_binnedAAPI_c,0.11739420562948541,0.07354178836032538,3680,0.1787955913765512
w3_fit_trump,covariate_pre_lucid_race_hispanic_binnedOther_c,0.25226828220134656,0.08409581773988532,3680,0.1787955913765512
w3_fit_trump,covariate_pre_lucid_age_c,-8.804091136977436e-4,0.0010812650269989609,3680,0.1787955913765512
w3_fit_trump,covariate_pre_lucid_genderFemale_c,-0.024428695572639447,0.03535446052718234,3680,0.1787955913765512
w3_fit_trump,"covariate_pre_lucid_household_income_imputed_three_groups$55,000 - $149,999_c",0.03669105584908142,0.04223451350898798,3680,0.1787955913765512
w3_fit_trump,"covariate_pre_lucid_household_income_imputed_three_groups$150,000 and Over_c",0.0648083889983445,0.06404696084940265,3680,0.1787955913765512
w3_fit_trump,covariate_pre_lucid_education_binnedSome College_c,-0.02119804706371605,0.04438759419909043,3680,0.1787955913765512
w3_fit_trump,covariate_pre_lucid_education_binnedCollege_c,0.10361418201813341,0.050640216262486305,3680,0.1787955913765512
w3_fit_trump,covariate_pre_ucla_covid_worried_about_continuous_0_1_imputed_c,0.11990004430445558,0.06585905888121246,3680,0.1787955913765512
w3_fit_trump,covariate_pre_ucla_covid_risk_month_continuous_0_1_imputed_c,0.023128276451251022,0.08970006791335859,3680,0.1787955913765512
w3_fit_trump,covariate_pre_ucla_covid_risk_comparative_continuous_0_1_imputed_c,-0.016085640077303485,0.06287919571379776,3680,0.1787955913765512
w3_fit_trump,covariate_pre_ucla_covid_risk_lifetime_continuous_0_1_imputed_c,0.003521661718077531,0.07789525365167846,3680,0.1787955913765512
w3_fit_trump,covariate_pre_ucla_flu_last_year_yes_binary_imputed_c,0.3158981052889177,0.03748283614486635,3680,0.1787955913765512
w3_fit_trump,treat:pid_7_c,0.069045710165147,0.011318734857361672,3680,0.1787955913765512
w3_fit_trump,treat:covariate_pre_lucid_race_hispanic_binnedBlack_c,0.022266943546797667,0.0990508957117786,3680,0.1787955913765512
w3_fit_trump,treat:covariate_pre_lucid_race_hispanic_binnedHispanic_c,-0.05754328571970381,0.08864958275455062,3680,0.1787955913765512
w3_fit_trump,treat:covariate_pre_lucid_race_hispanic_binnedAAPI_c,-0.012367549200461164,0.12240546878573758,3680,0.1787955913765512
w3_fit_trump,treat:covariate_pre_lucid_race_hispanic_binnedOther_c,-0.17446191311060807,0.14584575564205735,3680,0.1787955913765512
w3_fit_trump,treat:covariate_pre_lucid_age_c,-0.0012119749896997687,0.0016201711188352482,3680,0.1787955913765512
w3_fit_trump,treat:covariate_pre_lucid_genderFemale_c,-0.10429248255662213,0.05203646372957927,3680,0.1787955913765512
w3_fit_trump,"treat:covariate_pre_lucid_household_income_imputed_three_groups$55,000 - $149,999_c",0.030544605108446345,0.06162175062036476,3680,0.1787955913765512
w3_fit_trump,"treat:covariate_pre_lucid_household_income_imputed_three_groups$150,000 and Over_c",0.029289793888448396,0.08998451053919079,3680,0.1787955913765512
w3_fit_trump,treat:covariate_pre_lucid_education_binnedSome College_c,-0.07288261253336523,0.06664623176308486,3680,0.1787955913765512
w3_fit_trump,treat:covariate_pre_lucid_education_binnedCollege_c,-0.10847659210107889,0.0734027179024539,3680,0.1787955913765512
w3_fit_trump,treat:covariate_pre_ucla_covid_worried_about_continuous_0_1_imputed_c,0.142412276357867,0.09849607622768167,3680,0.1787955913765512
w3_fit_trump,treat:covariate_pre_ucla_covid_risk_month_continuous_0_1_imputed_c,-0.10190033583370124,0.12679682069720422,3680,0.1787955913765512
w3_fit_trump,treat:covariate_pre_ucla_covid_risk_comparative_continuous_0_1_imputed_c,0.005442316284167066,0.09305700985514379,3680,0.1787955913765512
w3_fit_trump,treat:covariate_pre_ucla_covid_risk_lifetime_continuous_0_1_imputed_c,0.04900696363678485,0.11060908805803249,3680,0.1787955913765512
w3_fit_trump,treat:covariate_pre_ucla_flu_last_year_yes_binary_imputed_c,-0.15369955781363645,0.05408898279924966,3680,0.1787955913765512
w3_fit_trumpfauci_not_prosocial_uw,(Intercept),0.6740195464381377,0.014351168833151148,1907,0.15815800056624008
w3_fit_trumpfauci_not_prosocial_uw,treat,-0.01495499459683695,0.020047855052102173,1907,0.15815800056624008
w3_fit_trumpfauci_not_prosocial_uw,pid_7_c,-0.00983474267580135,0.006216045518680844,1907,0.15815800056624008
w3_fit_trumpfauci_not_prosocial_uw,covariate_pre_lucid_race_hispanic_binnedBlack_c,-0.10568870930402059,0.06181541925359358,1907,0.15815800056624008
w3_fit_trumpfauci_not_prosocial_uw,covariate_pre_lucid_race_hispanic_binnedHispanic_c,-0.029239346298473096,0.0527994842659708,1907,0.15815800056624008
w3_fit_trumpfauci_not_prosocial_uw,covariate_pre_lucid_race_hispanic_binnedAAPI_c,0.09486305399352049,0.07093096155679782,1907,0.15815800056624008
w3_fit_trumpfauci_not_prosocial_uw,covariate_pre_lucid_race_hispanic_binnedOther_c,0.09114162923595125,0.09483102252471352,1907,0.15815800056624008
w3_fit_trumpfauci_not_prosocial_uw,covariate_pre_lucid_age_c,-0.0016362630391910358,0.0010057374928604376,1907,0.15815800056624008
w3_fit_trumpfauci_not_prosocial_uw,covariate_pre_lucid_genderFemale_c,-0.11643240105448528,0.030992342498905607,1907,0.15815800056624008
w3_fit_trumpfauci_not_prosocial_uw,"covariate_pre_lucid_household_income_imputed_three_groups$55,000 - $149,999_c",0.02652001327372243,0.03600719967544771,1907,0.15815800056624008
w3_fit_trumpfauci_not_prosocial_uw,"covariate_pre_lucid_household_income_imputed_three_groups$150,000 and Over_c",0.09414409172274618,0.047402362502781036,1907,0.15815800056624008
w3_fit_trumpfauci_not_prosocial_uw,covariate_pre_lucid_education_binnedSome College_c,-0.02486085969241518,0.04275417603322915,1907,0.15815800056624008
w3_fit_trumpfauci_not_prosocial_uw,covariate_pre_lucid_education_binnedCollege_c,0.08685847659682915,0.04305986702387059,1907,0.15815800056624008
w3_fit_trumpfauci_not_prosocial_uw,covariate_pre_ucla_covid_worried_about_continuous_0_1_imputed_c,0.1964713842581775,0.05418317441757632,1907,0.15815800056624008
w3_fit_trumpfauci_not_prosocial_uw,covariate_pre_ucla_covid_risk_month_continuous_0_1_imputed_c,-0.030686117751121317,0.06855527884443718,1907,0.15815800056624008
w3_fit_trumpfauci_not_prosocial_uw,covariate_pre_ucla_covid_risk_comparative_continuous_0_1_imputed_c,-0.08371377466498102,0.05551819764973913,1907,0.15815800056624008
w3_fit_trumpfauci_not_prosocial_uw,covariate_pre_ucla_covid_risk_lifetime_continuous_0_1_imputed_c,0.032081919817908776,0.05916939876779711,1907,0.15815800056624008
w3_fit_trumpfauci_not_prosocial_uw,covariate_pre_ucla_flu_last_year_yes_binary_imputed_c,0.22331860737547973,0.030802903919923935,1907,0.15815800056624008
w3_fit_trumpfauci_not_prosocial_uw,treat:pid_7_c,0.01478320862223669,0.008728911943934369,1907,0.15815800056624008
w3_fit_trumpfauci_not_prosocial_uw,treat:covariate_pre_lucid_race_hispanic_binnedBlack_c,0.03932818109778208,0.0841412522145115,1907,0.15815800056624008
w3_fit_trumpfauci_not_prosocial_uw,treat:covariate_pre_lucid_race_hispanic_binnedHispanic_c,0.037023810749260797,0.07127133071639036,1907,0.15815800056624008
w3_fit_trumpfauci_not_prosocial_uw,treat:covariate_pre_lucid_race_hispanic_binnedAAPI_c,-0.05598470280062194,0.10903060287456828,1907,0.15815800056624008
w3_fit_trumpfauci_not_prosocial_uw,treat:covariate_pre_lucid_race_hispanic_binnedOther_c,-0.06093698631729108,0.1356912251784265,1907,0.15815800056624008
w3_fit_trumpfauci_not_prosocial_uw,treat:covariate_pre_lucid_age_c,-5.255716067647061e-4,0.0014498194075428337,1907,0.15815800056624008
w3_fit_trumpfauci_not_prosocial_uw,treat:covariate_pre_lucid_genderFemale_c,-0.046486263573452945,0.043132294554013156,1907,0.15815800056624008
w3_fit_trumpfauci_not_prosocial_uw,"treat:covariate_pre_lucid_household_income_imputed_three_groups$55,000 - $149,999_c",-0.001940893097100547,0.04972940783137749,1907,0.15815800056624008
w3_fit_trumpfauci_not_prosocial_uw,"treat:covariate_pre_lucid_household_income_imputed_three_groups$150,000 and Over_c",-0.0646324554480794,0.0664518168645052,1907,0.15815800056624008
w3_fit_trumpfauci_not_prosocial_uw,treat:covariate_pre_lucid_education_binnedSome College_c,-0.013308427115024439,0.0590735900736232,1907,0.15815800056624008
w3_fit_trumpfauci_not_prosocial_uw,treat:covariate_pre_lucid_education_binnedCollege_c,0.0064346005150559054,0.0598947874541842,1907,0.15815800056624008
w3_fit_trumpfauci_not_prosocial_uw,treat:covariate_pre_ucla_covid_worried_about_continuous_0_1_imputed_c,0.010964429831554504,0.07672494516576377,1907,0.15815800056624008
w3_fit_trumpfauci_not_prosocial_uw,treat:covariate_pre_ucla_covid_risk_month_continuous_0_1_imputed_c,0.09186192042167457,0.09306475147536854,1907,0.15815800056624008
w3_fit_trumpfauci_not_prosocial_uw,treat:covariate_pre_ucla_covid_risk_comparative_continuous_0_1_imputed_c,0.0602508513770218,0.07623118592971524,1907,0.15815800056624008
w3_fit_trumpfauci_not_prosocial_uw,treat:covariate_pre_ucla_covid_risk_lifetime_continuous_0_1_imputed_c,-0.11083550913111472,0.08385247224647523,1907,0.15815800056624008
w3_fit_trumpfauci_not_prosocial_uw,treat:covariate_pre_ucla_flu_last_year_yes_binary_imputed_c,-0.018197583741780238,0.04377403133630176,1907,0.15815800056624008
w3_fit_trumpfauci_not_prosocial,(Intercept),0.6470658939405316,0.02621344520858885,1907,0.15881933032298035
w3_fit_trumpfauci_not_prosocial,treat,-0.02119797818643374,0.03590392195038725,1907,0.15881933032298035
w3_fit_trumpfauci_not_prosocial,pid_7_c,-0.0055171554604145955,0.012249786028600974,1907,0.15881933032298035
w3_fit_trumpfauci_not_prosocial,covariate_pre_lucid_race_hispanic_binnedBlack_c,-0.07786967778269754,0.09928651561462386,1907,0.15881933032298035
w3_fit_trumpfauci_not_prosocial,covariate_pre_lucid_race_hispanic_binnedHispanic_c,0.13638170168582162,0.08747232036750073,1907,0.15881933032298035
w3_fit_trumpfauci_not_prosocial,covariate_pre_lucid_race_hispanic_binnedAAPI_c,0.00908447813740001,0.11505344340057111,1907,0.15881933032298035
w3_fit_trumpfauci_not_prosocial,covariate_pre_lucid_race_hispanic_binnedOther_c,0.16716951302589358,0.12440019529146187,1907,0.15881933032298035
w3_fit_trumpfauci_not_prosocial,covariate_pre_lucid_age_c,-3.5654505807976994e-4,0.0015724373105530515,1907,0.15881933032298035
w3_fit_trumpfauci_not_prosocial,covariate_pre_lucid_genderFemale_c,-0.020327774872673475,0.054064660308705305,1907,0.15881933032298035
w3_fit_trumpfauci_not_prosocial,"covariate_pre_lucid_household_income_imputed_three_groups$55,000 - $149,999_c",0.002017504937178746,0.06187283631849182,1907,0.15881933032298035
w3_fit_trumpfauci_not_prosocial,"covariate_pre_lucid_household_income_imputed_three_groups$150,000 and Over_c",0.06463738533047761,0.08474025095783719,1907,0.15881933032298035
w3_fit_trumpfauci_not_prosocial,covariate_pre_lucid_education_binnedSome College_c,-0.059377090003195035,0.06592131380324008,1907,0.15881933032298035
w3_fit_trumpfauci_not_prosocial,covariate_pre_lucid_education_binnedCollege_c,0.08680353245354061,0.07037431371548891,1907,0.15881933032298035
w3_fit_trumpfauci_not_prosocial,covariate_pre_ucla_covid_worried_about_continuous_0_1_imputed_c,0.17259080261824639,0.09883410425611215,1907,0.15881933032298035
w3_fit_trumpfauci_not_prosocial,covariate_pre_ucla_covid_risk_month_continuous_0_1_imputed_c,-0.17248619449949404,0.12569543375663503,1907,0.15881933032298035
w3_fit_trumpfauci_not_prosocial,covariate_pre_ucla_covid_risk_comparative_continuous_0_1_imputed_c,0.04625435992417136,0.09224384605979119,1907,0.15881933032298035
w3_fit_trumpfauci_not_prosocial,covariate_pre_ucla_covid_risk_lifetime_continuous_0_1_imputed_c,0.012619488913007867,0.10671378408131904,1907,0.15881933032298035
w3_fit_trumpfauci_not_prosocial,covariate_pre_ucla_flu_last_year_yes_binary_imputed_c,0.26483733436826346,0.05538959849490857,1907,0.15881933032298035
w3_fit_trumpfauci_not_prosocial,treat:pid_7_c,0.015396155607177735,0.016423809472753997,1907,0.15881933032298035
w3_fit_trumpfauci_not_prosocial,treat:covariate_pre_lucid_race_hispanic_binnedBlack_c,-0.08178143985031439,0.13631011018002878,1907,0.15881933032298035
w3_fit_trumpfauci_not_prosocial,treat:covariate_pre_lucid_race_hispanic_binnedHispanic_c,-0.10395603880744753,0.11849556989759209,1907,0.15881933032298035
w3_fit_trumpfauci_not_prosocial,treat:covariate_pre_lucid_race_hispanic_binnedAAPI_c,-0.08793428753367605,0.19261399514317293,1907,0.15881933032298035
w3_fit_trumpfauci_not_prosocial,treat:covariate_pre_lucid_race_hispanic_binnedOther_c,-0.18968972557555627,0.1710674084732963,1907,0.15881933032298035
w3_fit_trumpfauci_not_prosocial,treat:covariate_pre_lucid_age_c,-1.0645713142506159e-4,0.0023375600012137654,1907,0.15881933032298035
w3_fit_trumpfauci_not_prosocial,treat:covariate_pre_lucid_genderFemale_c,-0.07137658940216561,0.07160888620031844,1907,0.15881933032298035
w3_fit_trumpfauci_not_prosocial,"treat:covariate_pre_lucid_household_income_imputed_three_groups$55,000 - $149,999_c",-0.05209679637575079,0.08578243443588494,1907,0.15881933032298035
w3_fit_trumpfauci_not_prosocial,"treat:covariate_pre_lucid_household_income_imputed_three_groups$150,000 and Over_c",-0.15251591944901535,0.11507732633662208,1907,0.15881933032298035
w3_fit_trumpfauci_not_prosocial,treat:covariate_pre_lucid_education_binnedSome College_c,-0.0072617705671683425,0.09281737882136208,1907,0.15881933032298035
w3_fit_trumpfauci_not_prosocial,treat:covariate_pre_lucid_education_binnedCollege_c,0.08371691109517576,0.09775727654923186,1907,0.15881933032298035
w3_fit_trumpfauci_not_prosocial,treat:covariate_pre_ucla_covid_worried_about_continuous_0_1_imputed_c,0.052613471076754605,0.13340224258875474,1907,0.15881933032298035
w3_fit_trumpfauci_not_prosocial,treat:covariate_pre_ucla_covid_risk_month_continuous_0_1_imputed_c,0.26649720923855696,0.16618428672146834,1907,0.15881933032298035
w3_fit_trumpfauci_not_prosocial,treat:covariate_pre_ucla_covid_risk_comparative_continuous_0_1_imputed_c,-0.18186662675310147,0.1342445760034536,1907,0.15881933032298035
w3_fit_trumpfauci_not_prosocial,treat:covariate_pre_ucla_covid_risk_lifetime_continuous_0_1_imputed_c,0.05387891019777252,0.14982555339336234,1907,0.15881933032298035
w3_fit_trumpfauci_not_prosocial,treat:covariate_pre_ucla_flu_last_year_yes_binary_imputed_c,-0.042901883054671346,0.07944490512908176,1907,0.15881933032298035
w3_fit_trumpfauci_prosocial_uw,(Intercept),0.6642262693590524,0.014249505936419292,1818,0.18377881404413632
w3_fit_trumpfauci_prosocial_uw,treat,-0.01726475911251875,0.020444461284726288,1818,0.18377881404413632
w3_fit_trumpfauci_prosocial_uw,pid_7_c,-0.0032663407009935383,0.0063063096760617755,1818,0.18377881404413632
w3_fit_trumpfauci_prosocial_uw,covariate_pre_lucid_race_hispanic_binnedBlack_c,-0.03541929645055099,0.06449611601526825,1818,0.18377881404413632
w3_fit_trumpfauci_prosocial_uw,covariate_pre_lucid_race_hispanic_binnedHispanic_c,0.006318718622561166,0.05295883323800058,1818,0.18377881404413632
w3_fit_trumpfauci_prosocial_uw,covariate_pre_lucid_race_hispanic_binnedAAPI_c,0.06994938376309418,0.07194229801829581,1818,0.18377881404413632
w3_fit_trumpfauci_prosocial_uw,covariate_pre_lucid_race_hispanic_binnedOther_c,0.08995179833619545,0.08260831026707197,1818,0.18377881404413632
w3_fit_trumpfauci_prosocial_uw,covariate_pre_lucid_age_c,-0.002270456593515162,0.0010511913688166443,1818,0.18377881404413632
w3_fit_trumpfauci_prosocial_uw,covariate_pre_lucid_genderFemale_c,-0.08808778418950917,0.030599935061630723,1818,0.18377881404413632
w3_fit_trumpfauci_prosocial_uw,"covariate_pre_lucid_household_income_imputed_three_groups$55,000 - $149,999_c",0.038649702386882916,0.03495232465108698,1818,0.18377881404413632
w3_fit_trumpfauci_prosocial_uw,"covariate_pre_lucid_household_income_imputed_three_groups$150,000 and Over_c",0.12537670188132422,0.04561056515934082,1818,0.18377881404413632
w3_fit_trumpfauci_prosocial_uw,covariate_pre_lucid_education_binnedSome College_c,0.018636242767530484,0.041310361863463416,1818,0.18377881404413632
w3_fit_trumpfauci_prosocial_uw,covariate_pre_lucid_education_binnedCollege_c,0.11909844943995793,0.04161538370701783,1818,0.18377881404413632
w3_fit_trumpfauci_prosocial_uw,covariate_pre_ucla_covid_worried_about_continuous_0_1_imputed_c,0.09324443068826999,0.05008768747690029,1818,0.18377881404413632
w3_fit_trumpfauci_prosocial_uw,covariate_pre_ucla_covid_risk_month_continuous_0_1_imputed_c,0.15748373608329522,0.06675819220211474,1818,0.18377881404413632
w3_fit_trumpfauci_prosocial_uw,covariate_pre_ucla_covid_risk_comparative_continuous_0_1_imputed_c,-0.07819750838398712,0.05145374575930245,1818,0.18377881404413632
w3_fit_trumpfauci_prosocial_uw,covariate_pre_ucla_covid_risk_lifetime_continuous_0_1_imputed_c,0.008925584323611752,0.06037421044165492,1818,0.18377881404413632
w3_fit_trumpfauci_prosocial_uw,covariate_pre_ucla_flu_last_year_yes_binary_imputed_c,0.2835197442049959,0.03069148428931632,1818,0.18377881404413632
w3_fit_trumpfauci_prosocial_uw,treat:pid_7_c,0.016269685767006506,0.009019147249043328,1818,0.18377881404413632
w3_fit_trumpfauci_prosocial_uw,treat:covariate_pre_lucid_race_hispanic_binnedBlack_c,-0.04094978516327425,0.09027907543551962,1818,0.18377881404413632
w3_fit_trumpfauci_prosocial_uw,treat:covariate_pre_lucid_race_hispanic_binnedHispanic_c,-0.08097245033560044,0.07678788554108733,1818,0.18377881404413632
w3_fit_trumpfauci_prosocial_uw,treat:covariate_pre_lucid_race_hispanic_binnedAAPI_c,0.08478579750405613,0.09518261161963787,1818,0.18377881404413632
w3_fit_trumpfauci_prosocial_uw,treat:covariate_pre_lucid_race_hispanic_binnedOther_c,-0.3028793038684381,0.14404597140540834,1818,0.18377881404413632
w3_fit_trumpfauci_prosocial_uw,treat:covariate_pre_lucid_age_c,-7.846529802997884e-4,0.0015072259110319325,1818,0.18377881404413632
w3_fit_trumpfauci_prosocial_uw,treat:covariate_pre_lucid_genderFemale_c,-0.07255641330279523,0.043829463444814254,1818,0.18377881404413632
w3_fit_trumpfauci_prosocial_uw,"treat:covariate_pre_lucid_household_income_imputed_three_groups$55,000 - $149,999_c",-0.0702112053205175,0.05084235913262197,1818,0.18377881404413632
w3_fit_trumpfauci_prosocial_uw,"treat:covariate_pre_lucid_household_income_imputed_three_groups$150,000 and Over_c",-0.12374933788507218,0.06588633269798982,1818,0.18377881404413632
w3_fit_trumpfauci_prosocial_uw,treat:covariate_pre_lucid_education_binnedSome College_c,0.0019392018535039238,0.05926311724913845,1818,0.18377881404413632
w3_fit_trumpfauci_prosocial_uw,treat:covariate_pre_lucid_education_binnedCollege_c,0.02535389534995279,0.06049471918288498,1818,0.18377881404413632
w3_fit_trumpfauci_prosocial_uw,treat:covariate_pre_ucla_covid_worried_about_continuous_0_1_imputed_c,0.033352941077442334,0.07040528675631763,1818,0.18377881404413632
w3_fit_trumpfauci_prosocial_uw,treat:covariate_pre_ucla_covid_risk_month_continuous_0_1_imputed_c,-0.15793232782713734,0.0941253736752179,1818,0.18377881404413632
w3_fit_trumpfauci_prosocial_uw,treat:covariate_pre_ucla_covid_risk_comparative_continuous_0_1_imputed_c,0.10764244602432278,0.07389906204468823,1818,0.18377881404413632
w3_fit_trumpfauci_prosocial_uw,treat:covariate_pre_ucla_covid_risk_lifetime_continuous_0_1_imputed_c,-0.06995101430326033,0.08348524263855027,1818,0.18377881404413632
w3_fit_trumpfauci_prosocial_uw,treat:covariate_pre_ucla_flu_last_year_yes_binary_imputed_c,-0.03714740983640716,0.04383553259970048,1818,0.18377881404413632
w3_fit_trumpfauci_prosocial,(Intercept),0.6592101646997284,0.023388378850642256,1818,0.22568309599233416
w3_fit_trumpfauci_prosocial,treat,-0.05211434888128995,0.035350886786412926,1818,0.22568309599233416
w3_fit_trumpfauci_prosocial,pid_7_c,-0.00831392553482611,0.010306394424216315,1818,0.22568309599233416
w3_fit_trumpfauci_prosocial,covariate_pre_lucid_race_hispanic_binnedBlack_c,-0.016114926955172047,0.11516261463831089,1818,0.22568309599233416
w3_fit_trumpfauci_prosocial,covariate_pre_lucid_race_hispanic_binnedHispanic_c,0.14392642025394828,0.09351175916143341,1818,0.22568309599233416
w3_fit_trumpfauci_prosocial,covariate_pre_lucid_race_hispanic_binnedAAPI_c,0.2420786058067368,0.06786823623440623,1818,0.22568309599233416
w3_fit_trumpfauci_prosocial,covariate_pre_lucid_race_hispanic_binnedOther_c,0.3206504932336233,0.10591164045312043,1818,0.22568309599233416
w3_fit_trumpfauci_prosocial,covariate_pre_lucid_age_c,-0.001033264890559039,0.0014620378477950297,1818,0.22568309599233416
w3_fit_trumpfauci_prosocial,covariate_pre_lucid_genderFemale_c,-0.02052730474733925,0.04295417676740692,1818,0.22568309599233416
w3_fit_trumpfauci_prosocial,"covariate_pre_lucid_household_income_imputed_three_groups$55,000 - $149,999_c",0.06451840232070068,0.05909049937258526,1818,0.22568309599233416
w3_fit_trumpfauci_prosocial,"covariate_pre_lucid_household_income_imputed_three_groups$150,000 and Over_c",0.08604686216676313,0.09914804492737779,1818,0.22568309599233416
w3_fit_trumpfauci_prosocial,covariate_pre_lucid_education_binnedSome College_c,0.00665782129959255,0.054844477542608114,1818,0.22568309599233416
w3_fit_trumpfauci_prosocial,covariate_pre_lucid_education_binnedCollege_c,0.11478695589756968,0.07559456471446818,1818,0.22568309599233416
w3_fit_trumpfauci_prosocial,covariate_pre_ucla_covid_worried_about_continuous_0_1_imputed_c,0.05690205039242502,0.08786582457378865,1818,0.22568309599233416
w3_fit_trumpfauci_prosocial,covariate_pre_ucla_covid_risk_month_continuous_0_1_imputed_c,0.22732089070263772,0.12569895814809362,1818,0.22568309599233416
w3_fit_trumpfauci_prosocial,covariate_pre_ucla_covid_risk_comparative_continuous_0_1_imputed_c,-0.07357974207080521,0.0868804906516025,1818,0.22568309599233416
w3_fit_trumpfauci_prosocial,covariate_pre_ucla_covid_risk_lifetime_continuous_0_1_imputed_c,-0.028728538029355006,0.10797491925148425,1818,0.22568309599233416
w3_fit_trumpfauci_prosocial,covariate_pre_ucla_flu_last_year_yes_binary_imputed_c,0.3731103334393402,0.04889949665729312,1818,0.22568309599233416
w3_fit_trumpfauci_prosocial,treat:pid_7_c,0.028937108575965136,0.016375945319845674,1818,0.22568309599233416
w3_fit_trumpfauci_prosocial,treat:covariate_pre_lucid_race_hispanic_binnedBlack_c,-0.19012684779885058,0.15268090422125177,1818,0.22568309599233416
w3_fit_trumpfauci_prosocial,treat:covariate_pre_lucid_race_hispanic_binnedHispanic_c,-0.11322609899274526,0.13059071003966036,1818,0.22568309599233416
w3_fit_trumpfauci_prosocial,treat:covariate_pre_lucid_race_hispanic_binnedAAPI_c,-0.1304258546967953,0.12315535446329615,1818,0.22568309599233416
w3_fit_trumpfauci_prosocial,treat:covariate_pre_lucid_race_hispanic_binnedOther_c,-0.6006863887487682,0.20289512346051755,1818,0.22568309599233416
w3_fit_trumpfauci_prosocial,treat:covariate_pre_lucid_age_c,-0.001749467635824791,0.0023545053943047805,1818,0.22568309599233416
w3_fit_trumpfauci_prosocial,treat:covariate_pre_lucid_genderFemale_c,-0.029099594806713723,0.0711665396715449,1818,0.22568309599233416
w3_fit_trumpfauci_prosocial,"treat:covariate_pre_lucid_household_income_imputed_three_groups$55,000 - $149,999_c",-0.08387149287398551,0.08846626849305758,1818,0.22568309599233416
w3_fit_trumpfauci_prosocial,"treat:covariate_pre_lucid_household_income_imputed_three_groups$150,000 and Over_c",-0.1862063878380718,0.13108401182101453,1818,0.22568309599233416
w3_fit_trumpfauci_prosocial,treat:covariate_pre_lucid_education_binnedSome College_c,-0.061493590633714325,0.09091827916333192,1818,0.22568309599233416
w3_fit_trumpfauci_prosocial,treat:covariate_pre_lucid_education_binnedCollege_c,0.07342303722432539,0.10520874390660809,1818,0.22568309599233416
w3_fit_trumpfauci_prosocial,treat:covariate_pre_ucla_covid_worried_about_continuous_0_1_imputed_c,0.017012989890570308,0.1263311990258102,1818,0.22568309599233416
w3_fit_trumpfauci_prosocial,treat:covariate_pre_ucla_covid_risk_month_continuous_0_1_imputed_c,-0.13730342930991798,0.18262483088580167,1818,0.22568309599233416
w3_fit_trumpfauci_prosocial,treat:covariate_pre_ucla_covid_risk_comparative_continuous_0_1_imputed_c,-0.011653086039285094,0.1316914231122426,1818,0.22568309599233416
w3_fit_trumpfauci_prosocial,treat:covariate_pre_ucla_covid_risk_lifetime_continuous_0_1_imputed_c,0.06532926722657884,0.1548713539382184,1818,0.22568309599233416
w3_fit_trumpfauci_prosocial,treat:covariate_pre_ucla_flu_last_year_yes_binary_imputed_c,-0.13911290382920194,0.07640865938198511,1818,0.22568309599233416
w3_fit_trumpfauci_uw,(Intercept),0.6694771819252577,0.010064380183245963,3725,0.16590467649457918
w3_fit_trumpfauci_uw,treat,-0.016197459505479787,0.014245622762834672,3725,0.16590467649457918
w3_fit_trumpfauci_uw,pid_7_c,-0.006502338250835877,0.00437658999136714,3725,0.16590467649457918
w3_fit_trumpfauci_uw,covariate_pre_lucid_race_hispanic_binnedBlack_c,-0.07526560196472339,0.044350179885668174,3725,0.16590467649457918
w3_fit_trumpfauci_uw,covariate_pre_lucid_race_hispanic_binnedHispanic_c,-0.014575811598163705,0.03716967375725952,3725,0.16590467649457918
w3_fit_trumpfauci_uw,covariate_pre_lucid_race_hispanic_binnedAAPI_c,0.08414406418347506,0.05057980897135197,3725,0.16590467649457918
w3_fit_trumpfauci_uw,covariate_pre_lucid_race_hispanic_binnedOther_c,0.0831223271325353,0.062430608380055465,3725,0.16590467649457918
w3_fit_trumpfauci_uw,covariate_pre_lucid_age_c,-0.0019988243387841363,7.218663189119047e-4,3725,0.16590467649457918
w3_fit_trumpfauci_uw,covariate_pre_lucid_genderFemale_c,-0.10346820791131062,0.021537242171814013,3725,0.16590467649457918
w3_fit_trumpfauci_uw,"covariate_pre_lucid_household_income_imputed_three_groups$55,000 - $149,999_c",0.02784729907736152,0.02474516739636362,3725,0.16590467649457918
w3_fit_trumpfauci_uw,"covariate_pre_lucid_household_income_imputed_three_groups$150,000 and Over_c",0.10715666593640746,0.03277756998455017,3725,0.16590467649457918
w3_fit_trumpfauci_uw,covariate_pre_lucid_education_binnedSome College_c,-0.003806444502094603,0.029588670935873668,3725,0.16590467649457918
w3_fit_trumpfauci_uw,covariate_pre_lucid_education_binnedCollege_c,0.10239415080760207,0.02986205209827283,3725,0.16590467649457918
w3_fit_trumpfauci_uw,covariate_pre_ucla_covid_worried_about_continuous_0_1_imputed_c,0.14253268887714646,0.03649904849228419,3725,0.16590467649457918
w3_fit_trumpfauci_uw,covariate_pre_ucla_covid_risk_month_continuous_0_1_imputed_c,0.06926869151184303,0.047330817573283515,3725,0.16590467649457918
w3_fit_trumpfauci_uw,covariate_pre_ucla_covid_risk_comparative_continuous_0_1_imputed_c,-0.08245117624257962,0.03746679532143063,3725,0.16590467649457918
w3_fit_trumpfauci_uw,covariate_pre_ucla_covid_risk_lifetime_continuous_0_1_imputed_c,0.024152787676518104,0.041974388320118045,3725,0.16590467649457918
w3_fit_trumpfauci_uw,covariate_pre_ucla_flu_last_year_yes_binary_imputed_c,0.2522300191752369,0.02163118380161814,3725,0.16590467649457918
w3_fit_trumpfauci_uw,treat:pid_7_c,0.015171996237351796,0.006225947230881099,3725,0.16590467649457918
w3_fit_trumpfauci_uw,treat:covariate_pre_lucid_race_hispanic_binnedBlack_c,0.006320345195753059,0.06131622872939235,3725,0.16590467649457918
w3_fit_trumpfauci_uw,treat:covariate_pre_lucid_race_hispanic_binnedHispanic_c,-0.01352470616809536,0.05195332935040612,3725,0.16590467649457918
w3_fit_trumpfauci_uw,treat:covariate_pre_lucid_race_hispanic_binnedAAPI_c,0.01156079035210565,0.07213494289411394,3725,0.16590467649457918
w3_fit_trumpfauci_uw,treat:covariate_pre_lucid_race_hispanic_binnedOther_c,-0.17141907089914551,0.10078912220810185,3725,0.16590467649457918
w3_fit_trumpfauci_uw,treat:covariate_pre_lucid_age_c,-6.108511445541716e-4,0.001040685463941877,3725,0.16590467649457918
w3_fit_trumpfauci_uw,treat:covariate_pre_lucid_genderFemale_c,-0.05982800790008496,0.030539908970996236,3725,0.16590467649457918
w3_fit_trumpfauci_uw,"treat:covariate_pre_lucid_household_income_imputed_three_groups$55,000 - $149,999_c",-0.027762620631535933,0.03513803503998668,3725,0.16590467649457918
w3_fit_trumpfauci_uw,"treat:covariate_pre_lucid_household_income_imputed_three_groups$150,000 and Over_c",-0.08991538272041386,0.04678521193670695,3725,0.16590467649457918
w3_fit_trumpfauci_uw,treat:covariate_pre_lucid_education_binnedSome College_c,-0.008815725500813694,0.041646107714919035,3725,0.16590467649457918
w3_fit_trumpfauci_uw,treat:covariate_pre_lucid_education_binnedCollege_c,0.013531266284605565,0.042545922049184615,3725,0.16590467649457918
w3_fit_trumpfauci_uw,treat:covariate_pre_ucla_covid_worried_about_continuous_0_1_imputed_c,0.02814781451813356,0.05168664236662297,3725,0.16590467649457918
w3_fit_trumpfauci_uw,treat:covariate_pre_ucla_covid_risk_month_continuous_0_1_imputed_c,-0.04032421795869008,0.06565312752688628,3725,0.16590467649457918
w3_fit_trumpfauci_uw,treat:covariate_pre_ucla_covid_risk_comparative_continuous_0_1_imputed_c,0.08621877037111708,0.05278629547193674,3725,0.16590467649457918
w3_fit_trumpfauci_uw,treat:covariate_pre_ucla_covid_risk_lifetime_continuous_0_1_imputed_c,-0.0938641597152088,0.058675763768804956,3725,0.16590467649457918
w3_fit_trumpfauci_uw,treat:covariate_pre_ucla_flu_last_year_yes_binary_imputed_c,-0.02416929186152072,0.03078124797296628,3725,0.16590467649457918
w3_fit_trumpfauci,(Intercept),0.6520144259367634,0.01770856983222132,3725,0.17643632940421283
w3_fit_trumpfauci,treat,-0.03498540358359166,0.025363592040544867,3725,0.17643632940421283
w3_fit_trumpfauci,pid_7_c,-0.007658748049888799,0.008000796008477029,3725,0.17643632940421283
w3_fit_trumpfauci,covariate_pre_lucid_race_hispanic_binnedBlack_c,-0.06694488999295595,0.0738221238428105,3725,0.17643632940421283
w3_fit_trumpfauci,covariate_pre_lucid_race_hispanic_binnedHispanic_c,0.11997085978243589,0.0641269377181148,3725,0.17643632940421283
w3_fit_trumpfauci,covariate_pre_lucid_race_hispanic_binnedAAPI_c,0.117394205629485,0.07353764630411369,3725,0.17643632940421283
w3_fit_trumpfauci,covariate_pre_lucid_race_hispanic_binnedOther_c,0.25226828220134606,0.08409108125452078,3725,0.17643632940421283
w3_fit_trumpfauci,covariate_pre_lucid_age_c,-8.80409113697743e-4,0.0010812041274665819,3725,0.17643632940421283
w3_fit_trumpfauci,covariate_pre_lucid_genderFemale_c,-0.024428695572639554,0.03535246927613849,3725,0.17643632940421283
w3_fit_trumpfauci,"covariate_pre_lucid_household_income_imputed_three_groups$55,000 - $149,999_c",0.03669105584908139,0.04223213475626897,3725,0.17643632940421283
w3_fit_trumpfauci,"covariate_pre_lucid_household_income_imputed_three_groups$150,000 and Over_c",0.06480838899834417,0.06404335356546327,3725,0.17643632940421283
w3_fit_trumpfauci,covariate_pre_lucid_education_binnedSome College_c,-0.02119804706371589,0.044385094179518254,3725,0.17643632940421283
w3_fit_trumpfauci,covariate_pre_lucid_education_binnedCollege_c,0.10361418201813344,0.05063736407970691,3725,0.17643632940421283
w3_fit_trumpfauci,covariate_pre_ucla_covid_worried_about_continuous_0_1_imputed_c,0.11990004430445562,0.06585534953541035,3725,0.17643632940421283
w3_fit_trumpfauci,covariate_pre_ucla_covid_risk_month_continuous_0_1_imputed_c,0.023128276451250682,0.08969501578270225,3725,0.17643632940421283
w3_fit_trumpfauci,covariate_pre_ucla_covid_risk_comparative_continuous_0_1_imputed_c,-0.016085640077303148,0.06287565420129156,3725,0.17643632940421283
w3_fit_trumpfauci,covariate_pre_ucla_covid_risk_lifetime_continuous_0_1_imputed_c,0.0035216617180775234,0.07789086639748688,3725,0.17643632940421283
w3_fit_trumpfauci,covariate_pre_ucla_flu_last_year_yes_binary_imputed_c,0.3158981052889178,0.03748072501842053,3725,0.17643632940421283
w3_fit_trumpfauci,treat:pid_7_c,0.022210169368489695,0.01150504080817107,3725,0.17643632940421283
w3_fit_trumpfauci,treat:covariate_pre_lucid_race_hispanic_binnedBlack_c,-0.11500375349244232,0.10077513492409611,3725,0.17643632940421283
w3_fit_trumpfauci,treat:covariate_pre_lucid_race_hispanic_binnedHispanic_c,-0.08018718734473577,0.08762384007012818,3725,0.17643632940421283
w3_fit_trumpfauci,treat:covariate_pre_lucid_race_hispanic_binnedAAPI_c,-0.11204722592285549,0.12132524287427794,3725,0.17643632940421283
w3_fit_trumpfauci,treat:covariate_pre_lucid_race_hispanic_binnedOther_c,-0.40879275956148714,0.1415858919849663,3725,0.17643632940421283
w3_fit_trumpfauci,treat:covariate_pre_lucid_age_c,-8.661726041210921e-4,0.0016739944064247583,3725,0.17643632940421283
w3_fit_trumpfauci,treat:covariate_pre_lucid_genderFemale_c,-0.05580924911446714,0.05083605583468121,3725,0.17643632940421283
w3_fit_trumpfauci,"treat:covariate_pre_lucid_household_income_imputed_three_groups$55,000 - $149,999_c",-0.062496647726940815,0.06129119253604215,3725,0.17643632940421283
w3_fit_trumpfauci,"treat:covariate_pre_lucid_household_income_imputed_three_groups$150,000 and Over_c",-0.15952703019114053,0.08692173388820706,3725,0.17643632940421283
w3_fit_trumpfauci,treat:covariate_pre_lucid_education_binnedSome College_c,-0.040793730250239545,0.06592505572130311,3725,0.17643632940421283
w3_fit_trumpfauci,treat:covariate_pre_lucid_education_binnedCollege_c,0.07874966715435572,0.07155494074163368,3725,0.17643632940421283
w3_fit_trumpfauci,treat:covariate_pre_ucla_covid_worried_about_continuous_0_1_imputed_c,0.026232083570222567,0.09205317913969498,3725,0.17643632940421283
w3_fit_trumpfauci,treat:covariate_pre_ucla_covid_risk_month_continuous_0_1_imputed_c,0.07641925171811735,0.12295677858218715,3725,0.17643632940421283
w3_fit_trumpfauci,treat:covariate_pre_ucla_covid_risk_comparative_continuous_0_1_imputed_c,-0.0924609770783173,0.09490848109959515,3725,0.17643632940421283
w3_fit_trumpfauci,treat:covariate_pre_ucla_covid_risk_lifetime_continuous_0_1_imputed_c,0.045475357638194686,0.10939211320980667,3725,0.17643632940421283
w3_fit_trumpfauci,treat:covariate_pre_ucla_flu_last_year_yes_binary_imputed_c,-0.07713995109007277,0.05521784477461884,3725,0.17643632940421283
w5_fit_biden_fauci_uw,(Intercept),0.614573422818717,0.015892587585352447,1567,0.22175800018062397
w5_fit_biden_fauci_uw,treat,-0.03211177918478207,0.022357613817076943,1567,0.22175800018062397
w5_fit_biden_fauci_uw,pid_7_c,-0.053757532711348824,0.007455759713024097,1567,0.22175800018062397
w5_fit_biden_fauci_uw,covariate_pre_lucid_race_hispanic_binnedBlack_c,-0.09399882821108327,0.0630325339569415,1567,0.22175800018062397
w5_fit_biden_fauci_uw,covariate_pre_lucid_race_hispanic_binnedHispanic_c,-0.10153946995094348,0.05045897234850758,1567,0.22175800018062397
w5_fit_biden_fauci_uw,covariate_pre_lucid_race_hispanic_binnedAAPI_c,-0.005688515755677666,0.074286507554099,1567,0.22175800018062397
w5_fit_biden_fauci_uw,covariate_pre_lucid_race_hispanic_binnedOther_c,-0.1628700403255012,0.07993599141015952,1567,0.22175800018062397
w5_fit_biden_fauci_uw,covariate_pre_lucid_age_c,-0.002151641486979958,0.001114241528094579,1567,0.22175800018062397
w5_fit_biden_fauci_uw,covariate_pre_lucid_genderFemale_c,-0.09631881099328289,0.032660405515636794,1567,0.22175800018062397
w5_fit_biden_fauci_uw,"covariate_pre_lucid_household_income_imputed_three_groups$55,000 - $149,999_c",0.0015352705092498823,0.037235951326653915,1567,0.22175800018062397
w5_fit_biden_fauci_uw,"covariate_pre_lucid_household_income_imputed_three_groups$150,000 and Over_c",0.09886776591677914,0.05924290587863863,1567,0.22175800018062397
w5_fit_biden_fauci_uw,covariate_pre_lucid_education_binnedSome College_c,-0.04688665670346978,0.041853769082113766,1567,0.22175800018062397
w5_fit_biden_fauci_uw,covariate_pre_lucid_education_binnedCollege_c,0.005146702883054323,0.04367004629879732,1567,0.22175800018062397
w5_fit_biden_fauci_uw,covariate_pre_ucla_covid_worried_about_continuous_0_1_imputed_c,0.25186651718723974,0.061579113736863075,1567,0.22175800018062397
w5_fit_biden_fauci_uw,covariate_pre_ucla_covid_risk_month_continuous_0_1_imputed_c,0.041668038271696406,0.07392681612867229,1567,0.22175800018062397
w5_fit_biden_fauci_uw,covariate_pre_ucla_covid_risk_comparative_continuous_0_1_imputed_c,-0.018809945458467703,0.06031853954358164,1567,0.22175800018062397
w5_fit_biden_fauci_uw,covariate_pre_ucla_covid_risk_lifetime_continuous_0_1_imputed_c,0.037350123713550974,0.06618195299486644,1567,0.22175800018062397
w5_fit_biden_fauci_uw,covariate_pre_ucla_flu_last_year_yes_binary_imputed_c,0.2250713441990026,0.032673807864988115,1567,0.22175800018062397
w5_fit_biden_fauci_uw,treat:pid_7_c,-0.014564403531540057,0.010807074272575434,1567,0.22175800018062397
w5_fit_biden_fauci_uw,treat:covariate_pre_lucid_race_hispanic_binnedBlack_c,0.04430648901417941,0.08355026512965762,1567,0.22175800018062397
w5_fit_biden_fauci_uw,treat:covariate_pre_lucid_race_hispanic_binnedHispanic_c,0.07809250615622772,0.07153720022113666,1567,0.22175800018062397
w5_fit_biden_fauci_uw,treat:covariate_pre_lucid_race_hispanic_binnedAAPI_c,0.12376426469691677,0.09694023858625411,1567,0.22175800018062397
w5_fit_biden_fauci_uw,treat:covariate_pre_lucid_race_hispanic_binnedOther_c,0.132825734308451,0.1277100814215232,1567,0.22175800018062397
w5_fit_biden_fauci_uw,treat:covariate_pre_lucid_age_c,0.0016061915296322817,0.0015697420961776716,1567,0.22175800018062397
w5_fit_biden_fauci_uw,treat:covariate_pre_lucid_genderFemale_c,0.012409890950959391,0.04621088706490504,1567,0.22175800018062397
w5_fit_biden_fauci_uw,"treat:covariate_pre_lucid_household_income_imputed_three_groups$55,000 - $149,999_c",0.035194704764291776,0.05235503630392988,1567,0.22175800018062397
w5_fit_biden_fauci_uw,"treat:covariate_pre_lucid_household_income_imputed_three_groups$150,000 and Over_c",-0.0014844380878705594,0.08819741284055901,1567,0.22175800018062397
w5_fit_biden_fauci_uw,treat:covariate_pre_lucid_education_binnedSome College_c,0.059275341500493524,0.05869613919769335,1567,0.22175800018062397
w5_fit_biden_fauci_uw,treat:covariate_pre_lucid_education_binnedCollege_c,0.11535864669369753,0.06154159434110443,1567,0.22175800018062397
w5_fit_biden_fauci_uw,treat:covariate_pre_ucla_covid_worried_about_continuous_0_1_imputed_c,-0.2230357718503173,0.08988968785589783,1567,0.22175800018062397
w5_fit_biden_fauci_uw,treat:covariate_pre_ucla_covid_risk_month_continuous_0_1_imputed_c,0.028487546610712036,0.10511276299104337,1567,0.22175800018062397
w5_fit_biden_fauci_uw,treat:covariate_pre_ucla_covid_risk_comparative_continuous_0_1_imputed_c,0.05173985209854794,0.08405856440970995,1567,0.22175800018062397
w5_fit_biden_fauci_uw,treat:covariate_pre_ucla_covid_risk_lifetime_continuous_0_1_imputed_c,0.12485909616881759,0.09142000279266212,1567,0.22175800018062397
w5_fit_biden_fauci_uw,treat:covariate_pre_ucla_flu_last_year_yes_binary_imputed_c,-0.010137390738833076,0.04781819642491305,1567,0.22175800018062397
w5_fit_biden_fauci,(Intercept),0.6237631842197052,0.025911726437684204,1567,0.22872680574162607
w5_fit_biden_fauci,treat,-0.055500179761441636,0.035961274099411286,1567,0.22872680574162607
w5_fit_biden_fauci,pid_7_c,-0.060950118088324526,0.012417293396460966,1567,0.22872680574162607
w5_fit_biden_fauci,covariate_pre_lucid_race_hispanic_binnedBlack_c,-0.09271562539268816,0.09374935265654187,1567,0.22872680574162607
w5_fit_biden_fauci,covariate_pre_lucid_race_hispanic_binnedHispanic_c,-0.1981745879361362,0.08532771833370222,1567,0.22872680574162607
w5_fit_biden_fauci,covariate_pre_lucid_race_hispanic_binnedAAPI_c,-0.16778933908451027,0.12111901992748875,1567,0.22872680574162607
w5_fit_biden_fauci,covariate_pre_lucid_race_hispanic_binnedOther_c,-0.19768003456935548,0.13874299033774792,1567,0.22872680574162607
w5_fit_biden_fauci,covariate_pre_lucid_age_c,-0.002745327015789219,0.0018067027677969843,1567,0.22872680574162607
w5_fit_biden_fauci,covariate_pre_lucid_genderFemale_c,-0.08084824564953744,0.050827909468867644,1567,0.22872680574162607
w5_fit_biden_fauci,"covariate_pre_lucid_household_income_imputed_three_groups$55,000 - $149,999_c",-0.008052049011129594,0.057719255112340447,1567,0.22872680574162607
w5_fit_biden_fauci,"covariate_pre_lucid_household_income_imputed_three_groups$150,000 and Over_c",0.047429845200880526,0.09089676381480945,1567,0.22872680574162607
w5_fit_biden_fauci,covariate_pre_lucid_education_binnedSome College_c,-0.04816152776703572,0.0625028265688171,1567,0.22872680574162607
w5_fit_biden_fauci,covariate_pre_lucid_education_binnedCollege_c,-5.922790018051786e-4,0.0669049764490227,1567,0.22872680574162607
w5_fit_biden_fauci,covariate_pre_ucla_covid_worried_about_continuous_0_1_imputed_c,0.10939826215129271,0.09109838742589102,1567,0.22872680574162607
w5_fit_biden_fauci,covariate_pre_ucla_covid_risk_month_continuous_0_1_imputed_c,0.010740768586712754,0.11150539875545895,1567,0.22872680574162607
w5_fit_biden_fauci,covariate_pre_ucla_covid_risk_comparative_continuous_0_1_imputed_c,0.0929262943692869,0.09444039942810967,1567,0.22872680574162607
w5_fit_biden_fauci,covariate_pre_ucla_covid_risk_lifetime_continuous_0_1_imputed_c,0.044691055425042835,0.09829281629217089,1567,0.22872680574162607
w5_fit_biden_fauci,covariate_pre_ucla_flu_last_year_yes_binary_imputed_c,0.2853061907889327,0.05100692557354495,1567,0.22872680574162607
w5_fit_biden_fauci,treat:pid_7_c,-0.005800508703540009,0.018048914147758856,1567,0.22872680574162607
w5_fit_biden_fauci,treat:covariate_pre_lucid_race_hispanic_binnedBlack_c,0.050950483646040004,0.12140850763412621,1567,0.22872680574162607
w5_fit_biden_fauci,treat:covariate_pre_lucid_race_hispanic_binnedHispanic_c,0.16115478486593685,0.11908206135687636,1567,0.22872680574162607
w5_fit_biden_fauci,treat:covariate_pre_lucid_race_hispanic_binnedAAPI_c,0.2892585427665109,0.15456248723219695,1567,0.22872680574162607
w5_fit_biden_fauci,treat:covariate_pre_lucid_race_hispanic_binnedOther_c,0.19689022296521336,0.19118617781643688,1567,0.22872680574162607
w5_fit_biden_fauci,treat:covariate_pre_lucid_age_c,0.003119008015242045,0.002542746476879221,1567,0.22872680574162607
w5_fit_biden_fauci,treat:covariate_pre_lucid_genderFemale_c,-0.029971644888074012,0.07245235600453451,1567,0.22872680574162607
w5_fit_biden_fauci,"treat:covariate_pre_lucid_household_income_imputed_three_groups$55,000 - $149,999_c",0.09520431164747312,0.08108038972058064,1567,0.22872680574162607
w5_fit_biden_fauci,"treat:covariate_pre_lucid_household_income_imputed_three_groups$150,000 and Over_c",0.10951328928870471,0.13170602770056225,1567,0.22872680574162607
w5_fit_biden_fauci,treat:covariate_pre_lucid_education_binnedSome College_c,0.049554147793734585,0.0879305027610947,1567,0.22872680574162607
w5_fit_biden_fauci,treat:covariate_pre_lucid_education_binnedCollege_c,0.1760288832755324,0.09483405153814915,1567,0.22872680574162607
w5_fit_biden_fauci,treat:covariate_pre_ucla_covid_worried_about_continuous_0_1_imputed_c,-0.06775566201878853,0.13319707392257285,1567,0.22872680574162607
w5_fit_biden_fauci,treat:covariate_pre_ucla_covid_risk_month_continuous_0_1_imputed_c,0.07558872007155776,0.16166758116420185,1567,0.22872680574162607
w5_fit_biden_fauci,treat:covariate_pre_ucla_covid_risk_comparative_continuous_0_1_imputed_c,0.02840331778489851,0.13319871559406984,1567,0.22872680574162607
w5_fit_biden_fauci,treat:covariate_pre_ucla_covid_risk_lifetime_continuous_0_1_imputed_c,0.16673067541331443,0.13679517152292042,1567,0.22872680574162607
w5_fit_biden_fauci,treat:covariate_pre_ucla_flu_last_year_yes_binary_imputed_c,-0.0969301615328756,0.07805275057342899,1567,0.22872680574162607
w5_fit_biden_uw,(Intercept),0.6191891978257458,0.01571819156342506,1563,0.22755417267521671
w5_fit_biden_uw,treat,-0.06581984608363485,0.02227020031044455,1563,0.22755417267521671
w5_fit_biden_uw,pid_7_c,-0.05375753271134864,0.007455971314245818,1563,0.22755417267521671
w5_fit_biden_uw,covariate_pre_lucid_race_hispanic_binnedBlack_c,-0.09399882821108341,0.0630343228774153,1563,0.22755417267521671
w5_fit_biden_uw,covariate_pre_lucid_race_hispanic_binnedHispanic_c,-0.10153946995094375,0.050460404419900566,1563,0.22755417267521671
w5_fit_biden_uw,covariate_pre_lucid_race_hispanic_binnedAAPI_c,-0.005688515755677717,0.07428861587254912,1563,0.22755417267521671
w5_fit_biden_uw,covariate_pre_lucid_race_hispanic_binnedOther_c,-0.16287004032550134,0.079938260066085,1563,0.22755417267521671
w5_fit_biden_uw,covariate_pre_lucid_age_c,-0.0021516414869799673,0.0011142731512795785,1563,0.22755417267521671
w5_fit_biden_uw,covariate_pre_lucid_genderFemale_c,-0.09631881099328264,0.03266133244756287,1563,0.22755417267521671
w5_fit_biden_uw,"covariate_pre_lucid_household_income_imputed_three_groups$55,000 - $149,999_c",0.0015352705092493196,0.037237008116719414,1563,0.22755417267521671
w5_fit_biden_uw,"covariate_pre_lucid_household_income_imputed_three_groups$150,000 and Over_c",0.09886776591677827,0.05924458724603105,1563,0.22755417267521671
w5_fit_biden_uw,covariate_pre_lucid_education_binnedSome College_c,-0.0468866567034695,0.041854956930034756,1563,0.22755417267521671
w5_fit_biden_uw,covariate_pre_lucid_education_binnedCollege_c,0.005146702883055182,0.043671285694312806,1563,0.22755417267521671
w5_fit_biden_uw,covariate_pre_ucla_covid_worried_about_continuous_0_1_imputed_c,0.25186651718723957,0.0615808614079531,1563,0.22755417267521671
w5_fit_biden_uw,covariate_pre_ucla_covid_risk_month_continuous_0_1_imputed_c,0.04166803827169622,0.07392891423875331,1563,0.22755417267521671
w5_fit_biden_uw,covariate_pre_ucla_covid_risk_comparative_continuous_0_1_imputed_c,-0.018809945458467967,0.060320251438432934,1563,0.22755417267521671
w5_fit_biden_uw,covariate_pre_ucla_covid_risk_lifetime_continuous_0_1_imputed_c,0.03735012371355059,0.06618383129870864,1563,0.22755417267521671
w5_fit_biden_uw,covariate_pre_ucla_flu_last_year_yes_binary_imputed_c,0.2250713441990028,0.032674735177285065,1563,0.22755417267521671
w5_fit_biden_uw,treat:pid_7_c,-0.01121677715063254,0.01102066439041784,1563,0.22755417267521671
w5_fit_biden_uw,treat:covariate_pre_lucid_race_hispanic_binnedBlack_c,0.03865225963538237,0.08794249982554139,1563,0.22755417267521671
w5_fit_biden_uw,treat:covariate_pre_lucid_race_hispanic_binnedHispanic_c,0.15832110345084696,0.06929477940554395,1563,0.22755417267521671
w5_fit_biden_uw,treat:covariate_pre_lucid_race_hispanic_binnedAAPI_c,0.08823274405893632,0.09847231019886447,1563,0.22755417267521671
w5_fit_biden_uw,treat:covariate_pre_lucid_race_hispanic_binnedOther_c,0.07790423460220025,0.12427128338764487,1563,0.22755417267521671
w5_fit_biden_uw,treat:covariate_pre_lucid_age_c,5.72332575140459e-4,0.0016149941931994627,1563,0.22755417267521671
w5_fit_biden_uw,treat:covariate_pre_lucid_genderFemale_c,-0.030898179133034352,0.046746842069364976,1563,0.22755417267521671
w5_fit_biden_uw,"treat:covariate_pre_lucid_household_income_imputed_three_groups$55,000 - $149,999_c",-0.001719750894130158,0.05175352722637999,1563,0.22755417267521671
w5_fit_biden_uw,"treat:covariate_pre_lucid_household_income_imputed_three_groups$150,000 and Over_c",-0.17886808244414526,0.09399194596567641,1563,0.22755417267521671
w5_fit_biden_uw,treat:covariate_pre_lucid_education_binnedSome College_c,0.09970223692421849,0.05863586508915771,1563,0.22755417267521671
w5_fit_biden_uw,treat:covariate_pre_lucid_education_binnedCollege_c,0.14927281794789019,0.062470070051059215,1563,0.22755417267521671
w5_fit_biden_uw,treat:covariate_pre_ucla_covid_worried_about_continuous_0_1_imputed_c,-0.022594706734740486,0.09200670212486067,1563,0.22755417267521671
w5_fit_biden_uw,treat:covariate_pre_ucla_covid_risk_month_continuous_0_1_imputed_c,-0.05211023104230677,0.11185897072392353,1563,0.22755417267521671
w5_fit_biden_uw,treat:covariate_pre_ucla_covid_risk_comparative_continuous_0_1_imputed_c,0.06533584696752724,0.08565652716424334,1563,0.22755417267521671
w5_fit_biden_uw,treat:covariate_pre_ucla_covid_risk_lifetime_continuous_0_1_imputed_c,0.06300014764116017,0.09759044531351942,1563,0.22755417267521671
w5_fit_biden_uw,treat:covariate_pre_ucla_flu_last_year_yes_binary_imputed_c,-0.05521703144504333,0.04728643383008855,1563,0.22755417267521671
w5_fit_biden,(Intercept),0.6295950539520295,0.025612771454316976,1563,0.23258254665002287
w5_fit_biden,treat,-0.09682095467939987,0.03616670811183355,1563,0.23258254665002287
w5_fit_biden,pid_7_c,-0.06095011808832456,0.012417645810507983,1563,0.23258254665002287
w5_fit_biden,covariate_pre_lucid_race_hispanic_binnedBlack_c,-0.09271562539268817,0.09375201334818543,1563,0.23258254665002287
w5_fit_biden,covariate_pre_lucid_race_hispanic_binnedHispanic_c,-0.19817458793613624,0.08533014001172658,1563,0.23258254665002287
w5_fit_biden,covariate_pre_lucid_race_hispanic_binnedAAPI_c,-0.16778933908451027,0.12112245739510905,1563,0.23258254665002287
w5_fit_biden,covariate_pre_lucid_race_hispanic_binnedOther_c,-0.1976800345693551,0.13874692798963062,1563,0.23258254665002287
w5_fit_biden,covariate_pre_lucid_age_c,-0.0027453270157892155,0.001806754043659912,1563,0.23258254665002287
w5_fit_biden,covariate_pre_lucid_genderFemale_c,-0.08084824564953746,0.05082935201103089,1563,0.23258254665002287
w5_fit_biden,"covariate_pre_lucid_household_income_imputed_three_groups$55,000 - $149,999_c",-0.008052049011129566,0.057720893237142315,1563,0.23258254665002287
w5_fit_biden,"covariate_pre_lucid_household_income_imputed_three_groups$150,000 and Over_c",0.04742984520088072,0.0908993435473948,1563,0.23258254665002287
w5_fit_biden,covariate_pre_lucid_education_binnedSome College_c,-0.04816152776703579,0.0625046004557149,1563,0.23258254665002287
w5_fit_biden,covariate_pre_lucid_education_binnedCollege_c,-5.92279001805138e-4,0.06690687527292596,1563,0.23258254665002287
w5_fit_biden,covariate_pre_ucla_covid_worried_about_continuous_0_1_imputed_c,0.1093982621512927,0.0911009728807373,1563,0.23258254665002287
w5_fit_biden,covariate_pre_ucla_covid_risk_month_continuous_0_1_imputed_c,0.010740768586712617,0.11150856337979234,1563,0.23258254665002287
w5_fit_biden,covariate_pre_ucla_covid_risk_comparative_continuous_0_1_imputed_c,0.09292629436928687,0.09444307973228726,1563,0.23258254665002287
w5_fit_biden,covariate_pre_ucla_covid_risk_lifetime_continuous_0_1_imputed_c,0.04469105542504314,0.0982956059314326,1563,0.23258254665002287
w5_fit_biden,covariate_pre_ucla_flu_last_year_yes_binary_imputed_c,0.2853061907889329,0.05100837319634754,1563,0.23258254665002287
w5_fit_biden,treat:pid_7_c,-0.01851802024283581,0.01762487110858354,1563,0.23258254665002287
w5_fit_biden,treat:covariate_pre_lucid_race_hispanic_binnedBlack_c,0.0014143223700805315,0.1266270847063246,1563,0.23258254665002287
w5_fit_biden,treat:covariate_pre_lucid_race_hispanic_binnedHispanic_c,0.3180276146034242,0.1204868075285529,1563,0.23258254665002287
w5_fit_biden,treat:covariate_pre_lucid_race_hispanic_binnedAAPI_c,0.12560840032750326,0.15913792718121775,1563,0.23258254665002287
w5_fit_biden,treat:covariate_pre_lucid_race_hispanic_binnedOther_c,0.0390082553748787,0.19079855786977123,1563,0.23258254665002287
w5_fit_biden,treat:covariate_pre_lucid_age_c,0.0037842691770565693,0.0025094414456719614,1563,0.23258254665002287
w5_fit_biden,treat:covariate_pre_lucid_genderFemale_c,-0.02723893830711175,0.0718830408597241,1563,0.23258254665002287
w5_fit_biden,"treat:covariate_pre_lucid_household_income_imputed_three_groups$55,000 - $149,999_c",-0.03407695506602091,0.08133141188004461,1563,0.23258254665002287
w5_fit_biden,"treat:covariate_pre_lucid_household_income_imputed_three_groups$150,000 and Over_c",-0.0628536361755934,0.1346346140906229,1563,0.23258254665002287
w5_fit_biden,treat:covariate_pre_lucid_education_binnedSome College_c,0.07779275927532261,0.08895120608048003,1563,0.23258254665002287
w5_fit_biden,treat:covariate_pre_lucid_education_binnedCollege_c,0.15771401212732897,0.09677031813404223,1563,0.23258254665002287
w5_fit_biden,treat:covariate_pre_ucla_covid_worried_about_continuous_0_1_imputed_c,0.13403790491386858,0.13863981754894528,1563,0.23258254665002287
w5_fit_biden,treat:covariate_pre_ucla_covid_risk_month_continuous_0_1_imputed_c,-0.1268748563680068,0.16995471657481895,1563,0.23258254665002287
w5_fit_biden,treat:covariate_pre_ucla_covid_risk_comparative_continuous_0_1_imputed_c,-0.026753000599579912,0.13583584453029274,1563,0.23258254665002287
w5_fit_biden,treat:covariate_pre_ucla_covid_risk_lifetime_continuous_0_1_imputed_c,0.14094665492996125,0.14701774478531773,1563,0.23258254665002287
w5_fit_biden,treat:covariate_pre_ucla_flu_last_year_yes_binary_imputed_c,-0.09572251235526207,0.07465868130239939,1563,0.23258254665002287
w5_fit_fauci_uw,(Intercept),0.6152925110684814,0.01582151002655111,1596,0.21733975895928692
w5_fit_fauci_uw,treat,-0.02307400048205976,0.02205174312794559,1596,0.21733975895928692
w5_fit_fauci_uw,pid_7_c,-0.05375753271134874,0.007454257842340109,1596,0.21733975895928692
w5_fit_fauci_uw,covariate_pre_lucid_race_hispanic_binnedBlack_c,-0.09399882821108295,0.06301983683169561,1596,0.21733975895928692
w5_fit_fauci_uw,covariate_pre_lucid_race_hispanic_binnedHispanic_c,-0.10153946995094267,0.05044880801191048,1596,0.21733975895928692
w5_fit_fauci_uw,covariate_pre_lucid_race_hispanic_binnedAAPI_c,-0.005688515755676047,0.07427154345490615,1596,0.21733975895928692
w5_fit_fauci_uw,covariate_pre_lucid_race_hispanic_binnedOther_c,-0.16287004032549993,0.07991988929223869,1596,0.21733975895928692
w5_fit_fauci_uw,covariate_pre_lucid_age_c,-0.0021516414869799227,0.001114017077904356,1596,0.21733975895928692
w5_fit_fauci_uw,covariate_pre_lucid_genderFemale_c,-0.09631881099328349,0.03265382648044033,1596,0.21733975895928692
w5_fit_fauci_uw,"covariate_pre_lucid_household_income_imputed_three_groups$55,000 - $149,999_c",0.0015352705092512428,0.03722845060428131,1596,0.21733975895928692
w5_fit_fauci_uw,"covariate_pre_lucid_household_income_imputed_three_groups$150,000 and Over_c",0.0988677659167805,0.0592309721271509,1596,0.21733975895928692
w5_fit_fauci_uw,covariate_pre_lucid_education_binnedSome College_c,-0.046886656703469975,0.0418453381574038,1596,0.21733975895928692
w5_fit_fauci_uw,covariate_pre_lucid_education_binnedCollege_c,0.005146702883052488,0.04366124950748092,1596,0.21733975895928692
w5_fit_fauci_uw,covariate_pre_ucla_covid_worried_about_continuous_0_1_imputed_c,0.25186651718724057,0.06156670938516419,1596,0.21733975895928692
w5_fit_fauci_uw,covariate_pre_ucla_covid_risk_month_continuous_0_1_imputed_c,0.04166803827169631,0.07391192448487299,1596,0.21733975895928692
w5_fit_fauci_uw,covariate_pre_ucla_covid_risk_comparative_continuous_0_1_imputed_c,-0.018809945458466613,0.06030638911898064,1596,0.21733975895928692
w5_fit_fauci_uw,covariate_pre_ucla_covid_risk_lifetime_continuous_0_1_imputed_c,0.037350123713552494,0.06616862145806363,1596,0.21733975895928692
w5_fit_fauci_uw,covariate_pre_ucla_flu_last_year_yes_binary_imputed_c,0.22507134419900152,0.03266722613005399,1596,0.21733975895928692
w5_fit_fauci_uw,treat:pid_7_c,-0.002452110828345542,0.01066347086579888,1596,0.21733975895928692
w5_fit_fauci_uw,treat:covariate_pre_lucid_race_hispanic_binnedBlack_c,0.06497833032085984,0.08312221285637561,1596,0.21733975895928692
w5_fit_fauci_uw,treat:covariate_pre_lucid_race_hispanic_binnedHispanic_c,0.2116449323791218,0.0703186467568554,1596,0.21733975895928692
w5_fit_fauci_uw,treat:covariate_pre_lucid_race_hispanic_binnedAAPI_c,0.01026187584929957,0.1093390372147869,1596,0.21733975895928692
w5_fit_fauci_uw,treat:covariate_pre_lucid_race_hispanic_binnedOther_c,0.2300058837307101,0.11568659735502312,1596,0.21733975895928692
w5_fit_fauci_uw,treat:covariate_pre_lucid_age_c,0.0025826191755387337,0.0015464523386130088,1596,0.21733975895928692
w5_fit_fauci_uw,treat:covariate_pre_lucid_genderFemale_c,-0.00866720129657923,0.046464781130035764,1596,0.21733975895928692
w5_fit_fauci_uw,"treat:covariate_pre_lucid_household_income_imputed_three_groups$55,000 - $149,999_c",-0.01449942631988431,0.05077923834044741,1596,0.21733975895928692
w5_fit_fauci_uw,"treat:covariate_pre_lucid_household_income_imputed_three_groups$150,000 and Over_c",0.037833257361555295,0.08411473752315185,1596,0.21733975895928692
w5_fit_fauci_uw,treat:covariate_pre_lucid_education_binnedSome College_c,0.04439966640582623,0.05814064960113991,1596,0.21733975895928692
w5_fit_fauci_uw,treat:covariate_pre_lucid_education_binnedCollege_c,0.08538940763218912,0.060031704239474674,1596,0.21733975895928692
w5_fit_fauci_uw,treat:covariate_pre_ucla_covid_worried_about_continuous_0_1_imputed_c,-0.06319488216798574,0.08656703539249198,1596,0.21733975895928692
w5_fit_fauci_uw,treat:covariate_pre_ucla_covid_risk_month_continuous_0_1_imputed_c,-0.03674108238786998,0.10366741279952205,1596,0.21733975895928692
w5_fit_fauci_uw,treat:covariate_pre_ucla_covid_risk_comparative_continuous_0_1_imputed_c,0.041519679794307825,0.08427530622153598,1596,0.21733975895928692
w5_fit_fauci_uw,treat:covariate_pre_ucla_covid_risk_lifetime_continuous_0_1_imputed_c,0.09833474596351989,0.09570611185822592,1596,0.21733975895928692
w5_fit_fauci_uw,treat:covariate_pre_ucla_flu_last_year_yes_binary_imputed_c,-0.007363345002022133,0.046221741715062444,1596,0.21733975895928692
w5_fit_fauci,(Intercept),0.6288910390238354,0.02589695862895783,1596,0.22982095600808472
w5_fit_fauci,treat,-0.03159711316474568,0.03524157458866504,1596,0.22982095600808472
w5_fit_fauci,pid_7_c,-0.06095011808832453,0.012414792086112545,1596,0.22982095600808472
w5_fit_fauci,covariate_pre_lucid_race_hispanic_binnedBlack_c,-0.09271562539268807,0.0937304680076517,1596,0.22982095600808472
w5_fit_fauci,covariate_pre_lucid_race_hispanic_binnedHispanic_c,-0.19817458793613626,0.08531053011900355,1596,0.22982095600808472
w5_fit_fauci,covariate_pre_lucid_race_hispanic_binnedAAPI_c,-0.16778933908451024,0.12109462199725846,1596,0.22982095600808472
w5_fit_fauci,covariate_pre_lucid_race_hispanic_binnedOther_c,-0.19768003456935584,0.13871504227640985,1596,0.22982095600808472
w5_fit_fauci,covariate_pre_lucid_age_c,-0.0027453270157892225,0.0018063388298448632,1596,0.22982095600808472
w5_fit_fauci,covariate_pre_lucid_genderFemale_c,-0.08084824564953738,0.05081767081444564,1596,0.22982095600808472
w5_fit_fauci,"covariate_pre_lucid_household_income_imputed_three_groups$55,000 - $149,999_c",-0.008052049011129783,0.05770762828147598,1596,0.22982095600808472
w5_fit_fauci,"covariate_pre_lucid_household_income_imputed_three_groups$150,000 and Over_c",0.04742984520088043,0.09087845378469976,1596,0.22982095600808472
w5_fit_fauci,covariate_pre_lucid_education_binnedSome College_c,-0.04816152776703577,0.06249023614658017,1596,0.22982095600808472
w5_fit_fauci,covariate_pre_lucid_education_binnedCollege_c,-5.922790018049647e-4,0.06689149926807754,1596,0.22982095600808472
w5_fit_fauci,covariate_pre_ucla_covid_worried_about_continuous_0_1_imputed_c,0.10939826215129272,0.09108003678119592,1596,0.22982095600808472
w5_fit_fauci,covariate_pre_ucla_covid_risk_month_continuous_0_1_imputed_c,0.010740768586712652,0.11148293737044479,1596,0.22982095600808472
w5_fit_fauci,covariate_pre_ucla_covid_risk_comparative_continuous_0_1_imputed_c,0.09292629436928672,0.09442137557638476,1596,0.22982095600808472
w5_fit_fauci,covariate_pre_ucla_covid_risk_lifetime_continuous_0_1_imputed_c,0.0446910554250427,0.09827301641866254,1596,0.22982095600808472
w5_fit_fauci,covariate_pre_ucla_flu_last_year_yes_binary_imputed_c,0.2853061907889328,0.050996650858540195,1596,0.22982095600808472
w5_fit_fauci,treat:pid_7_c,0.014161721875196695,0.017553916500356738,1596,0.22982095600808472
w5_fit_fauci,treat:covariate_pre_lucid_race_hispanic_binnedBlack_c,0.12240213953190549,0.12536982040918307,1596,0.22982095600808472
w5_fit_fauci,treat:covariate_pre_lucid_race_hispanic_binnedHispanic_c,0.32676667406133814,0.11098781622009905,1596,0.22982095600808472
w5_fit_fauci,treat:covariate_pre_lucid_race_hispanic_binnedAAPI_c,0.28988325712972635,0.15969881261962376,1596,0.22982095600808472
w5_fit_fauci,treat:covariate_pre_lucid_race_hispanic_binnedOther_c,0.47994129096576776,0.1601731910092147,1596,0.22982095600808472
w5_fit_fauci,treat:covariate_pre_lucid_age_c,0.005297944698178369,0.0023915480492028986,1596,0.22982095600808472
w5_fit_fauci,treat:covariate_pre_lucid_genderFemale_c,0.009117366866163752,0.07174897039961899,1596,0.22982095600808472
w5_fit_fauci,"treat:covariate_pre_lucid_household_income_imputed_three_groups$55,000 - $149,999_c",-0.005990685872301118,0.07653335022556614,1596,0.22982095600808472
w5_fit_fauci,"treat:covariate_pre_lucid_household_income_imputed_three_groups$150,000 and Over_c",0.08988521129784664,0.12991856524202877,1596,0.22982095600808472
w5_fit_fauci,treat:covariate_pre_lucid_education_binnedSome College_c,-0.05948972685067983,0.08630594457116914,1596,0.22982095600808472
w5_fit_fauci,treat:covariate_pre_lucid_education_binnedCollege_c,-0.006418732239878883,0.091367164690061,1596,0.22982095600808472
w5_fit_fauci,treat:covariate_pre_ucla_covid_worried_about_continuous_0_1_imputed_c,0.09439012075210501,0.13151857303828834,1596,0.22982095600808472
w5_fit_fauci,treat:covariate_pre_ucla_covid_risk_month_continuous_0_1_imputed_c,0.0671645549514171,0.16912189183676002,1596,0.22982095600808472
w5_fit_fauci,treat:covariate_pre_ucla_covid_risk_comparative_continuous_0_1_imputed_c,-0.26564756816598145,0.13742658656891843,1596,0.22982095600808472
w5_fit_fauci,treat:covariate_pre_ucla_covid_risk_lifetime_continuous_0_1_imputed_c,0.23668626015585773,0.14181634676582827,1596,0.22982095600808472
w5_fit_fauci,treat:covariate_pre_ucla_flu_last_year_yes_binary_imputed_c,-0.038179352958672905,0.07265543118013254,1596,0.22982095600808472
w5_fit_james_uw,(Intercept),0.6177708677879413,0.0157849618800964,1634,0.22841967986445155
w5_fit_james_uw,treat,-0.03494342519345214,0.02168131976450209,1634,0.22841967986445155
w5_fit_james_uw,pid_7_c,-0.05375753271134893,0.007452371854003198,1634,0.22841967986445155
w5_fit_james_uw,covariate_pre_lucid_race_hispanic_binnedBlack_c,-0.09399882821108331,0.06300389229640031,1634,0.22841967986445155
w5_fit_james_uw,covariate_pre_lucid_race_hispanic_binnedHispanic_c,-0.10153946995094307,0.050436044049951646,1634,0.22841967986445155
w5_fit_james_uw,covariate_pre_lucid_race_hispanic_binnedAAPI_c,-0.005688515755676684,0.07425275214560441,1634,0.22841967986445155
w5_fit_james_uw,covariate_pre_lucid_race_hispanic_binnedOther_c,-0.16287004032550065,0.0798996689051408,1634,0.22841967986445155
w5_fit_james_uw,covariate_pre_lucid_age_c,-0.002151641486979944,0.0011137352224519944,1634,0.22841967986445155
w5_fit_james_uw,covariate_pre_lucid_genderFemale_c,-0.09631881099328336,0.032645564794675744,1634,0.22841967986445155
w5_fit_james_uw,"covariate_pre_lucid_household_income_imputed_three_groups$55,000 - $149,999_c",0.0015352705092508802,0.037219031501114934,1634,0.22841967986445155
w5_fit_james_uw,"covariate_pre_lucid_household_income_imputed_three_groups$150,000 and Over_c",0.09886776591678002,0.05921598620568369,1634,0.22841967986445155
w5_fit_james_uw,covariate_pre_lucid_education_binnedSome College_c,-0.04688665670346981,0.04183475094384172,1634,0.22841967986445155
w5_fit_james_uw,covariate_pre_lucid_education_binnedCollege_c,0.005146702883052881,0.043650202853462106,1634,0.22841967986445155
w5_fit_james_uw,covariate_pre_ucla_covid_worried_about_continuous_0_1_imputed_c,0.25186651718724085,0.06155113250302443,1634,0.22841967986445155
w5_fit_james_uw,covariate_pre_ucla_covid_risk_month_continuous_0_1_imputed_c,0.041668038271696684,0.07389322416211865,1634,0.22841967986445155
w5_fit_james_uw,covariate_pre_ucla_covid_risk_comparative_continuous_0_1_imputed_c,-0.018809945458467335,0.060291131108199135,1634,0.22841967986445155
w5_fit_james_uw,covariate_pre_ucla_covid_risk_lifetime_continuous_0_1_imputed_c,0.03735012371355212,0.06615188025444736,1634,0.22841967986445155
w5_fit_james_uw,covariate_pre_ucla_flu_last_year_yes_binary_imputed_c,0.22507134419900202,0.032658961054068195,1634,0.22841967986445155
w5_fit_james_uw,treat:pid_7_c,0.0020553893319838305,0.010394135350899057,1634,0.22841967986445155
w5_fit_james_uw,treat:covariate_pre_lucid_race_hispanic_binnedBlack_c,0.06305931085430246,0.08196221028158875,1634,0.22841967986445155
w5_fit_james_uw,treat:covariate_pre_lucid_race_hispanic_binnedHispanic_c,0.1013890426340116,0.06845715185945644,1634,0.22841967986445155
w5_fit_james_uw,treat:covariate_pre_lucid_race_hispanic_binnedAAPI_c,0.08645286927184243,0.09790688250373146,1634,0.22841967986445155
w5_fit_james_uw,treat:covariate_pre_lucid_race_hispanic_binnedOther_c,0.22302314297389805,0.1256260782062888,1634,0.22841967986445155
w5_fit_james_uw,treat:covariate_pre_lucid_age_c,1.8969083141770577e-4,0.0015510446398776386,1634,0.22841967986445155
w5_fit_james_uw,treat:covariate_pre_lucid_genderFemale_c,-0.03003479361612904,0.045206850086924884,1634,0.22841967986445155
w5_fit_james_uw,"treat:covariate_pre_lucid_household_income_imputed_three_groups$55,000 - $149,999_c",0.07015255697702519,0.04974421102876364,1634,0.22841967986445155
w5_fit_james_uw,"treat:covariate_pre_lucid_household_income_imputed_three_groups$150,000 and Over_c",0.04177122702485011,0.08670813385979212,1634,0.22841967986445155
w5_fit_james_uw,treat:covariate_pre_lucid_education_binnedSome College_c,0.03306983707600077,0.05708326323432483,1634,0.22841967986445155
w5_fit_james_uw,treat:covariate_pre_lucid_education_binnedCollege_c,0.06418132375771429,0.05910117651528622,1634,0.22841967986445155
w5_fit_james_uw,treat:covariate_pre_ucla_covid_worried_about_continuous_0_1_imputed_c,-0.04929395186745251,0.0897383725595906,1634,0.22841967986445155
w5_fit_james_uw,treat:covariate_pre_ucla_covid_risk_month_continuous_0_1_imputed_c,0.01599427499823773,0.10219012816803158,1634,0.22841967986445155
w5_fit_james_uw,treat:covariate_pre_ucla_covid_risk_comparative_continuous_0_1_imputed_c,-0.0740144472515251,0.0840281529010828,1634,0.22841967986445155
w5_fit_james_uw,treat:covariate_pre_ucla_covid_risk_lifetime_continuous_0_1_imputed_c,0.03764931960473746,0.0907382722387593,1634,0.22841967986445155
w5_fit_james_uw,treat:covariate_pre_ucla_flu_last_year_yes_binary_imputed_c,0.053768035381117456,0.04519657926412539,1634,0.22841967986445155
w5_fit_james,(Intercept),0.6233003365372433,0.026337830240483955,1634,0.24303446426285646
w5_fit_james,treat,-0.030205928275360047,0.03527886151077395,1634,0.24303446426285646
w5_fit_james,pid_7_c,-0.06095011808832448,0.0124116510419501,1634,0.24303446426285646
w5_fit_james,covariate_pre_lucid_race_hispanic_binnedBlack_c,-0.092715625392688,0.09370675343093252,1634,0.24303446426285646
w5_fit_james,covariate_pre_lucid_race_hispanic_binnedHispanic_c,-0.1981745879361365,0.0852889458555887,1634,0.24303446426285646
w5_fit_james,covariate_pre_lucid_race_hispanic_binnedAAPI_c,-0.16778933908451027,0.12106398406527447,1634,0.24303446426285646
w5_fit_james,covariate_pre_lucid_race_hispanic_binnedOther_c,-0.1976800345693555,0.13867994623365945,1634,0.24303446426285646
w5_fit_james,covariate_pre_lucid_age_c,-0.0027453270157892233,0.001805881811314264,1634,0.24303446426285646
w5_fit_james,covariate_pre_lucid_genderFemale_c,-0.0808482456495374,0.050804813527174586,1634,0.24303446426285646
w5_fit_james,"covariate_pre_lucid_household_income_imputed_three_groups$55,000 - $149,999_c",-0.008052049011129579,0.05769302777848838,1634,0.24303446426285646
w5_fit_james,"covariate_pre_lucid_household_income_imputed_three_groups$150,000 and Over_c",0.04742984520088064,0.09085546079095688,1634,0.24303446426285646
w5_fit_james,covariate_pre_lucid_education_binnedSome College_c,-0.048161527767035715,0.06247442560459956,1634,0.24303446426285646
w5_fit_james,covariate_pre_lucid_education_binnedCollege_c,-5.922790018051058e-4,0.06687457517044969,1634,0.24303446426285646
w5_fit_james,covariate_pre_ucla_covid_worried_about_continuous_0_1_imputed_c,0.10939826215129264,0.09105699278530249,1634,0.24303446426285646
w5_fit_james,covariate_pre_ucla_covid_risk_month_continuous_0_1_imputed_c,0.010740768586712515,0.11145473127345888,1634,0.24303446426285646
w5_fit_james,covariate_pre_ucla_covid_risk_comparative_continuous_0_1_imputed_c,0.09292629436928669,0.09439748619438729,1634,0.24303446426285646
w5_fit_james,covariate_pre_ucla_covid_risk_lifetime_continuous_0_1_imputed_c,0.044691055425043195,0.09824815253995968,1634,0.24303446426285646
w5_fit_james,covariate_pre_ucla_flu_last_year_yes_binary_imputed_c,0.28530619078893277,0.05098374828785093,1634,0.24303446426285646
w5_fit_james,treat:pid_7_c,0.006248669007258961,0.01650130286421137,1634,0.24303446426285646
w5_fit_james,treat:covariate_pre_lucid_race_hispanic_binnedBlack_c,0.01687386428500783,0.11650004291294444,1634,0.24303446426285646
w5_fit_james,treat:covariate_pre_lucid_race_hispanic_binnedHispanic_c,0.22920642176449907,0.10937768281112285,1634,0.24303446426285646
w5_fit_james,treat:covariate_pre_lucid_race_hispanic_binnedAAPI_c,0.2346586365886229,0.15157556541189002,1634,0.24303446426285646
w5_fit_james,treat:covariate_pre_lucid_race_hispanic_binnedOther_c,0.267594805732086,0.19884629675177148,1634,0.24303446426285646
w5_fit_james,treat:covariate_pre_lucid_age_c,7.540924152029499e-4,0.0024930689807743426,1634,0.24303446426285646
w5_fit_james,treat:covariate_pre_lucid_genderFemale_c,-0.07129590092486861,0.06948136022567232,1634,0.24303446426285646
w5_fit_james,"treat:covariate_pre_lucid_household_income_imputed_three_groups$55,000 - $149,999_c",0.08444428216474352,0.07807681177877784,1634,0.24303446426285646
w5_fit_james,"treat:covariate_pre_lucid_household_income_imputed_three_groups$150,000 and Over_c",0.1073054679741186,0.12992113388433688,1634,0.24303446426285646
w5_fit_james,treat:covariate_pre_lucid_education_binnedSome College_c,0.022368755540617676,0.08604335291767369,1634,0.24303446426285646
w5_fit_james,treat:covariate_pre_lucid_education_binnedCollege_c,0.07518273766624929,0.09304689399140316,1634,0.24303446426285646
w5_fit_james,treat:covariate_pre_ucla_covid_worried_about_continuous_0_1_imputed_c,0.009597033741589014,0.1451809750727033,1634,0.24303446426285646
w5_fit_james,treat:covariate_pre_ucla_covid_risk_month_continuous_0_1_imputed_c,0.18098013820017075,0.15892781337532932,1634,0.24303446426285646
w5_fit_james,treat:covariate_pre_ucla_covid_risk_comparative_continuous_0_1_imputed_c,-0.21453042385831655,0.13194462505235935,1634,0.24303446426285646
w5_fit_james,treat:covariate_pre_ucla_covid_risk_lifetime_continuous_0_1_imputed_c,0.0089973970059121465,0.13696790887648153,1634,0.24303446426285646
w5_fit_james,treat:covariate_pre_ucla_flu_last_year_yes_binary_imputed_c,0.03905931156020142,0.06981830889749556,1634,0.24303446426285646
w5_fit_obama_uw,(Intercept),0.6155608427290146,0.015775962432727744,1613,0.24272629867634932
w5_fit_obama_uw,treat,-0.05249654631377896,0.02171371165323415,1613,0.24272629867634932
w5_fit_obama_uw,pid_7_c,-0.05375753271134912,0.007453402948592331,1613,0.24272629867634932
w5_fit_obama_uw,covariate_pre_lucid_race_hispanic_binnedBlack_c,-0.09399882821108345,0.06301260938321752,1613,0.24272629867634932
w5_fit_obama_uw,covariate_pre_lucid_race_hispanic_binnedHispanic_c,-0.10153946995094315,0.050443022275561,1613,0.24272629867634932
w5_fit_obama_uw,covariate_pre_lucid_race_hispanic_binnedAAPI_c,-0.00568851575567619,0.07426302560115315,1613,0.24272629867634932
w5_fit_obama_uw,covariate_pre_lucid_race_hispanic_binnedOther_c,-0.1628700403255008,0.07991072365628503,1613,0.24272629867634932
w5_fit_obama_uw,covariate_pre_lucid_age_c,-0.002151641486979952,0.0011138893165289062,1613,0.24272629867634932
w5_fit_obama_uw,covariate_pre_lucid_genderFemale_c,-0.09631881099328281,0.03265008156676931,1613,0.24272629867634932
w5_fit_obama_uw,"covariate_pre_lucid_household_income_imputed_three_groups$55,000 - $149,999_c",0.0015352705092499855,0.03722418104850022,1613,0.24272629867634932
w5_fit_obama_uw,"covariate_pre_lucid_household_income_imputed_three_groups$150,000 and Over_c",0.09886776591677907,0.05922417920573316,1613,0.24272629867634932
w5_fit_obama_uw,covariate_pre_lucid_education_binnedSome College_c,-0.046886656703469774,0.041840539112519254,1613,0.24272629867634932
w5_fit_obama_uw,covariate_pre_lucid_education_binnedCollege_c,0.005146702883054163,0.04365624220427027,1613,0.24272629867634932
w5_fit_obama_uw,covariate_pre_ucla_covid_worried_about_continuous_0_1_imputed_c,0.25186651718724035,0.061559648589033816,1613,0.24272629867634932
w5_fit_obama_uw,covariate_pre_ucla_covid_risk_month_continuous_0_1_imputed_c,0.04166803827169576,0.07390344787412659,1613,0.24272629867634932
w5_fit_obama_uw,covariate_pre_ucla_covid_risk_comparative_continuous_0_1_imputed_c,-0.018809945458467432,0.06029947286304974,1613,0.24272629867634932
w5_fit_obama_uw,covariate_pre_ucla_covid_risk_lifetime_continuous_0_1_imputed_c,0.037350123713551044,0.06616103289029678,1613,0.24272629867634932
w5_fit_obama_uw,covariate_pre_ucla_flu_last_year_yes_binary_imputed_c,0.2250713441990025,0.03266347967964013,1613,0.24272629867634932
w5_fit_obama_uw,treat:pid_7_c,-0.00806834437349652,0.010399247614172293,1613,0.24272629867634932
w5_fit_obama_uw,treat:covariate_pre_lucid_race_hispanic_binnedBlack_c,0.08145086454758282,0.08414966057832586,1613,0.24272629867634932
w5_fit_obama_uw,treat:covariate_pre_lucid_race_hispanic_binnedHispanic_c,0.024919745642203537,0.06979367860177636,1613,0.24272629867634932
w5_fit_obama_uw,treat:covariate_pre_lucid_race_hispanic_binnedAAPI_c,0.014721687549594036,0.10591998694120182,1613,0.24272629867634932
w5_fit_obama_uw,treat:covariate_pre_lucid_race_hispanic_binnedOther_c,0.07403682495137183,0.10793519253450133,1613,0.24272629867634932
w5_fit_obama_uw,treat:covariate_pre_lucid_age_c,7.712562175879412e-4,0.0015179130427728173,1613,0.24272629867634932
w5_fit_obama_uw,treat:covariate_pre_lucid_genderFemale_c,0.047904087887360364,0.045590820110757255,1613,0.24272629867634932
w5_fit_obama_uw,"treat:covariate_pre_lucid_household_income_imputed_three_groups$55,000 - $149,999_c",0.008046733230944637,0.050915207011773926,1613,0.24272629867634932
w5_fit_obama_uw,"treat:covariate_pre_lucid_household_income_imputed_three_groups$150,000 and Over_c",-0.03228449830188393,0.09327011647133147,1613,0.24272629867634932
w5_fit_obama_uw,treat:covariate_pre_lucid_education_binnedSome College_c,0.0401124274804617,0.0570049949120148,1613,0.24272629867634932
w5_fit_obama_uw,treat:covariate_pre_lucid_education_binnedCollege_c,0.11787364444498753,0.06000148926585138,1613,0.24272629867634932
w5_fit_obama_uw,treat:covariate_pre_ucla_covid_worried_about_continuous_0_1_imputed_c,-0.01347027909168411,0.0886373216167912,1613,0.24272629867634932
w5_fit_obama_uw,treat:covariate_pre_ucla_covid_risk_month_continuous_0_1_imputed_c,0.12238310676368144,0.10345684542284268,1613,0.24272629867634932
w5_fit_obama_uw,treat:covariate_pre_ucla_covid_risk_comparative_continuous_0_1_imputed_c,-0.13103753560143744,0.08200556837771637,1613,0.24272629867634932
w5_fit_obama_uw,treat:covariate_pre_ucla_covid_risk_lifetime_continuous_0_1_imputed_c,0.029344279802242947,0.09137491077832256,1613,0.24272629867634932
w5_fit_obama_uw,treat:covariate_pre_ucla_flu_last_year_yes_binary_imputed_c,0.04369101752521536,0.04589135631795135,1613,0.24272629867634932
w5_fit_obama,(Intercept),0.6270481652677972,0.025625972837524227,1613,0.2443116123500082
w5_fit_obama,treat,-0.10865337878007912,0.03514959843108144,1613,0.2443116123500082
w5_fit_obama,pid_7_c,-0.06095011808832446,0.012413368292039444,1613,0.2443116123500082
w5_fit_obama,covariate_pre_lucid_race_hispanic_binnedBlack_c,-0.09271562539268823,0.09371971850142637,1613,0.2443116123500082
w5_fit_obama,covariate_pre_lucid_race_hispanic_binnedHispanic_c,-0.19817458793613643,0.08530074625582532,1613,0.2443116123500082
w5_fit_obama,covariate_pre_lucid_race_hispanic_binnedAAPI_c,-0.16778933908451032,0.12108073422500368,1613,0.2443116123500082
w5_fit_obama,covariate_pre_lucid_race_hispanic_binnedOther_c,-0.19768003456935557,0.13869913370108483,1613,0.2443116123500082
w5_fit_obama,covariate_pre_lucid_age_c,-0.00274532701578922,0.0018061316693461498,1613,0.2443116123500082
w5_fit_obama,covariate_pre_lucid_genderFemale_c,-0.0808482456495374,0.050811842774957476,1613,0.2443116123500082
w5_fit_obama,"covariate_pre_lucid_household_income_imputed_three_groups$55,000 - $149,999_c",-0.008052049011129693,0.057701010065194076,1613,0.2443116123500082
w5_fit_obama,"covariate_pre_lucid_household_income_imputed_three_groups$150,000 and Over_c",0.04742984520088058,0.09086803136256237,1613,0.2443116123500082
w5_fit_obama,covariate_pre_lucid_education_binnedSome College_c,-0.048161527767035854,0.062483069435511934,1613,0.2443116123500082
w5_fit_obama,covariate_pre_lucid_education_binnedCollege_c,-5.922790018052001e-4,0.06688382779685692,1613,0.2443116123500082
w5_fit_obama,covariate_pre_ucla_covid_worried_about_continuous_0_1_imputed_c,0.10939826215129257,0.09106959124045337,1613,0.2443116123500082
w5_fit_obama,covariate_pre_ucla_covid_risk_month_continuous_0_1_imputed_c,0.01074076858671254,0.11147015191706128,1613,0.2443116123500082
w5_fit_obama,covariate_pre_ucla_covid_risk_comparative_continuous_0_1_imputed_c,0.09292629436928712,0.09441054683322192,1613,0.2443116123500082
w5_fit_obama,covariate_pre_ucla_covid_risk_lifetime_continuous_0_1_imputed_c,0.04469105542504312,0.09826174594893951,1613,0.2443116123500082
w5_fit_obama,covariate_pre_ucla_flu_last_year_yes_binary_imputed_c,0.2853061907889329,0.05099080229267325,1613,0.2443116123500082
w5_fit_obama,treat:pid_7_c,6.164406013391303e-4,0.017378578790490488,1613,0.2443116123500082
w5_fit_obama,treat:covariate_pre_lucid_race_hispanic_binnedBlack_c,0.048030165294760264,0.12404129938360406,1613,0.2443116123500082
w5_fit_obama,treat:covariate_pre_lucid_race_hispanic_binnedHispanic_c,0.12541168622374277,0.11892700946684676,1613,0.2443116123500082
w5_fit_obama,treat:covariate_pre_lucid_race_hispanic_binnedAAPI_c,0.1651064014825731,0.16674283735382908,1613,0.2443116123500082
w5_fit_obama,treat:covariate_pre_lucid_race_hispanic_binnedOther_c,0.063793642165453,0.1710999232179389,1613,0.2443116123500082
w5_fit_obama,treat:covariate_pre_lucid_age_c,3.980696909577856e-4,0.002449359381773503,1613,0.2443116123500082
w5_fit_obama,treat:covariate_pre_lucid_genderFemale_c,0.057738563973872545,0.07289402756132145,1613,0.2443116123500082
w5_fit_obama,"treat:covariate_pre_lucid_household_income_imputed_three_groups$55,000 - $149,999_c",-0.0661417504736495,0.07943171580009056,1613,0.2443116123500082
w5_fit_obama,"treat:covariate_pre_lucid_household_income_imputed_three_groups$150,000 and Over_c",0.03449891068475995,0.12927943265353797,1613,0.2443116123500082
w5_fit_obama,treat:covariate_pre_lucid_education_binnedSome College_c,0.010540115472591278,0.08572845835049216,1613,0.2443116123500082
w5_fit_obama,treat:covariate_pre_lucid_education_binnedCollege_c,0.1609372590538544,0.09307919510138458,1613,0.2443116123500082
w5_fit_obama,treat:covariate_pre_ucla_covid_worried_about_continuous_0_1_imputed_c,0.10175635783816554,0.13262623161033216,1613,0.2443116123500082
w5_fit_obama,treat:covariate_pre_ucla_covid_risk_month_continuous_0_1_imputed_c,0.08008100754638628,0.16459221041170513,1613,0.2443116123500082
w5_fit_obama,treat:covariate_pre_ucla_covid_risk_comparative_continuous_0_1_imputed_c,-0.2332506199832021,0.13238025677194892,1613,0.2443116123500082
w5_fit_obama,treat:covariate_pre_ucla_covid_risk_lifetime_continuous_0_1_imputed_c,0.05443705519601887,0.14268688976451027,1613,0.2443116123500082
w5_fit_obama,treat:covariate_pre_ucla_flu_last_year_yes_binary_imputed_c,-0.018853898878974915,0.07265601976022878,1613,0.2443116123500082
w5_fit_ramos_uw,(Intercept),0.6219470899187047,0.01572014944748988,1586,0.24081202178112537
w5_fit_ramos_uw,treat,-0.015721637720187143,0.02175337270805628,1586,0.24081202178112537
w5_fit_ramos_uw,pid_7_c,-0.05375753271134866,0.007454769422656263,1586,0.24081202178112537
w5_fit_ramos_uw,covariate_pre_lucid_race_hispanic_binnedBlack_c,-0.09399882821108312,0.06302416183744798,1586,0.24081202178112537
w5_fit_ramos_uw,covariate_pre_lucid_race_hispanic_binnedHispanic_c,-0.10153946995094344,0.050452270277060736,1586,0.24081202178112537
w5_fit_ramos_uw,covariate_pre_lucid_race_hispanic_binnedAAPI_c,-0.005688515755677324,0.07427664065713334,1586,0.24081202178112537
w5_fit_ramos_uw,covariate_pre_lucid_race_hispanic_binnedOther_c,-0.16287004032550095,0.07992537413634984,1586,0.24081202178112537
w5_fit_ramos_uw,covariate_pre_lucid_age_c,-0.0021516414869799582,0.0011140935320894563,1586,0.24081202178112537
w5_fit_ramos_uw,covariate_pre_lucid_genderFemale_c,-0.09631881099328288,0.032656067488898384,1586,0.24081202178112537
w5_fit_ramos_uw,"covariate_pre_lucid_household_income_imputed_three_groups$55,000 - $149,999_c",0.0015352705092496453,0.037231005565879195,1586,0.24081202178112537
w5_fit_ramos_uw,"covariate_pre_lucid_household_income_imputed_three_groups$150,000 and Over_c",0.09886776591677887,0.059235037105863066,1586,0.24081202178112537
w5_fit_ramos_uw,covariate_pre_lucid_education_binnedSome College_c,-0.046886656703469615,0.04184820997265027,1586,0.24081202178112537
w5_fit_ramos_uw,covariate_pre_lucid_education_binnedCollege_c,0.005146702883054707,0.04366424594740785,1586,0.24081202178112537
w5_fit_ramos_uw,covariate_pre_ucla_covid_worried_about_continuous_0_1_imputed_c,0.2518665171872398,0.06157093466383255,1586,0.24081202178112537
w5_fit_ramos_uw,covariate_pre_ucla_covid_risk_month_continuous_0_1_imputed_c,0.04166803827169604,0.07391699700671125,1586,0.24081202178112537
w5_fit_ramos_uw,covariate_pre_ucla_covid_risk_comparative_continuous_0_1_imputed_c,-0.01880994545846754,0.060310527902782116,1586,0.24081202178112537
w5_fit_ramos_uw,covariate_pre_ucla_covid_risk_lifetime_continuous_0_1_imputed_c,0.037350123713550835,0.06617316256262405,1586,0.24081202178112537
w5_fit_ramos_uw,covariate_pre_ucla_flu_last_year_yes_binary_imputed_c,0.22507134419900265,0.03266946805812025,1586,0.24081202178112537
w5_fit_ramos_uw,treat:pid_7_c,-0.0012697202597397505,0.010590717237511463,1586,0.24081202178112537
w5_fit_ramos_uw,treat:covariate_pre_lucid_race_hispanic_binnedBlack_c,0.05688507586371038,0.08186753512764156,1586,0.24081202178112537
w5_fit_ramos_uw,treat:covariate_pre_lucid_race_hispanic_binnedHispanic_c,0.15134512865228528,0.07390483128113001,1586,0.24081202178112537
w5_fit_ramos_uw,treat:covariate_pre_lucid_race_hispanic_binnedAAPI_c,0.002117282422873381,0.10643099631289198,1586,0.24081202178112537
w5_fit_ramos_uw,treat:covariate_pre_lucid_race_hispanic_binnedOther_c,0.16841675565703698,0.12389867638994469,1586,0.24081202178112537
w5_fit_ramos_uw,treat:covariate_pre_lucid_age_c,-0.0015248004546372874,0.00154028664552535,1586,0.24081202178112537
w5_fit_ramos_uw,treat:covariate_pre_lucid_genderFemale_c,-0.007894313882612252,0.04526733345418226,1586,0.24081202178112537
w5_fit_ramos_uw,"treat:covariate_pre_lucid_household_income_imputed_three_groups$55,000 - $149,999_c",0.045555957211496634,0.050622297134104134,1586,0.24081202178112537
w5_fit_ramos_uw,"treat:covariate_pre_lucid_household_income_imputed_three_groups$150,000 and Over_c",0.005652145030928867,0.08164367118468653,1586,0.24081202178112537
w5_fit_ramos_uw,treat:covariate_pre_lucid_education_binnedSome College_c,0.18897402762070026,0.05752728022313555,1586,0.24081202178112537
w5_fit_ramos_uw,treat:covariate_pre_lucid_education_binnedCollege_c,0.23928635935175915,0.06129176538967503,1586,0.24081202178112537
w5_fit_ramos_uw,treat:covariate_pre_ucla_covid_worried_about_continuous_0_1_imputed_c,-0.04406034810651539,0.09235664029447596,1586,0.24081202178112537
w5_fit_ramos_uw,treat:covariate_pre_ucla_covid_risk_month_continuous_0_1_imputed_c,0.06044281720889076,0.10503335376876446,1586,0.24081202178112537
w5_fit_ramos_uw,treat:covariate_pre_ucla_covid_risk_comparative_continuous_0_1_imputed_c,0.044757774403861944,0.0832735267050676,1586,0.24081202178112537
w5_fit_ramos_uw,treat:covariate_pre_ucla_covid_risk_lifetime_continuous_0_1_imputed_c,-0.009434382407564024,0.09627270469833277,1586,0.24081202178112537
w5_fit_ramos_uw,treat:covariate_pre_ucla_flu_last_year_yes_binary_imputed_c,-0.015337823713204371,0.04585022982714813,1586,0.24081202178112537
w5_fit_ramos,(Intercept),0.6326677126067168,0.025388184278651426,1586,0.2626732034049586
w5_fit_ramos,treat,-0.05539747588791608,0.03558721230035324,1586,0.2626732034049586
w5_fit_ramos,pid_7_c,-0.06095011808832455,0.012415644104300577,1586,0.2626732034049586
w5_fit_ramos,covariate_pre_lucid_race_hispanic_binnedBlack_c,-0.09271562539268813,0.09373690066177597,1586,0.2626732034049586
w5_fit_ramos,covariate_pre_lucid_race_hispanic_binnedHispanic_c,-0.19817458793613626,0.08531638491888954,1586,0.2626732034049586
w5_fit_ramos,covariate_pre_lucid_race_hispanic_binnedAAPI_c,-0.16778933908451005,0.12110293263344926,1586,0.2626732034049586
w5_fit_ramos,covariate_pre_lucid_race_hispanic_binnedOther_c,-0.1976800345693555,0.13872456218928025,1586,0.2626732034049586
w5_fit_ramos,covariate_pre_lucid_age_c,-0.002745327015789223,0.0018064627975703039,1586,0.2626732034049586
w5_fit_ramos,covariate_pre_lucid_genderFemale_c,-0.08084824564953723,0.050821158394383024,1586,0.2626732034049586
w5_fit_ramos,"covariate_pre_lucid_household_income_imputed_three_groups$55,000 - $149,999_c",-0.008052049011129532,0.0577115887142033,1586,0.2626732034049586
w5_fit_ramos,"covariate_pre_lucid_household_income_imputed_three_groups$150,000 and Over_c",0.04742984520088072,0.0908846907071539,1586,0.2626732034049586
w5_fit_ramos,covariate_pre_lucid_education_binnedSome College_c,-0.04816152776703584,0.06249452480622117,1586,0.2626732034049586
w5_fit_ramos,covariate_pre_lucid_education_binnedCollege_c,-5.922790018050709e-4,0.06689608998321833,1586,0.2626732034049586
w5_fit_ramos,covariate_pre_ucla_covid_worried_about_continuous_0_1_imputed_c,0.10939826215129266,0.09108628753814495,1586,0.2626732034049586
w5_fit_ramos,covariate_pre_ucla_covid_risk_month_continuous_0_1_imputed_c,0.010740768586712935,0.1114905883636821,1586,0.2626732034049586
w5_fit_ramos,covariate_pre_ucla_covid_risk_comparative_continuous_0_1_imputed_c,0.09292629436928697,0.09442785564699509,1586,0.2626732034049586
w5_fit_ramos,covariate_pre_ucla_covid_risk_lifetime_continuous_0_1_imputed_c,0.044691055425042536,0.09827976082459379,1586,0.2626732034049586
w5_fit_ramos,covariate_pre_ucla_flu_last_year_yes_binary_imputed_c,0.2853061907889332,0.051000150721748475,1586,0.2626732034049586
w5_fit_ramos,treat:pid_7_c,-0.012085673424314422,0.017757669055205778,1586,0.2626732034049586
w5_fit_ramos,treat:covariate_pre_lucid_race_hispanic_binnedBlack_c,0.015906343033152564,0.11451457690798042,1586,0.2626732034049586
w5_fit_ramos,treat:covariate_pre_lucid_race_hispanic_binnedHispanic_c,0.26360501089783067,0.13538264524491747,1586,0.2626732034049586
w5_fit_ramos,treat:covariate_pre_lucid_race_hispanic_binnedAAPI_c,0.17779928201473705,0.15410804776087741,1586,0.2626732034049586
w5_fit_ramos,treat:covariate_pre_lucid_race_hispanic_binnedOther_c,0.27461891942290684,0.19248274358961473,1586,0.2626732034049586
w5_fit_ramos,treat:covariate_pre_lucid_age_c,0.002325553619706449,0.0023925290300711136,1586,0.2626732034049586
w5_fit_ramos,treat:covariate_pre_lucid_genderFemale_c,-0.07969340671988195,0.06938727760497393,1586,0.2626732034049586
w5_fit_ramos,"treat:covariate_pre_lucid_household_income_imputed_three_groups$55,000 - $149,999_c",0.10254023930965721,0.07985354109240254,1586,0.2626732034049586
w5_fit_ramos,"treat:covariate_pre_lucid_household_income_imputed_three_groups$150,000 and Over_c",-0.014815959703538713,0.12493490975671294,1586,0.2626732034049586
w5_fit_ramos,treat:covariate_pre_lucid_education_binnedSome College_c,0.20690034054950404,0.08458796206137989,1586,0.2626732034049586
w5_fit_ramos,treat:covariate_pre_lucid_education_binnedCollege_c,0.28227764873457556,0.09225475410100412,1586,0.2626732034049586
w5_fit_ramos,treat:covariate_pre_ucla_covid_worried_about_continuous_0_1_imputed_c,0.29274130949159355,0.14118034365905513,1586,0.2626732034049586
w5_fit_ramos,treat:covariate_pre_ucla_covid_risk_month_continuous_0_1_imputed_c,0.004554578894026294,0.16968016863490532,1586,0.2626732034049586
w5_fit_ramos,treat:covariate_pre_ucla_covid_risk_comparative_continuous_0_1_imputed_c,-0.22351102290411173,0.13273104931507584,1586,0.2626732034049586
w5_fit_ramos,treat:covariate_pre_ucla_covid_risk_lifetime_continuous_0_1_imputed_c,0.03821043172920044,0.14555255955706212,1586,0.2626732034049586
w5_fit_ramos,treat:covariate_pre_ucla_flu_last_year_yes_binary_imputed_c,-0.10040551981440518,0.07565653239902628,1586,0.2626732034049586
w5_fit_trump_uw,(Intercept),0.6264359469998971,0.015584033077625644,1604,0.16898369622159626
w5_fit_trump_uw,treat,-0.036173974648441694,0.02248658703412408,1604,0.16898369622159626
w5_fit_trump_uw,pid_7_c,-0.05375753271134884,0.0074538532454259355,1604,0.16898369622159626
w5_fit_trump_uw,covariate_pre_lucid_race_hispanic_binnedBlack_c,-0.09399882821108414,0.06301641628573917,1604,0.16898369622159626
w5_fit_trump_uw,covariate_pre_lucid_race_hispanic_binnedHispanic_c,-0.101539469950944,0.050446069787330086,1604,0.16898369622159626
w5_fit_trump_uw,covariate_pre_lucid_race_hispanic_binnedAAPI_c,-0.0056885157556783444,0.07426751219680724,1604,0.16898369622159626
w5_fit_trump_uw,covariate_pre_lucid_race_hispanic_binnedOther_c,-0.16287004032550162,0.07991555145723553,1604,0.16898369622159626
w5_fit_trump_uw,covariate_pre_lucid_age_c,-0.0021516414869799778,0.0011139566120764173,1604,0.16898369622159626
w5_fit_trump_uw,covariate_pre_lucid_genderFemale_c,-0.0963188109932825,0.03265205411923268,1604,0.16898369622159626
w5_fit_trump_uw,"covariate_pre_lucid_household_income_imputed_three_groups$55,000 - $149,999_c",0.0015352705092491403,0.037226429944873705,1604,0.16898369622159626
w5_fit_trump_uw,"covariate_pre_lucid_household_income_imputed_three_groups$150,000 and Over_c",0.09886776591677804,0.059227757230503136,1604,0.16898369622159626
w5_fit_trump_uw,covariate_pre_lucid_education_binnedSome College_c,-0.046886656703469566,0.041843066905851996,1604,0.16898369622159626
w5_fit_trump_uw,covariate_pre_lucid_education_binnedCollege_c,0.005146702883055372,0.04365887969318214,1604,0.16898369622159626
w5_fit_trump_uw,covariate_pre_ucla_covid_worried_about_continuous_0_1_imputed_c,0.25186651718723924,0.06156336771102827,1604,0.16898369622159626
w5_fit_trump_uw,covariate_pre_ucla_covid_risk_month_continuous_0_1_imputed_c,0.04166803827169614,0.07390791274591768,1604,0.16898369622159626
w5_fit_trump_uw,covariate_pre_ucla_covid_risk_comparative_continuous_0_1_imputed_c,-0.018809945458468095,0.06030311585161318,1604,0.16898369622159626
w5_fit_trump_uw,covariate_pre_ucla_covid_risk_lifetime_continuous_0_1_imputed_c,0.03735012371355012,0.06616503000461176,1604,0.16898369622159626
w5_fit_trump_uw,covariate_pre_ucla_flu_last_year_yes_binary_imputed_c,0.22507134419900304,0.03266545304154969,1604,0.16898369622159626
w5_fit_trump_uw,treat:pid_7_c,0.029046306425695705,0.010887568922417904,1604,0.16898369622159626
w5_fit_trump_uw,treat:covariate_pre_lucid_race_hispanic_binnedBlack_c,0.04046826886472272,0.08511214062826342,1604,0.16898369622159626
w5_fit_trump_uw,treat:covariate_pre_lucid_race_hispanic_binnedHispanic_c,0.1284882773878481,0.07289537215163341,1604,0.16898369622159626
w5_fit_trump_uw,treat:covariate_pre_lucid_race_hispanic_binnedAAPI_c,0.04262421900749614,0.10749480552532246,1604,0.16898369622159626
w5_fit_trump_uw,treat:covariate_pre_lucid_race_hispanic_binnedOther_c,-0.03141552688636927,0.12117930751841395,1604,0.16898369622159626
w5_fit_trump_uw,treat:covariate_pre_lucid_age_c,0.0016063642900376524,0.0015833875994503673,1604,0.16898369622159626
w5_fit_trump_uw,treat:covariate_pre_lucid_genderFemale_c,-0.008279769476285677,0.046917492835470025,1604,0.16898369622159626
w5_fit_trump_uw,"treat:covariate_pre_lucid_household_income_imputed_three_groups$55,000 - $149,999_c",0.09597392253201098,0.05318870687249489,1604,0.16898369622159626
w5_fit_trump_uw,"treat:covariate_pre_lucid_household_income_imputed_three_groups$150,000 and Over_c",4.421829619008218e-4,0.09084294196986296,1604,0.16898369622159626
w5_fit_trump_uw,treat:covariate_pre_lucid_education_binnedSome College_c,0.03227058200955912,0.05956329773921218,1604,0.16898369622159626
w5_fit_trump_uw,treat:covariate_pre_lucid_education_binnedCollege_c,0.0825840221552917,0.06223726023980476,1604,0.16898369622159626
w5_fit_trump_uw,treat:covariate_pre_ucla_covid_worried_about_continuous_0_1_imputed_c,-0.14430947618585468,0.089769412166339893,1604,0.16898369622159626
w5_fit_trump_uw,treat:covariate_pre_ucla_covid_risk_month_continuous_0_1_imputed_c,8.372950803223041e-4,0.10641225713317198,1604,0.16898369622159626
w5_fit_trump_uw,treat:covariate_pre_ucla_covid_risk_comparative_continuous_0_1_imputed_c,0.0726156651171175,0.08820596320589597,1604,0.16898369622159626
w5_fit_trump_uw,treat:covariate_pre_ucla_covid_risk_lifetime_continuous_0_1_imputed_c,-0.08632300925191384,0.09654010488206147,1604,0.16898369622159626
w5_fit_trump_uw,treat:covariate_pre_ucla_flu_last_year_yes_binary_imputed_c,-0.014585381188081958,0.046696235128469606,1604,0.16898369622159626
w5_fit_trump,(Intercept),0.6355213655922939,0.025113770500827016,1604,0.16465062876823733
w5_fit_trump,treat,-0.04688615886957842,0.03578916045379043,1604,0.16465062876823733
w5_fit_trump,pid_7_c,-0.060950118088324526,0.012414118244842927,1604,0.16465062876823733
w5_fit_trump,covariate_pre_lucid_race_hispanic_binnedBlack_c,-0.09271562539268804,0.09372538057186333,1604,0.16465062876823733
w5_fit_trump,covariate_pre_lucid_race_hispanic_binnedHispanic_c,-0.19817458793613613,0.08530589969462503,1604,0.16465062876823733
w5_fit_trump,covariate_pre_lucid_race_hispanic_binnedAAPI_c,-0.16778933908451002,0.12108804930934967,1604,0.16465062876823733
w5_fit_trump,covariate_pre_lucid_race_hispanic_binnedOther_c,-0.19768003456935548,0.13870751319984043,1604,0.16465062876823733
w5_fit_trump,covariate_pre_lucid_age_c,-0.0027453270157892233,0.001806240786668461,1604,0.16465062876823733
w5_fit_trump,covariate_pre_lucid_genderFemale_c,-0.08084824564953737,0.050814912568992655,1604,0.16465062876823733
w5_fit_trump,"covariate_pre_lucid_household_income_imputed_three_groups$55,000 - $149,999_c",-0.008052049011129728,0.05770449606780382,1604,0.16465062876823733
w5_fit_trump,"covariate_pre_lucid_household_income_imputed_three_groups$150,000 and Over_c",0.04742984520088046,0.09087352114851423,1604,0.16465062876823733
w5_fit_trump,covariate_pre_lucid_education_binnedSome College_c,-0.04816152776703571,0.06248684434591426,1604,0.16465062876823733
w5_fit_trump,covariate_pre_lucid_education_binnedCollege_c,-5.922790018050052e-4,0.06688786857877702,1604,0.16465062876823733
w5_fit_trump,covariate_pre_ucla_covid_worried_about_continuous_0_1_imputed_c,0.1093982621512927,0.09107509320363155,1604,0.16465062876823733
w5_fit_trump,covariate_pre_ucla_covid_risk_month_continuous_0_1_imputed_c,0.01074076858671271,0.11147688637872928,1604,0.16465062876823733
w5_fit_trump,covariate_pre_ucla_covid_risk_comparative_continuous_0_1_imputed_c,0.0929262943692867,0.09441625064000575,1604,0.16465062876823733
w5_fit_trump,covariate_pre_ucla_covid_risk_lifetime_continuous_0_1_imputed_c,0.04469105542504297,0.09826768242565657,1604,0.16465062876823733
w5_fit_trump,covariate_pre_ucla_flu_last_year_yes_binary_imputed_c,0.285306190788933,0.05099388289853546,1604,0.16465062876823733
w5_fit_trump,treat:pid_7_c,0.032991807820446986,0.01773524104244626,1604,0.16465062876823733
w5_fit_trump,treat:covariate_pre_lucid_race_hispanic_binnedBlack_c,0.033841896839680294,0.13309521537952512,1604,0.16465062876823733
w5_fit_trump,treat:covariate_pre_lucid_race_hispanic_binnedHispanic_c,0.18947725237652374,0.12356362519587025,1604,0.16465062876823733
w5_fit_trump,treat:covariate_pre_lucid_race_hispanic_binnedAAPI_c,0.29604983731035106,0.15994733091299387,1604,0.16465062876823733
w5_fit_trump,treat:covariate_pre_lucid_race_hispanic_binnedOther_c,0.1694680895174844,0.18988743027435234,1604,0.16465062876823733
w5_fit_trump,treat:covariate_pre_lucid_age_c,0.0029798077726372317,0.002503441817259709,1604,0.16465062876823733
w5_fit_trump,treat:covariate_pre_lucid_genderFemale_c,-0.028840761651696325,0.07216135681978111,1604,0.16465062876823733
w5_fit_trump,"treat:covariate_pre_lucid_household_income_imputed_three_groups$55,000 - $149,999_c",0.10922637364050321,0.0816418467286761,1604,0.16465062876823733
w5_fit_trump,"treat:covariate_pre_lucid_household_income_imputed_three_groups$150,000 and Over_c",0.09130010756563373,0.13158928410275675,1604,0.16465062876823733
w5_fit_trump,treat:covariate_pre_lucid_education_binnedSome College_c,-0.010799950819129872,0.09150499301647112,1604,0.16465062876823733
w5_fit_trump,treat:covariate_pre_lucid_education_binnedCollege_c,0.07602374750137922,0.09727129719886791,1604,0.16465062876823733
w5_fit_trump,treat:covariate_pre_ucla_covid_worried_about_continuous_0_1_imputed_c,0.022758819753285066,0.13399936114264108,1604,0.16465062876823733
w5_fit_trump,treat:covariate_pre_ucla_covid_risk_month_continuous_0_1_imputed_c,-0.20581558121762297,0.16450367083616685,1604,0.16465062876823733
w5_fit_trump,treat:covariate_pre_ucla_covid_risk_comparative_continuous_0_1_imputed_c,0.16475624630692456,0.138799998730017,1604,0.16465062876823733
w5_fit_trump,treat:covariate_pre_ucla_covid_risk_lifetime_continuous_0_1_imputed_c,-0.19806535309700435,0.14921398189249074,1604,0.16465062876823733
w5_fit_trump,treat:covariate_pre_ucla_flu_last_year_yes_binary_imputed_c,-0.0813865661507987,0.07315362225434405,1604,0.16465062876823733
w5_fit_trumpfauci_uw,(Intercept),0.6177041755351123,0.01573360303932699,1543,0.21541125399536842
w5_fit_trumpfauci_uw,treat,-0.0365970854126078,0.02248946806831199,1543,0.21541125399536842
w5_fit_trumpfauci_uw,pid_7_c,-0.05375753271134874,0.007457046054778633,1543,0.21541125399536842
w5_fit_trumpfauci_uw,covariate_pre_lucid_race_hispanic_binnedBlack_c,-0.09399882821108284,0.06304340895606236,1543,0.21541125399536842
w5_fit_trumpfauci_uw,covariate_pre_lucid_race_hispanic_binnedHispanic_c,-0.1015394699509426,0.05046767803183463,1543,0.21541125399536842
w5_fit_trumpfauci_uw,covariate_pre_lucid_race_hispanic_binnedAAPI_c,-0.005688515755676162,0.07429932420057674,1543,0.21541125399536842
w5_fit_trumpfauci_uw,covariate_pre_lucid_race_hispanic_binnedOther_c,-0.16287004032550015,0.07994978276173198,1543,0.21541125399536842
w5_fit_trumpfauci_uw,covariate_pre_lucid_age_c,-0.002151641486979924,0.0011144337681153666,1543,0.21541125399536842
w5_fit_trumpfauci_uw,covariate_pre_lucid_genderFemale_c,-0.09631881099328327,0.032666040413347086,1543,0.21541125399536842
w5_fit_trumpfauci_uw,"covariate_pre_lucid_household_income_imputed_three_groups$55,000 - $149,999_c",0.0015352705092507959,0.037242375642995366,1543,0.21541125399536842
w5_fit_trumpfauci_uw,"covariate_pre_lucid_household_income_imputed_three_groups$150,000 and Over_c",0.09886776591677993,0.05925312705346545,1543,0.21541125399536842
w5_fit_trumpfauci_uw,covariate_pre_lucid_education_binnedSome College_c,-0.04688665670346996,0.0418609901102622,1543,0.21541125399536842
w5_fit_trumpfauci_uw,covariate_pre_lucid_education_binnedCollege_c,0.005146702883053143,0.04367758068913973,1543,0.21541125399536842
w5_fit_trumpfauci_uw,covariate_pre_ucla_covid_worried_about_continuous_0_1_imputed_c,0.25186651718724057,0.06158973797748461,1543,0.21541125399536842
w5_fit_trumpfauci_uw,covariate_pre_ucla_covid_risk_month_continuous_0_1_imputed_c,0.041668038271696184,0.07393957071761106,1543,0.21541125399536842
w5_fit_trumpfauci_uw,covariate_pre_ucla_covid_risk_comparative_continuous_0_1_imputed_c,-0.018809945458466922,0.060328946297416995,1543,0.21541125399536842
w5_fit_trumpfauci_uw,covariate_pre_ucla_covid_risk_lifetime_continuous_0_1_imputed_c,0.037350123713552036,0.06619337136305571,1543,0.21541125399536842
w5_fit_trumpfauci_uw,covariate_pre_ucla_flu_last_year_yes_binary_imputed_c,0.22507134419900204,0.032679445075004955,1543,0.21541125399536842
w5_fit_trumpfauci_uw,treat:pid_7_c,0.012784072508088148,0.01101412904404971,1543,0.21541125399536842
w5_fit_trumpfauci_uw,treat:covariate_pre_lucid_race_hispanic_binnedBlack_c,0.09551588994604905,0.08901886728592079,1543,0.21541125399536842
w5_fit_trumpfauci_uw,treat:covariate_pre_lucid_race_hispanic_binnedHispanic_c,0.17627250400789113,0.07139372772720097,1543,0.21541125399536842
w5_fit_trumpfauci_uw,treat:covariate_pre_lucid_race_hispanic_binnedAAPI_c,0.14913651305204648,0.1035677923910187,1543,0.21541125399536842
w5_fit_trumpfauci_uw,treat:covariate_pre_lucid_race_hispanic_binnedOther_c,-0.07642484987110658,0.11943683800069273,1543,0.21541125399536842
w5_fit_trumpfauci_uw,treat:covariate_pre_lucid_age_c,0.0015197576709287746,0.001554273459542036,1543,0.21541125399536842
w5_fit_trumpfauci_uw,treat:covariate_pre_lucid_genderFemale_c,-0.042506951341697984,0.04656917627653113,1543,0.21541125399536842
w5_fit_trumpfauci_uw,"treat:covariate_pre_lucid_household_income_imputed_three_groups$55,000 - $149,999_c",0.060699042537571524,0.05197312925697847,1543,0.21541125399536842
w5_fit_trumpfauci_uw,"treat:covariate_pre_lucid_household_income_imputed_three_groups$150,000 and Over_c",0.04478518564417114,0.08988356783674907,1543,0.21541125399536842
w5_fit_trumpfauci_uw,treat:covariate_pre_lucid_education_binnedSome College_c,0.02555975901964208,0.05810117788330158,1543,0.21541125399536842
w5_fit_trumpfauci_uw,treat:covariate_pre_lucid_education_binnedCollege_c,-0.04253786206648794,0.06137355429697704,1543,0.21541125399536842
w5_fit_trumpfauci_uw,treat:covariate_pre_ucla_covid_worried_about_continuous_0_1_imputed_c,-0.07946908958437406,0.09234810904926735,1543,0.21541125399536842
w5_fit_trumpfauci_uw,treat:covariate_pre_ucla_covid_risk_month_continuous_0_1_imputed_c,0.16493513665821233,0.10730146564632868,1543,0.21541125399536842
w5_fit_trumpfauci_uw,treat:covariate_pre_ucla_covid_risk_comparative_continuous_0_1_imputed_c,-0.024216313411806616,0.0848180603894313,1543,0.21541125399536842
w5_fit_trumpfauci_uw,treat:covariate_pre_ucla_covid_risk_lifetime_continuous_0_1_imputed_c,0.12280217492851697,0.09333756531282414,1543,0.21541125399536842
w5_fit_trumpfauci_uw,treat:covariate_pre_ucla_flu_last_year_yes_binary_imputed_c,-0.015854940849874894,0.047889066070166374,1543,0.21541125399536842
w5_fit_trumpfauci,(Intercept),0.639888576698792,0.02459410886281205,1543,0.22763656146957967
w5_fit_trumpfauci,treat,-0.0641157239108939,0.0355058462808018,1543,0.22763656146957967
w5_fit_trumpfauci,pid_7_c,-0.060950118088324484,0.012419435751310005,1543,0.22763656146957967
w5_fit_trumpfauci,covariate_pre_lucid_race_hispanic_binnedBlack_c,-0.09271562539268803,0.09376552722646195,1543,0.22763656146957967
w5_fit_trumpfauci,covariate_pre_lucid_race_hispanic_binnedHispanic_c,-0.1981745879361364,0.08534243991958178,1543,0.22763656146957967
w5_fit_trumpfauci,covariate_pre_lucid_race_hispanic_binnedAAPI_c,-0.1677893390845101,0.12113991658438207,1543,0.22763656146957967
w5_fit_trumpfauci,covariate_pre_lucid_race_hispanic_binnedOther_c,-0.19768003456935535,0.13876692765714832,1543,0.22763656146957967
w5_fit_trumpfauci,covariate_pre_lucid_age_c,-0.002745327015789223,0.0018070144781119288,1543,0.22763656146957967
w5_fit_trumpfauci,covariate_pre_lucid_genderFemale_c,-0.08084824564953748,0.050836678804892774,1543,0.22763656146957967
w5_fit_trumpfauci,"covariate_pre_lucid_household_income_imputed_three_groups$55,000 - $149,999_c",-0.008052049011129634,0.05772921341179622,1543,0.22763656146957967
w5_fit_trumpfauci,"covariate_pre_lucid_household_income_imputed_three_groups$150,000 and Over_c",0.04742984520088063,0.0909124462277557,1543,0.22763656146957967
w5_fit_trumpfauci,covariate_pre_lucid_education_binnedSome College_c,-0.048161527767035694,0.06251361017755576,1543,0.22763656146957967
w5_fit_trumpfauci,covariate_pre_lucid_education_binnedCollege_c,-5.922790018050857e-4,0.0669165195604032,1543,0.22763656146957967
w5_fit_trumpfauci,covariate_pre_ucla_covid_worried_about_continuous_0_1_imputed_c,0.10939826215129266,0.09111410462494623,1543,0.22763656146957967
w5_fit_trumpfauci,covariate_pre_ucla_covid_risk_month_continuous_0_1_imputed_c,0.010740768586712286,0.11152463677489588,1543,0.22763656146957967
w5_fit_trumpfauci,covariate_pre_ucla_covid_risk_comparative_continuous_0_1_imputed_c,0.0929262943692871,0.09445669322428568,1543,0.22763656146957967
w5_fit_trumpfauci,covariate_pre_ucla_covid_risk_lifetime_continuous_0_1_imputed_c,0.044691055425042814,0.09830977474558614,1543,0.22763656146957967
w5_fit_trumpfauci,covariate_pre_ucla_flu_last_year_yes_binary_imputed_c,0.2853061907889328,0.05101572579520741,1543,0.22763656146957967
w5_fit_trumpfauci,treat:pid_7_c,8.747659801551655e-4,0.017480773992264574,1543,0.22763656146957967
w5_fit_trumpfauci,treat:covariate_pre_lucid_race_hispanic_binnedBlack_c,-0.09926726421755414,0.12859571671791037,1543,0.22763656146957967
w5_fit_trumpfauci,treat:covariate_pre_lucid_race_hispanic_binnedHispanic_c,0.20375835169517476,0.13042901552746441,1543,0.22763656146957967
w5_fit_trumpfauci,treat:covariate_pre_lucid_race_hispanic_binnedAAPI_c,0.35759333855045206,0.14038226789017808,1543,0.22763656146957967
w5_fit_trumpfauci,treat:covariate_pre_lucid_race_hispanic_binnedOther_c,-0.18568331905213503,0.17684318912519792,1543,0.22763656146957967
w5_fit_trumpfauci,treat:covariate_pre_lucid_age_c,0.005722716909401042,0.0024547198773167793,1543,0.22763656146957967
w5_fit_trumpfauci,treat:covariate_pre_lucid_genderFemale_c,-0.04008081031938261,0.07207986270779253,1543,0.22763656146957967
w5_fit_trumpfauci,"treat:covariate_pre_lucid_household_income_imputed_three_groups$55,000 - $149,999_c",-0.009664319995254623,0.07886892144584833,1543,0.22763656146957967
w5_fit_trumpfauci,"treat:covariate_pre_lucid_household_income_imputed_three_groups$150,000 and Over_c",-0.016646979407766112,0.12823512918413,1543,0.22763656146957967
w5_fit_trumpfauci,treat:covariate_pre_lucid_education_binnedSome College_c,-0.00934386420889232,0.08565847979632252,1543,0.22763656146957967
w5_fit_trumpfauci,treat:covariate_pre_lucid_education_binnedCollege_c,-0.04833415884819876,0.09605640909292172,1543,0.22763656146957967
w5_fit_trumpfauci,treat:covariate_pre_ucla_covid_worried_about_continuous_0_1_imputed_c,0.006825887186389041,0.1430772808194654,1543,0.22763656146957967
w5_fit_trumpfauci,treat:covariate_pre_ucla_covid_risk_month_continuous_0_1_imputed_c,0.10668775608976824,0.16629992647872374,1543,0.22763656146957967
w5_fit_trumpfauci,treat:covariate_pre_ucla_covid_risk_comparative_continuous_0_1_imputed_c,-0.10675735690195187,0.1315547685944778,1543,0.22763656146957967
w5_fit_trumpfauci,treat:covariate_pre_ucla_covid_risk_lifetime_continuous_0_1_imputed_c,0.07034589266511643,0.14876225267635812,1543,0.22763656146957967
w5_fit_trumpfauci,treat:covariate_pre_ucla_flu_last_year_yes_binary_imputed_c,-0.044149808288765933,0.07460976857933135,1543,0.22763656146957967
w6_fit_cdcmask_uw,(Intercept),0.2513636893538095,0.0033779104927791786,30751,0.07399907396742633
w6_fit_cdcmask_uw,treat,0.05377543452820831,0.004923394266336046,30751,0.07399907396742633
w6_fit_cdcmask_uw,pid_7_c,0.00218933851148095,0.0016258722491787557,30751,0.07399907396742633
w6_fit_cdcmask_uw,covariate_pre_lucid_race_hispanic_binnedBlack_c,-0.11976458766457326,0.010270530605537283,30751,0.07399907396742633
w6_fit_cdcmask_uw,covariate_pre_lucid_race_hispanic_binnedHispanic_c,-0.09051863338900289,0.009094796380111394,30751,0.07399907396742633
w6_fit_cdcmask_uw,covariate_pre_lucid_race_hispanic_binnedAAPI_c,-0.13073987681603783,0.018937450150083482,30751,0.07399907396742633
w6_fit_cdcmask_uw,covariate_pre_lucid_race_hispanic_binnedOther_c,-0.08206361648533815,0.01988610512348141,30751,0.07399907396742633
w6_fit_cdcmask_uw,covariate_pre_lucid_age_c,0.001350738897486224,2.248090547534726e-4,30751,0.07399907396742633
w6_fit_cdcmask_uw,covariate_pre_lucid_genderFemale_c,0.013459145730624863,0.006979406919344947,30751,0.07399907396742633
w6_fit_cdcmask_uw,"covariate_pre_lucid_household_income_imputed_three_groups$55,000 - $149,999_c",0.01144777877426729,0.007764020408789606,30751,0.07399907396742633
w6_fit_cdcmask_uw,"covariate_pre_lucid_household_income_imputed_three_groups$150,000 and Over_c",0.018804977148416845,0.01280358828973802,30751,0.07399907396742633
w6_fit_cdcmask_uw,covariate_pre_lucid_education_binnedSome College_c,5.741574341605933e-4,0.00849511664684693,30751,0.07399907396742633
w6_fit_cdcmask_uw,covariate_pre_lucid_education_binnedCollege_c,0.021776714560896963,0.009406149453242061,30751,0.07399907396742633
w6_fit_cdcmask_uw,covariate_pre_ucla_covid_worried_about_continuous_0_1_imputed_c,-0.14553146538728798,0.013868978791197372,30751,0.07399907396742633
w6_fit_cdcmask_uw,covariate_pre_ucla_covid_risk_month_continuous_0_1_imputed_c,-0.14139830651231486,0.015837181956173382,30751,0.07399907396742633
w6_fit_cdcmask_uw,covariate_pre_ucla_covid_risk_comparative_continuous_0_1_imputed_c,0.01755857686107394,0.012469193828501658,30751,0.07399907396742633
w6_fit_cdcmask_uw,covariate_pre_ucla_covid_risk_lifetime_continuous_0_1_imputed_c,-0.06585819984313585,0.016019497411214723,30751,0.07399907396742633
w6_fit_cdcmask_uw,covariate_pre_ucla_flu_last_year_yes_binary_imputed_c,0.07108967984714466,0.007092509758293186,30751,0.07399907396742633
w6_fit_cdcmask_uw,treat:pid_7_c,-0.0027565720460765216,0.0023582337273061527,30751,0.07399907396742633
w6_fit_cdcmask_uw,treat:covariate_pre_lucid_race_hispanic_binnedBlack_c,-0.01332997092086321,0.015437517521005981,30751,0.07399907396742633
w6_fit_cdcmask_uw,treat:covariate_pre_lucid_race_hispanic_binnedHispanic_c,0.01011169805613662,0.013572793807720888,30751,0.07399907396742633
w6_fit_cdcmask_uw,treat:covariate_pre_lucid_race_hispanic_binnedAAPI_c,0.009429338000529967,0.027080167959529826,30751,0.07399907396742633
w6_fit_cdcmask_uw,treat:covariate_pre_lucid_race_hispanic_binnedOther_c,0.0037207896539916572,0.029627119924381728,30751,0.07399907396742633
w6_fit_cdcmask_uw,treat:covariate_pre_lucid_age_c,4.123037042085953e-4,3.2953117062925675e-4,30751,0.07399907396742633
w6_fit_cdcmask_uw,treat:covariate_pre_lucid_genderFemale_c,0.012993699112568724,0.010149231455377534,30751,0.07399907396742633
w6_fit_cdcmask_uw,"treat:covariate_pre_lucid_household_income_imputed_three_groups$55,000 - $149,999_c",0.013379054382822908,0.011321776542616303,30751,0.07399907396742633
w6_fit_cdcmask_uw,"treat:covariate_pre_lucid_household_income_imputed_three_groups$150,000 and Over_c",-0.013564310554755326,0.01851568019704498,30751,0.07399907396742633
w6_fit_cdcmask_uw,treat:covariate_pre_lucid_education_binnedSome College_c,0.002468207332157712,0.012478964988028961,30751,0.07399907396742633
w6_fit_cdcmask_uw,treat:covariate_pre_lucid_education_binnedCollege_c,-0.007961942702597516,0.013743648942825992,30751,0.07399907396742633
w6_fit_cdcmask_uw,treat:covariate_pre_ucla_covid_worried_about_continuous_0_1_imputed_c,-0.06196707206068258,0.02061773220702406,30751,0.07399907396742633
w6_fit_cdcmask_uw,treat:covariate_pre_ucla_covid_risk_month_continuous_0_1_imputed_c,-0.010633648336125666,0.02342119314391369,30751,0.07399907396742633
w6_fit_cdcmask_uw,treat:covariate_pre_ucla_covid_risk_comparative_continuous_0_1_imputed_c,0.01660056457694808,0.018149085040249993,30751,0.07399907396742633
w6_fit_cdcmask_uw,treat:covariate_pre_ucla_covid_risk_lifetime_continuous_0_1_imputed_c,0.011185334673995411,0.02326398103623821,30751,0.07399907396742633
w6_fit_cdcmask_uw,treat:covariate_pre_ucla_flu_last_year_yes_binary_imputed_c,0.010660904868982784,0.010345732643362603,30751,0.07399907396742633
w6_fit_cdcmask,(Intercept),0.2369310036759402,0.004853514680886026,30751,0.07294170917256348
w6_fit_cdcmask,treat,0.05982114960867598,0.0071870271649672425,30751,0.07294170917256348
w6_fit_cdcmask,pid_7_c,0.002843028712459331,0.0023474591176612758,30751,0.07294170917256348
w6_fit_cdcmask,covariate_pre_lucid_race_hispanic_binnedBlack_c,-0.13684538162793053,0.014899578979322432,30751,0.07294170917256348
w6_fit_cdcmask,covariate_pre_lucid_race_hispanic_binnedHispanic_c,-0.1222597765000751,0.01447447860847808,30751,0.07294170917256348
w6_fit_cdcmask,covariate_pre_lucid_race_hispanic_binnedAAPI_c,-0.14365713251622703,0.024267141481342347,30751,0.07294170917256348
w6_fit_cdcmask,covariate_pre_lucid_race_hispanic_binnedOther_c,-0.050010130656108515,0.030890997017083737,30751,0.07294170917256348
w6_fit_cdcmask,covariate_pre_lucid_age_c,9.184899698698562e-4,3.2455097937854067e-4,30751,0.07294170917256348
w6_fit_cdcmask,covariate_pre_lucid_genderFemale_c,0.024719419544957565,0.009786042478967392,30751,0.07294170917256348
w6_fit_cdcmask,"covariate_pre_lucid_household_income_imputed_three_groups$55,000 - $149,999_c",0.01789904827084777,0.010583563989206088,30751,0.07294170917256348
w6_fit_cdcmask,"covariate_pre_lucid_household_income_imputed_three_groups$150,000 and Over_c",0.02700370100948358,0.017029198411173112,30751,0.07294170917256348
w6_fit_cdcmask,covariate_pre_lucid_education_binnedSome College_c,-0.0075774690823252906,0.012144824857538273,30751,0.07294170917256348
w6_fit_cdcmask,covariate_pre_lucid_education_binnedCollege_c,0.017392467734155197,0.014085869862892597,30751,0.07294170917256348
w6_fit_cdcmask,covariate_pre_ucla_covid_worried_about_continuous_0_1_imputed_c,-0.11145449584161146,0.02049289229844525,30751,0.07294170917256348
w6_fit_cdcmask,covariate_pre_ucla_covid_risk_month_continuous_0_1_imputed_c,-0.15744016867243552,0.023585503030992713,30751,0.07294170917256348
w6_fit_cdcmask,covariate_pre_ucla_covid_risk_comparative_continuous_0_1_imputed_c,0.023468237788193402,0.01804958345001695,30751,0.07294170917256348
w6_fit_cdcmask,covariate_pre_ucla_covid_risk_lifetime_continuous_0_1_imputed_c,-0.05127114162608916,0.023876680227759954,30751,0.07294170917256348
w6_fit_cdcmask,covariate_pre_ucla_flu_last_year_yes_binary_imputed_c,0.0723157739877712,0.010241272021055703,30751,0.07294170917256348
w6_fit_cdcmask,treat:pid_7_c,-5.225412366362441e-4,0.003451434433744387,30751,0.07294170917256348
w6_fit_cdcmask,treat:covariate_pre_lucid_race_hispanic_binnedBlack_c,-0.0049551317400903135,0.022762247621636363,30751,0.07294170917256348
w6_fit_cdcmask,treat:covariate_pre_lucid_race_hispanic_binnedHispanic_c,0.024333999988431453,0.022404488981423637,30751,0.07294170917256348
w6_fit_cdcmask,treat:covariate_pre_lucid_race_hispanic_binnedAAPI_c,0.05724826812134166,0.03646837611961999,30751,0.07294170917256348
w6_fit_cdcmask,treat:covariate_pre_lucid_race_hispanic_binnedOther_c,-0.032309976447727706,0.04514805765894576,30751,0.07294170917256348
w6_fit_cdcmask,treat:covariate_pre_lucid_age_c,7.594921993817241e-4,4.7964990645142245e-4,30751,0.07294170917256348
w6_fit_cdcmask,treat:covariate_pre_lucid_genderFemale_c,-0.003012942842925546,0.014597279317015953,30751,0.07294170917256348
w6_fit_cdcmask,"treat:covariate_pre_lucid_household_income_imputed_three_groups$55,000 - $149,999_c",-0.0060840354215179965,0.016113122829051283,30751,0.07294170917256348
w6_fit_cdcmask,"treat:covariate_pre_lucid_household_income_imputed_three_groups$150,000 and Over_c",-0.0440773325437212,0.0245111439640077,30751,0.07294170917256348
w6_fit_cdcmask,treat:covariate_pre_lucid_education_binnedSome College_c,0.005041022130913378,0.018248550700227996,30751,0.07294170917256348
w6_fit_cdcmask,treat:covariate_pre_lucid_education_binnedCollege_c,-0.008872386620927927,0.020542359678497615,30751,0.07294170917256348
w6_fit_cdcmask,treat:covariate_pre_ucla_covid_worried_about_continuous_0_1_imputed_c,-0.08477024704362539,0.03173432732594802,30751,0.07294170917256348
w6_fit_cdcmask,treat:covariate_pre_ucla_covid_risk_month_continuous_0_1_imputed_c,0.02347684049205117,0.03577247455128929,30751,0.07294170917256348
w6_fit_cdcmask,treat:covariate_pre_ucla_covid_risk_comparative_continuous_0_1_imputed_c,0.0033268384696100313,0.02702005027265483,30751,0.07294170917256348
w6_fit_cdcmask,treat:covariate_pre_ucla_covid_risk_lifetime_continuous_0_1_imputed_c,-0.018409945604961588,0.0345538765969947,30751,0.07294170917256348
w6_fit_cdcmask,treat:covariate_pre_ucla_flu_last_year_yes_binary_imputed_c,6.140708113791833e-4,0.015231755677735067,30751,0.07294170917256348
w7_fit_cdcmask_uw,(Intercept),0.676946632162463,0.003368588743313321,32933,0.14170649191471962
w7_fit_cdcmask_uw,treat,0.015162997348400604,0.004747977762251223,32933,0.14170649191471962
w7_fit_cdcmask_uw,pid_7_c,-0.05168009929214245,0.001598522236771342,32933,0.14170649191471962
w7_fit_cdcmask_uw,covariate_pre_lucid_race_hispanic_binnedBlack_c,0.0640806875194522,0.01082820992177889,32933,0.14170649191471962
w7_fit_cdcmask_uw,covariate_pre_lucid_race_hispanic_binnedHispanic_c,0.06645555885645697,0.009918475148663612,32933,0.14170649191471962
w7_fit_cdcmask_uw,covariate_pre_lucid_race_hispanic_binnedAAPI_c,0.11690942883991344,0.015547516884235777,32933,0.14170649191471962
w7_fit_cdcmask_uw,covariate_pre_lucid_race_hispanic_binnedOther_c,0.0013183325918352186,0.020884345587226447,32933,0.14170649191471962
w7_fit_cdcmask_uw,covariate_pre_lucid_age_c,0.002771811674858664,2.1546914695450117e-4,32933,0.14170649191471962
w7_fit_cdcmask_uw,covariate_pre_lucid_genderFemale_c,0.03843144438420412,0.007001357158685219,32933,0.14170649191471962
w7_fit_cdcmask_uw,"covariate_pre_lucid_household_income_imputed_three_groups$55,000 - $149,999_c",0.012619947845255608,0.007874884906079687,32933,0.14170649191471962
w7_fit_cdcmask_uw,"covariate_pre_lucid_household_income_imputed_three_groups$150,000 and Over_c",0.01677552525646808,0.012011189714920937,32933,0.14170649191471962
w7_fit_cdcmask_uw,covariate_pre_lucid_education_binnedSome College_c,0.004053383859130391,0.009023715948692689,32933,0.14170649191471962
w7_fit_cdcmask_uw,covariate_pre_lucid_education_binnedCollege_c,0.012234753652531646,0.009632025217442448,32933,0.14170649191471962
w7_fit_cdcmask_uw,covariate_pre_ucla_covid_worried_about_continuous_0_1_imputed_c,0.2316897626117868,0.01289564765622382,32933,0.14170649191471962
w7_fit_cdcmask_uw,covariate_pre_ucla_covid_risk_month_continuous_0_1_imputed_c,0.07920757526686935,0.016130094629621585,32933,0.14170649191471962
w7_fit_cdcmask_uw,covariate_pre_ucla_covid_risk_comparative_continuous_0_1_imputed_c,-0.024539051663752528,0.012173428452836381,32933,0.14170649191471962
w7_fit_cdcmask_uw,covariate_pre_ucla_covid_risk_lifetime_continuous_0_1_imputed_c,-0.04761910471402417,0.01649484464267279,32933,0.14170649191471962
w7_fit_cdcmask_uw,covariate_pre_ucla_flu_last_year_yes_binary_imputed_c,0.1336950822586807,0.007467643204349495,32933,0.14170649191471962
w7_fit_cdcmask_uw,treat:pid_7_c,-9.855817170921284e-4,0.002264034177311576,32933,0.14170649191471962
w7_fit_cdcmask_uw,treat:covariate_pre_lucid_race_hispanic_binnedBlack_c,-0.01774059336139158,0.015146661036696967,32933,0.14170649191471962
w7_fit_cdcmask_uw,treat:covariate_pre_lucid_race_hispanic_binnedHispanic_c,-0.03328846568234179,0.014250671367730143,32933,0.14170649191471962
w7_fit_cdcmask_uw,treat:covariate_pre_lucid_race_hispanic_binnedAAPI_c,-0.012355168184335831,0.022113483859002626,32933,0.14170649191471962
w7_fit_cdcmask_uw,treat:covariate_pre_lucid_race_hispanic_binnedOther_c,-0.010056577101868596,0.030073803333564412,32933,0.14170649191471962
w7_fit_cdcmask_uw,treat:covariate_pre_lucid_age_c,3.3806474302794685e-4,3.0408675297074534e-4,32933,0.14170649191471962
w7_fit_cdcmask_uw,treat:covariate_pre_lucid_genderFemale_c,0.00441903257958946,0.009869112183221828,32933,0.14170649191471962
w7_fit_cdcmask_uw,"treat:covariate_pre_lucid_household_income_imputed_three_groups$55,000 - $149,999_c",-0.016221776627133668,0.011129295236525446,32933,0.14170649191471962
w7_fit_cdcmask_uw,"treat:covariate_pre_lucid_household_income_imputed_three_groups$150,000 and Over_c",-0.009531407471846524,0.017079569364237483,32933,0.14170649191471962
w7_fit_cdcmask_uw,treat:covariate_pre_lucid_education_binnedSome College_c,0.009902614552311746,0.012668729818624016,32933,0.14170649191471962
w7_fit_cdcmask_uw,treat:covariate_pre_lucid_education_binnedCollege_c,-0.0028821502102683496,0.013600171690041145,32933,0.14170649191471962
w7_fit_cdcmask_uw,treat:covariate_pre_ucla_covid_worried_about_continuous_0_1_imputed_c,-0.0465745767808584,0.018265021839925417,32933,0.14170649191471962
w7_fit_cdcmask_uw,treat:covariate_pre_ucla_covid_risk_month_continuous_0_1_imputed_c,0.012132164282255851,0.022854776732233552,32933,0.14170649191471962
w7_fit_cdcmask_uw,treat:covariate_pre_ucla_covid_risk_comparative_continuous_0_1_imputed_c,-0.0017354882506078661,0.01725561362463693,32933,0.14170649191471962
w7_fit_cdcmask_uw,treat:covariate_pre_ucla_covid_risk_lifetime_continuous_0_1_imputed_c,0.007829805732217454,0.023407651207384302,32933,0.14170649191471962
w7_fit_cdcmask_uw,treat:covariate_pre_ucla_flu_last_year_yes_binary_imputed_c,-0.007122445367004416,0.010531548014978423,32933,0.14170649191471962
w7_fit_cdcmask,(Intercept),0.6799578572644213,0.005224165904841998,32933,0.15320070403802089
w7_fit_cdcmask,treat,0.015402564883122034,0.0074297368901222564,32933,0.15320070403802089
w7_fit_cdcmask,pid_7_c,-0.05303441132077398,0.0024469030110949998,32933,0.15320070403802089
w7_fit_cdcmask,covariate_pre_lucid_race_hispanic_binnedBlack_c,0.08742133745627406,0.016549437730630657,32933,0.15320070403802089
w7_fit_cdcmask,covariate_pre_lucid_race_hispanic_binnedHispanic_c,0.06350257698773289,0.017412083731666434,32933,0.15320070403802089
w7_fit_cdcmask,covariate_pre_lucid_race_hispanic_binnedAAPI_c,0.1789363732471817,0.02108094863782279,32933,0.15320070403802089
w7_fit_cdcmask,covariate_pre_lucid_race_hispanic_binnedOther_c,-6.661374797281344e-4,0.03495871356020275,32933,0.15320070403802089
w7_fit_cdcmask,covariate_pre_lucid_age_c,0.0026723749799611586,3.341032925939879e-4,32933,0.15320070403802089
w7_fit_cdcmask,covariate_pre_lucid_genderFemale_c,0.03580424468376269,0.010779507718606397,32933,0.15320070403802089
w7_fit_cdcmask,"covariate_pre_lucid_household_income_imputed_three_groups$55,000 - $149,999_c",-0.001261505006269599,0.012162195005597948,32933,0.15320070403802089
w7_fit_cdcmask,"covariate_pre_lucid_household_income_imputed_three_groups$150,000 and Over_c",-0.01055036975737903,0.017071452056920438,32933,0.15320070403802089
w7_fit_cdcmask,covariate_pre_lucid_education_binnedSome College_c,0.008277750402694767,0.013923403861792633,32933,0.15320070403802089
w7_fit_cdcmask,covariate_pre_lucid_education_binnedCollege_c,0.037512424290821175,0.015155687798597765,32933,0.15320070403802089
w7_fit_cdcmask,covariate_pre_ucla_covid_worried_about_continuous_0_1_imputed_c,0.22666999931742388,0.0205106639187382,32933,0.15320070403802089
w7_fit_cdcmask,covariate_pre_ucla_covid_risk_month_continuous_0_1_imputed_c,0.08897484514096168,0.02570612812366696,32933,0.15320070403802089
w7_fit_cdcmask,covariate_pre_ucla_covid_risk_comparative_continuous_0_1_imputed_c,-0.011470947701360075,0.01893753178727052,32933,0.15320070403802089
w7_fit_cdcmask,covariate_pre_ucla_covid_risk_lifetime_continuous_0_1_imputed_c,-0.10503807353508769,0.025734980079226845,32933,0.15320070403802089
w7_fit_cdcmask,covariate_pre_ucla_flu_last_year_yes_binary_imputed_c,0.13329151729238076,0.01157454928720579,32933,0.15320070403802089
w7_fit_cdcmask,treat:pid_7_c,-2.634687142995684e-5,0.0034954215994806494,32933,0.15320070403802089
w7_fit_cdcmask,treat:covariate_pre_lucid_race_hispanic_binnedBlack_c,-0.009547612429512894,0.02339890638652085,32933,0.15320070403802089
w7_fit_cdcmask,treat:covariate_pre_lucid_race_hispanic_binnedHispanic_c,6.937190839174579e-4,0.02495791038144233,32933,0.15320070403802089
w7_fit_cdcmask,treat:covariate_pre_lucid_race_hispanic_binnedAAPI_c,-0.015380976309900036,0.03204198025861796,32933,0.15320070403802089
w7_fit_cdcmask,treat:covariate_pre_lucid_race_hispanic_binnedOther_c,0.05370202375467663,0.04737440062163339,32933,0.15320070403802089
w7_fit_cdcmask,treat:covariate_pre_lucid_age_c,3.4797236376485195e-4,4.7296685611914624e-4,32933,0.15320070403802089
w7_fit_cdcmask,treat:covariate_pre_lucid_genderFemale_c,-4.984808181062092e-4,0.015294865621920896,32933,0.15320070403802089
w7_fit_cdcmask,"treat:covariate_pre_lucid_household_income_imputed_three_groups$55,000 - $149,999_c",-0.009568773977866716,0.01734042192174369,32933,0.15320070403802089
w7_fit_cdcmask,"treat:covariate_pre_lucid_household_income_imputed_three_groups$150,000 and Over_c",0.013746928199012924,0.0243259629339346,32933,0.15320070403802089
w7_fit_cdcmask,treat:covariate_pre_lucid_education_binnedSome College_c,0.010827062968508404,0.019766788082532148,32933,0.15320070403802089
w7_fit_cdcmask,treat:covariate_pre_lucid_education_binnedCollege_c,-0.0232543905018962,0.021647057893533887,32933,0.15320070403802089
w7_fit_cdcmask,treat:covariate_pre_ucla_covid_worried_about_continuous_0_1_imputed_c,-0.06447114277967889,0.02961548799997894,32933,0.15320070403802089
w7_fit_cdcmask,treat:covariate_pre_ucla_covid_risk_month_continuous_0_1_imputed_c,0.030170989342804017,0.036871915844263824,32933,0.15320070403802089
w7_fit_cdcmask,treat:covariate_pre_ucla_covid_risk_comparative_continuous_0_1_imputed_c,-0.004470631975646811,0.027291115858956296,32933,0.15320070403802089
w7_fit_cdcmask,treat:covariate_pre_ucla_covid_risk_lifetime_continuous_0_1_imputed_c,0.06256373791439895,0.03691339558908288,32933,0.15320070403802089
w7_fit_cdcmask,treat:covariate_pre_ucla_flu_last_year_yes_binary_imputed_c,-0.008682719399692734,0.01640753509551149,32933,0.15320070403802089
w7_fit_contagiousness_uw,(Intercept),0.1928277663044369,0.005538690378490612,8659,0.15340879593294132
w7_fit_contagiousness_uw,treat,0.00346677927846745,0.007845586440979883,8659,0.15340879593294132
w7_fit_contagiousness_uw,pid_7_c,-0.026940557007461827,0.0034244273996703405,8659,0.15340879593294132
w7_fit_contagiousness_uw,covariate_pre_lucid_race_hispanic_binnedBlack_c,-0.03629451088344184,0.018361774239671554,8659,0.15340879593294132
w7_fit_contagiousness_uw,covariate_pre_lucid_race_hispanic_binnedHispanic_c,-9.203170984851908e-4,0.02143943479272568,8659,0.15340879593294132
w7_fit_contagiousness_uw,covariate_pre_lucid_race_hispanic_binnedAAPI_c,-0.05854518646717714,0.03389445183582551,8659,0.15340879593294132
w7_fit_contagiousness_uw,covariate_pre_lucid_race_hispanic_binnedOther_c,-0.07137189787389503,0.023558601027065494,8659,0.15340879593294132
w7_fit_contagiousness_uw,covariate_pre_lucid_age_c,-0.0017921447965319926,3.9715395357642336e-4,8659,0.15340879593294132
w7_fit_contagiousness_uw,covariate_pre_lucid_genderFemale_c,-0.028278268879957744,0.01152576317803508,8659,0.15340879593294132
w7_fit_contagiousness_uw,"covariate_pre_lucid_household_income_imputed_three_groups$55,000 - $149,999_c",0.010675492142230186,0.014151547071356302,8659,0.15340879593294132
w7_fit_contagiousness_uw,"covariate_pre_lucid_household_income_imputed_three_groups$150,000 and Over_c",0.1431432784001834,0.034819185484958104,8659,0.15340879593294132
w7_fit_contagiousness_uw,covariate_pre_lucid_education_binnedSome College_c,0.028699395745461508,0.012827934697340039,8659,0.15340879593294132
w7_fit_contagiousness_uw,covariate_pre_lucid_education_binnedCollege_c,0.04542662774072099,0.01718000089661126,8659,0.15340879593294132
w7_fit_contagiousness_uw,covariate_pre_ucla_covid_worried_about_continuous_0_1_imputed_c,0.22023368207122107,0.02530611427083023,8659,0.15340879593294132
w7_fit_contagiousness_uw,covariate_pre_ucla_covid_risk_month_continuous_0_1_imputed_c,0.07152545780943573,0.026844945184499057,8659,0.15340879593294132
w7_fit_contagiousness_uw,covariate_pre_ucla_covid_risk_comparative_continuous_0_1_imputed_c,0.01573786507724077,0.02307761309966085,8659,0.15340879593294132
w7_fit_contagiousness_uw,covariate_pre_ucla_covid_risk_lifetime_continuous_0_1_imputed_c,0.01857720988407723,0.024920448252955016,8659,0.15340879593294132
w7_fit_contagiousness_uw,covariate_pre_ucla_flu_last_year_yes_binary_imputed_c,0.2218780458257621,0.017122290847136637,8659,0.15340879593294132
w7_fit_contagiousness_uw,treat:pid_7_c,-0.002571778395209395,0.004791078078074482,8659,0.15340879593294132
w7_fit_contagiousness_uw,treat:covariate_pre_lucid_race_hispanic_binnedBlack_c,-0.00891433206855366,0.02563232313795072,8659,0.15340879593294132
w7_fit_contagiousness_uw,treat:covariate_pre_lucid_race_hispanic_binnedHispanic_c,0.0030795532831947225,0.030162694625529857,8659,0.15340879593294132
w7_fit_contagiousness_uw,treat:covariate_pre_lucid_race_hispanic_binnedAAPI_c,9.501310337552564e-4,0.04709963270936529,8659,0.15340879593294132
w7_fit_contagiousness_uw,treat:covariate_pre_lucid_race_hispanic_binnedOther_c,-0.005705343390869537,0.03496994017720289,8659,0.15340879593294132
w7_fit_contagiousness_uw,treat:covariate_pre_lucid_age_c,-3.477853770593646e-4,5.514136825589155e-4,8659,0.15340879593294132
w7_fit_contagiousness_uw,treat:covariate_pre_lucid_genderFemale_c,-0.0386277959262069,0.016488666092878496,8659,0.15340879593294132
w7_fit_contagiousness_uw,"treat:covariate_pre_lucid_household_income_imputed_three_groups$55,000 - $149,999_c",0.02320812787668088,0.020270251011521644,8659,0.15340879593294132
w7_fit_contagiousness_uw,"treat:covariate_pre_lucid_household_income_imputed_three_groups$150,000 and Over_c",-0.052747970743818214,0.046578629601619015,8659,0.15340879593294132
w7_fit_contagiousness_uw,treat:covariate_pre_lucid_education_binnedSome College_c,0.008395390999499158,0.017973294436016984,8659,0.15340879593294132
w7_fit_contagiousness_uw,treat:covariate_pre_lucid_education_binnedCollege_c,0.004288949861208568,0.024159711928486434,8659,0.15340879593294132
w7_fit_contagiousness_uw,treat:covariate_pre_ucla_covid_worried_about_continuous_0_1_imputed_c,0.011015511736997486,0.03534880571306474,8659,0.15340879593294132
w7_fit_contagiousness_uw,treat:covariate_pre_ucla_covid_risk_month_continuous_0_1_imputed_c,0.015318072370768458,0.03871840214914184,8659,0.15340879593294132
w7_fit_contagiousness_uw,treat:covariate_pre_ucla_covid_risk_comparative_continuous_0_1_imputed_c,-0.02001648964785711,0.032434534703480455,8659,0.15340879593294132
w7_fit_contagiousness_uw,treat:covariate_pre_ucla_covid_risk_lifetime_continuous_0_1_imputed_c,0.014446657065601342,0.035888180852101416,8659,0.15340879593294132
w7_fit_contagiousness_uw,treat:covariate_pre_ucla_flu_last_year_yes_binary_imputed_c,-0.01122483757471907,0.024063442877532225,8659,0.15340879593294132
w7_fit_contagiousness,(Intercept),0.19722085933437772,0.009047620788644684,8659,0.1648531736906803
w7_fit_contagiousness,treat,-0.009569165315850553,0.01284222813696647,8659,0.1648531736906803
w7_fit_contagiousness,pid_7_c,-0.0323417163754196,0.005848907347250695,8659,0.1648531736906803
w7_fit_contagiousness,covariate_pre_lucid_race_hispanic_binnedBlack_c,-0.04026723298433062,0.02639412414905528,8659,0.1648531736906803
w7_fit_contagiousness,covariate_pre_lucid_race_hispanic_binnedHispanic_c,0.03564408802986393,0.04068684697602335,8659,0.1648531736906803
w7_fit_contagiousness,covariate_pre_lucid_race_hispanic_binnedAAPI_c,-0.08246056377736133,0.04834258129938683,8659,0.1648531736906803
w7_fit_contagiousness,covariate_pre_lucid_race_hispanic_binnedOther_c,-0.09887597051176297,0.033958032819623556,8659,0.1648531736906803
w7_fit_contagiousness,covariate_pre_lucid_age_c,-0.002435525066643455,6.509556559617168e-4,8659,0.1648531736906803
w7_fit_contagiousness,covariate_pre_lucid_genderFemale_c,-0.03420560774001707,0.018713525529224003,8659,0.1648531736906803
w7_fit_contagiousness,"covariate_pre_lucid_household_income_imputed_three_groups$55,000 - $149,999_c",0.022302368390165247,0.020028002303031332,8659,0.1648531736906803
w7_fit_contagiousness,"covariate_pre_lucid_household_income_imputed_three_groups$150,000 and Over_c",0.10640238339686311,0.043913658931829656,8659,0.1648531736906803
w7_fit_contagiousness,covariate_pre_lucid_education_binnedSome College_c,0.020184178007059284,0.020605540544179027,8659,0.1648531736906803
w7_fit_contagiousness,covariate_pre_lucid_education_binnedCollege_c,0.05519615343252617,0.026701875261977363,8659,0.1648531736906803
w7_fit_contagiousness,covariate_pre_ucla_covid_worried_about_continuous_0_1_imputed_c,0.20334580392011264,0.04283178858933182,8659,0.1648531736906803
w7_fit_contagiousness,covariate_pre_ucla_covid_risk_month_continuous_0_1_imputed_c,0.06839465768217161,0.04428860126800807,8659,0.1648531736906803
w7_fit_contagiousness,covariate_pre_ucla_covid_risk_comparative_continuous_0_1_imputed_c,0.008322588448582994,0.03661703150710059,8659,0.1648531736906803
w7_fit_contagiousness,covariate_pre_ucla_covid_risk_lifetime_continuous_0_1_imputed_c,0.01551121451303716,0.04030753831017527,8659,0.1648531736906803
w7_fit_contagiousness,covariate_pre_ucla_flu_last_year_yes_binary_imputed_c,0.269725803477453,0.028103207739539556,8659,0.1648531736906803
w7_fit_contagiousness,treat:pid_7_c,0.007920519816703563,0.007700065127259911,8659,0.1648531736906803
w7_fit_contagiousness,treat:covariate_pre_lucid_race_hispanic_binnedBlack_c,-0.0017713549276817558,0.037560721323485334,8659,0.1648531736906803
w7_fit_contagiousness,treat:covariate_pre_lucid_race_hispanic_binnedHispanic_c,-0.024153225523034245,0.05531958137952856,8659,0.1648531736906803
w7_fit_contagiousness,treat:covariate_pre_lucid_race_hispanic_binnedAAPI_c,0.047362615649700124,0.06560953442322427,8659,0.1648531736906803
w7_fit_contagiousness,treat:covariate_pre_lucid_race_hispanic_binnedOther_c,0.0398112840188943,0.06843041463001469,8659,0.1648531736906803
w7_fit_contagiousness,treat:covariate_pre_lucid_age_c,3.798711822046292e-5,9.077271457465267e-4,8659,0.1648531736906803
w7_fit_contagiousness,treat:covariate_pre_lucid_genderFemale_c,-0.016405386121405328,0.026593461379430933,8659,0.1648531736906803
w7_fit_contagiousness,"treat:covariate_pre_lucid_household_income_imputed_three_groups$55,000 - $149,999_c",-0.014971398438709803,0.028863687734529672,8659,0.1648531736906803
w7_fit_contagiousness,"treat:covariate_pre_lucid_household_income_imputed_three_groups$150,000 and Over_c",-0.03955865295252006,0.05663140204995455,8659,0.1648531736906803
w7_fit_contagiousness,treat:covariate_pre_lucid_education_binnedSome College_c,0.03320753129351709,0.02831837325089952,8659,0.1648531736906803
w7_fit_contagiousness,treat:covariate_pre_lucid_education_binnedCollege_c,0.010518943436653272,0.0377450774824445,8659,0.1648531736906803
w7_fit_contagiousness,treat:covariate_pre_ucla_covid_worried_about_continuous_0_1_imputed_c,0.0021147952708315313,0.05860828892637689,8659,0.1648531736906803
w7_fit_contagiousness,treat:covariate_pre_ucla_covid_risk_month_continuous_0_1_imputed_c,0.06625615938309147,0.06470924990494034,8659,0.1648531736906803
w7_fit_contagiousness,treat:covariate_pre_ucla_covid_risk_comparative_continuous_0_1_imputed_c,-0.022209169613425925,0.053755813361620906,8659,0.1648531736906803
w7_fit_contagiousness,treat:covariate_pre_ucla_covid_risk_lifetime_continuous_0_1_imputed_c,-0.026060635273441827,0.057358697002923335,8659,0.1648531736906803
w7_fit_contagiousness,treat:covariate_pre_ucla_flu_last_year_yes_binary_imputed_c,-0.0664725044210804,0.03948306810512068,8659,0.1648531736906803
w7_fit_doctordelta_uw,(Intercept),0.2798785294296868,0.006117916412107281,8690,0.1934259509882138
w7_fit_doctordelta_uw,treat,0.014453303089120519,0.008737698715679318,8690,0.1934259509882138
w7_fit_doctordelta_uw,pid_7_c,-0.045101950992271836,0.003635672416652821,8690,0.1934259509882138
w7_fit_doctordelta_uw,covariate_pre_lucid_race_hispanic_binnedBlack_c,-0.008839381858676677,0.020333439464730936,8690,0.1934259509882138
w7_fit_doctordelta_uw,covariate_pre_lucid_race_hispanic_binnedHispanic_c,0.01902136428819448,0.021931981941262304,8690,0.1934259509882138
w7_fit_doctordelta_uw,covariate_pre_lucid_race_hispanic_binnedAAPI_c,0.008969014138812261,0.043572458182500585,8690,0.1934259509882138
w7_fit_doctordelta_uw,covariate_pre_lucid_race_hispanic_binnedOther_c,-0.14007888351735515,0.026016926925414463,8690,0.1934259509882138
w7_fit_doctordelta_uw,covariate_pre_lucid_age_c,-0.0022308885565215457,4.333599559299807e-4,8690,0.1934259509882138
w7_fit_doctordelta_uw,covariate_pre_lucid_genderFemale_c,-0.10403716764882955,0.012883110314983449,8690,0.1934259509882138
w7_fit_doctordelta_uw,"covariate_pre_lucid_household_income_imputed_three_groups$55,000 - $149,999_c",0.023000092827222735,0.015667461645361532,8690,0.1934259509882138
w7_fit_doctordelta_uw,"covariate_pre_lucid_household_income_imputed_three_groups$150,000 and Over_c",0.11467074451842613,0.03389516230672768,8690,0.1934259509882138
w7_fit_doctordelta_uw,covariate_pre_lucid_education_binnedSome College_c,0.008761985594555393,0.013973889441324532,8690,0.1934259509882138
w7_fit_doctordelta_uw,covariate_pre_lucid_education_binnedCollege_c,0.01889350877852548,0.01839119187899819,8690,0.1934259509882138
w7_fit_doctordelta_uw,covariate_pre_ucla_covid_worried_about_continuous_0_1_imputed_c,0.27127177988390927,0.026768281620796128,8690,0.1934259509882138
w7_fit_doctordelta_uw,covariate_pre_ucla_covid_risk_month_continuous_0_1_imputed_c,0.09371613846734561,0.029437999043211316,8690,0.1934259509882138
w7_fit_doctordelta_uw,covariate_pre_ucla_covid_risk_comparative_continuous_0_1_imputed_c,0.018970343753356874,0.02424701280568197,8690,0.1934259509882138
w7_fit_doctordelta_uw,covariate_pre_ucla_covid_risk_lifetime_continuous_0_1_imputed_c,0.032989430258551444,0.028233595640995833,8690,0.1934259509882138
w7_fit_doctordelta_uw,covariate_pre_ucla_flu_last_year_yes_binary_imputed_c,0.2406427770821145,0.017495359172249876,8690,0.1934259509882138
w7_fit_doctordelta_uw,treat:pid_7_c,0.006421466191888024,0.005111392350578419,8690,0.1934259509882138
w7_fit_doctordelta_uw,treat:covariate_pre_lucid_race_hispanic_binnedBlack_c,-0.028558630858356818,0.02863309690541074,8690,0.1934259509882138
w7_fit_doctordelta_uw,treat:covariate_pre_lucid_race_hispanic_binnedHispanic_c,-0.0011006971013606142,0.03202308631908494,8690,0.1934259509882138
w7_fit_doctordelta_uw,treat:covariate_pre_lucid_race_hispanic_binnedAAPI_c,0.017238188716479343,0.05946743631382619,8690,0.1934259509882138
w7_fit_doctordelta_uw,treat:covariate_pre_lucid_race_hispanic_binnedOther_c,0.0443103239193737,0.03797297523456543,8690,0.1934259509882138
w7_fit_doctordelta_uw,treat:covariate_pre_lucid_age_c,-4.3143298412006803e-4,6.149620223691132e-4,8690,0.1934259509882138
w7_fit_doctordelta_uw,treat:covariate_pre_lucid_genderFemale_c,0.0250322285062811,0.018360275950653406,8690,0.1934259509882138
w7_fit_doctordelta_uw,"treat:covariate_pre_lucid_household_income_imputed_three_groups$55,000 - $149,999_c",-0.00857042352929964,0.02255573607047705,8690,0.1934259509882138
w7_fit_doctordelta_uw,"treat:covariate_pre_lucid_household_income_imputed_three_groups$150,000 and Over_c",-0.03610890174076093,0.04717508899297643,8690,0.1934259509882138
w7_fit_doctordelta_uw,treat:covariate_pre_lucid_education_binnedSome College_c,0.020423082506223187,0.020081421768421013,8690,0.1934259509882138
w7_fit_doctordelta_uw,treat:covariate_pre_lucid_education_binnedCollege_c,0.047099950386423936,0.026662243029043353,8690,0.1934259509882138
w7_fit_doctordelta_uw,treat:covariate_pre_ucla_covid_worried_about_continuous_0_1_imputed_c,0.040762789510601985,0.038326962339581466,8690,0.1934259509882138
w7_fit_doctordelta_uw,treat:covariate_pre_ucla_covid_risk_month_continuous_0_1_imputed_c,0.025768100506089374,0.04224946899533489,8690,0.1934259509882138
w7_fit_doctordelta_uw,treat:covariate_pre_ucla_covid_risk_comparative_continuous_0_1_imputed_c,-0.041957486437787087,0.034543848916712624,8690,0.1934259509882138
w7_fit_doctordelta_uw,treat:covariate_pre_ucla_covid_risk_lifetime_continuous_0_1_imputed_c,-0.058191019334334355,0.0401177321246005,8690,0.1934259509882138
w7_fit_doctordelta_uw,treat:covariate_pre_ucla_flu_last_year_yes_binary_imputed_c,0.028720160674741493,0.0246195992552706,8690,0.1934259509882138
w7_fit_doctordelta,(Intercept),0.2765335679401035,0.010080229111108443,8690,0.20741213318852847
w7_fit_doctordelta,treat,0.01642129823306598,0.014287600291765387,8690,0.20741213318852847
w7_fit_doctordelta,pid_7_c,-0.044695190398846125,0.00615976855647516,8690,0.20741213318852847
w7_fit_doctordelta,covariate_pre_lucid_race_hispanic_binnedBlack_c,-0.002104787180941804,0.0339091917692258,8690,0.20741213318852847
w7_fit_doctordelta,covariate_pre_lucid_race_hispanic_binnedHispanic_c,-0.021415008738375492,0.03799870478263645,8690,0.20741213318852847
w7_fit_doctordelta,covariate_pre_lucid_race_hispanic_binnedAAPI_c,0.0818691092148603,0.07309399898822254,8690,0.20741213318852847
w7_fit_doctordelta,covariate_pre_lucid_race_hispanic_binnedOther_c,-0.1696522908606986,0.035875399375163354,8690,0.20741213318852847
w7_fit_doctordelta,covariate_pre_lucid_age_c,-0.002476100259975332,6.768572301535635e-4,8690,0.20741213318852847
w7_fit_doctordelta,covariate_pre_lucid_genderFemale_c,-0.1216587779398988,0.02052390328801753,8690,0.20741213318852847
w7_fit_doctordelta,"covariate_pre_lucid_household_income_imputed_three_groups$55,000 - $149,999_c",0.040765934902721894,0.022039693957251378,8690,0.20741213318852847
w7_fit_doctordelta,"covariate_pre_lucid_household_income_imputed_three_groups$150,000 and Over_c",0.07497932275959779,0.04577157212575457,8690,0.20741213318852847
w7_fit_doctordelta,covariate_pre_lucid_education_binnedSome College_c,0.00398599181958745,0.023044489857042123,8690,0.20741213318852847
w7_fit_doctordelta,covariate_pre_lucid_education_binnedCollege_c,-0.019609490903024013,0.02826650623021374,8690,0.20741213318852847
w7_fit_doctordelta,covariate_pre_ucla_covid_worried_about_continuous_0_1_imputed_c,0.32759569015364903,0.04703923265225062,8690,0.20741213318852847
w7_fit_doctordelta,covariate_pre_ucla_covid_risk_month_continuous_0_1_imputed_c,0.07987812020354101,0.0477001689793202,8690,0.20741213318852847
w7_fit_doctordelta,covariate_pre_ucla_covid_risk_comparative_continuous_0_1_imputed_c,0.027779196281402952,0.03952024519301236,8690,0.20741213318852847
w7_fit_doctordelta,covariate_pre_ucla_covid_risk_lifetime_continuous_0_1_imputed_c,0.017961969955064497,0.04441171806007484,8690,0.20741213318852847
w7_fit_doctordelta,covariate_pre_ucla_flu_last_year_yes_binary_imputed_c,0.243735203129707,0.028532128104210137,8690,0.20741213318852847
w7_fit_doctordelta,treat:pid_7_c,0.00895566434729104,0.008622655375581243,8690,0.20741213318852847
w7_fit_doctordelta,treat:covariate_pre_lucid_race_hispanic_binnedBlack_c,-0.02638942681835563,0.04584370027899233,8690,0.20741213318852847
w7_fit_doctordelta,treat:covariate_pre_lucid_race_hispanic_binnedHispanic_c,0.06575845461510917,0.05623636780528703,8690,0.20741213318852847
w7_fit_doctordelta,treat:covariate_pre_lucid_race_hispanic_binnedAAPI_c,-0.046858494260426875,0.091346211630821475,8690,0.20741213318852847
w7_fit_doctordelta,treat:covariate_pre_lucid_race_hispanic_binnedOther_c,0.05126131249407726,0.06784407872917335,8690,0.20741213318852847
w7_fit_doctordelta,treat:covariate_pre_lucid_age_c,-9.761385322536258e-4,9.942640105918457e-4,8690,0.20741213318852847
w7_fit_doctordelta,treat:covariate_pre_lucid_genderFemale_c,0.06496133022802726,0.029638575129798197,8690,0.20741213318852847
w7_fit_doctordelta,"treat:covariate_pre_lucid_household_income_imputed_three_groups$55,000 - $149,999_c",-0.019447124794703546,0.032876320729633784,8690,0.20741213318852847
w7_fit_doctordelta,"treat:covariate_pre_lucid_household_income_imputed_three_groups$150,000 and Over_c",0.013139964169660628,0.05915418220547252,8690,0.20741213318852847
w7_fit_doctordelta,treat:covariate_pre_lucid_education_binnedSome College_c,0.01895043061547662,0.03260380956488354,8690,0.20741213318852847
w7_fit_doctordelta,treat:covariate_pre_lucid_education_binnedCollege_c,0.09287876357334922,0.04305048744606279,8690,0.20741213318852847
w7_fit_doctordelta,treat:covariate_pre_ucla_covid_worried_about_continuous_0_1_imputed_c,-0.054219623145023675,0.06623070557848786,8690,0.20741213318852847
w7_fit_doctordelta,treat:covariate_pre_ucla_covid_risk_month_continuous_0_1_imputed_c,0.05718672434913177,0.06882058943415652,8690,0.20741213318852847
w7_fit_doctordelta,treat:covariate_pre_ucla_covid_risk_comparative_continuous_0_1_imputed_c,-0.00697534518986439,0.05710583226534498,8690,0.20741213318852847
w7_fit_doctordelta,treat:covariate_pre_ucla_covid_risk_lifetime_continuous_0_1_imputed_c,-0.0833212828131031,0.06516245586890053,8690,0.20741213318852847
w7_fit_doctordelta,treat:covariate_pre_ucla_flu_last_year_yes_binary_imputed_c,0.044371739601145356,0.040476163518607375,8690,0.20741213318852847
w8_fit_adult_booster_uw,(Intercept),0.5747829223913271,0.006143209533240508,10677,0.18482357370033076
w8_fit_adult_booster_uw,treat,0.06883780768783866,0.00855568843154867,10677,0.18482357370033076
w8_fit_adult_booster_uw,pid_7_c,-0.06032051016195045,0.0029292662042161906,10677,0.18482357370033076
w8_fit_adult_booster_uw,covariate_pre_lucid_race_hispanic_binnedBlack_c,-0.030644901405463644,0.022407460056086285,10677,0.18482357370033076
w8_fit_adult_booster_uw,covariate_pre_lucid_race_hispanic_binnedHispanic_c,0.016640029350118376,0.018305014991792327,10677,0.18482357370033076
w8_fit_adult_booster_uw,covariate_pre_lucid_race_hispanic_binnedAAPI_c,0.006354073534714517,0.031152430641488104,10677,0.18482357370033076
w8_fit_adult_booster_uw,covariate_pre_lucid_race_hispanic_binnedOther_c,-0.06570000763056998,0.04835903244693727,10677,0.18482357370033076
w8_fit_adult_booster_uw,covariate_pre_lucid_age_c,0.0015468364247003706,3.944753988589556e-4,10677,0.18482357370033076
w8_fit_adult_booster_uw,covariate_pre_lucid_genderFemale_c,-0.026043350044119243,0.012996849321285697,10677,0.18482357370033076
w8_fit_adult_booster_uw,"covariate_pre_lucid_household_income_imputed_three_groups$55,000 - $149,999_c",-0.01933986235186199,0.01419765027742783,10677,0.18482357370033076
w8_fit_adult_booster_uw,"covariate_pre_lucid_household_income_imputed_three_groups$150,000 and Over_c",-0.049851550111310906,0.023412016234974034,10677,0.18482357370033076
w8_fit_adult_booster_uw,covariate_pre_lucid_education_binnedSome College_c,0.006712564809266044,0.015985493571965104,10677,0.18482357370033076
w8_fit_adult_booster_uw,covariate_pre_lucid_education_binnedCollege_c,0.014512087277026048,0.01759593682089879,10677,0.18482357370033076
w8_fit_adult_booster_uw,covariate_pre_ucla_covid_worried_about_continuous_0_1_imputed_c,0.32854854783486204,0.030294501129130725,10677,0.18482357370033076
w8_fit_adult_booster_uw,covariate_pre_ucla_covid_risk_month_continuous_0_1_imputed_c,0.10547638506388399,0.030523902643305914,10677,0.18482357370033076
w8_fit_adult_booster_uw,covariate_pre_ucla_covid_risk_comparative_continuous_0_1_imputed_c,0.006336457583881105,0.02306318695692434,10677,0.18482357370033076
w8_fit_adult_booster_uw,covariate_pre_ucla_covid_risk_lifetime_continuous_0_1_imputed_c,0.0022130056417410276,0.03432569563153597,10677,0.18482357370033076
w8_fit_adult_booster_uw,covariate_pre_ucla_flu_last_year_yes_binary_imputed_c,0.2283929056195032,0.013022068476544841,10677,0.18482357370033076
w8_fit_adult_booster_uw,treat:pid_7_c,0.003552477009895774,0.0040658119851639165,10677,0.18482357370033076
w8_fit_adult_booster_uw,treat:covariate_pre_lucid_race_hispanic_binnedBlack_c,0.018457125187337164,0.030701118637889983,10677,0.18482357370033076
w8_fit_adult_booster_uw,treat:covariate_pre_lucid_race_hispanic_binnedHispanic_c,0.04071685248520483,0.02505436641198848,10677,0.18482357370033076
w8_fit_adult_booster_uw,treat:covariate_pre_lucid_race_hispanic_binnedAAPI_c,0.04561482383930865,0.04239281339567178,10677,0.18482357370033076
w8_fit_adult_booster_uw,treat:covariate_pre_lucid_race_hispanic_binnedOther_c,0.1042808097870891,0.06451189848263358,10677,0.18482357370033076
w8_fit_adult_booster_uw,treat:covariate_pre_lucid_age_c,-4.2386080011170614e-4,5.525646561762255e-4,10677,0.18482357370033076
w8_fit_adult_booster_uw,treat:covariate_pre_lucid_genderFemale_c,-0.002481751416101143,0.01802897611282987,10677,0.18482357370033076
w8_fit_adult_booster_uw,"treat:covariate_pre_lucid_household_income_imputed_three_groups$55,000 - $149,999_c",-3.89407407095375e-4,0.01966537467647436,10677,0.18482357370033076
w8_fit_adult_booster_uw,"treat:covariate_pre_lucid_household_income_imputed_three_groups$150,000 and Over_c",0.003479244614808101,0.032550106607443584,10677,0.18482357370033076
w8_fit_adult_booster_uw,treat:covariate_pre_lucid_education_binnedSome College_c,0.0045809933859634515,0.022126684102963555,10677,0.18482357370033076
w8_fit_adult_booster_uw,treat:covariate_pre_lucid_education_binnedCollege_c,0.0046350582612760755,0.02435361377503516,10677,0.18482357370033076
w8_fit_adult_booster_uw,treat:covariate_pre_ucla_covid_worried_about_continuous_0_1_imputed_c,0.007219419560527136,0.04049485855792908,10677,0.18482357370033076
w8_fit_adult_booster_uw,treat:covariate_pre_ucla_covid_risk_month_continuous_0_1_imputed_c,0.001098422941652342,0.04234507612678981,10677,0.18482357370033076
w8_fit_adult_booster_uw,treat:covariate_pre_ucla_covid_risk_comparative_continuous_0_1_imputed_c,-0.04587215570937104,0.031887725054376155,10677,0.18482357370033076
w8_fit_adult_booster_uw,treat:covariate_pre_ucla_covid_risk_lifetime_continuous_0_1_imputed_c,0.06356712176173963,0.04795593812521105,10677,0.18482357370033076
w8_fit_adult_booster_uw,treat:covariate_pre_ucla_flu_last_year_yes_binary_imputed_c,0.002122547730583695,0.01817149199281318,10677,0.18482357370033076
w8_fit_adult_booster,(Intercept),0.5561649522517111,0.009673888603681591,10677,0.19666313263936397
w8_fit_adult_booster,treat,0.08323766581825888,0.013249847371647212,10677,0.19666313263936397
w8_fit_adult_booster,pid_7_c,-0.061464441687710335,0.004691206756657452,10677,0.19666313263936397
w8_fit_adult_booster,covariate_pre_lucid_race_hispanic_binnedBlack_c,-0.00891170570880184,0.034027848679423114,10677,0.19666313263936397
w8_fit_adult_booster,covariate_pre_lucid_race_hispanic_binnedHispanic_c,0.08112339902072546,0.030782496040630537,10677,0.19666313263936397
w8_fit_adult_booster,covariate_pre_lucid_race_hispanic_binnedAAPI_c,-0.012331502867231899,0.04550780350452175,10677,0.19666313263936397
w8_fit_adult_booster,covariate_pre_lucid_race_hispanic_binnedOther_c,-0.02659438206402053,0.07279845753234693,10677,0.19666313263936397
w8_fit_adult_booster,covariate_pre_lucid_age_c,0.002228583294458496,6.130336408304325e-4,10677,0.19666313263936397
w8_fit_adult_booster,covariate_pre_lucid_genderFemale_c,-0.04480229523167076,0.020428984328782745,10677,0.19666313263936397
w8_fit_adult_booster,"covariate_pre_lucid_household_income_imputed_three_groups$55,000 - $149,999_c",-0.01521660750550993,0.021784043477900073,10677,0.19666313263936397
w8_fit_adult_booster,"covariate_pre_lucid_household_income_imputed_three_groups$150,000 and Over_c",-0.036322266809456084,0.03253345971261077,10677,0.19666313263936397
w8_fit_adult_booster,covariate_pre_lucid_education_binnedSome College_c,0.013946917187097929,0.024699982500624742,10677,0.19666313263936397
w8_fit_adult_booster,covariate_pre_lucid_education_binnedCollege_c,0.03375653930750404,0.02743128526223985,10677,0.19666313263936397
w8_fit_adult_booster,covariate_pre_ucla_covid_worried_about_continuous_0_1_imputed_c,0.38533344349798565,0.04706980373015785,10677,0.19666313263936397
w8_fit_adult_booster,covariate_pre_ucla_covid_risk_month_continuous_0_1_imputed_c,0.009056245045412765,0.0463623491147798,10677,0.19666313263936397
w8_fit_adult_booster,covariate_pre_ucla_covid_risk_comparative_continuous_0_1_imputed_c,0.08752315442059407,0.036847158489839035,10677,0.19666313263936397
w8_fit_adult_booster,covariate_pre_ucla_covid_risk_lifetime_continuous_0_1_imputed_c,-0.004215896378950315,0.05531548286136624,10677,0.19666313263936397
w8_fit_adult_booster,covariate_pre_ucla_flu_last_year_yes_binary_imputed_c,0.21119059490853434,0.02063568129144725,10677,0.19666313263936397
w8_fit_adult_booster,treat:pid_7_c,2.5282354770797452e-5,0.006424188305544509,10677,0.19666313263936397
w8_fit_adult_booster,treat:covariate_pre_lucid_race_hispanic_binnedBlack_c,-0.011260211190589682,0.04444783908576766,10677,0.19666313263936397
w8_fit_adult_booster,treat:covariate_pre_lucid_race_hispanic_binnedHispanic_c,0.011912386965659815,0.04140965564582601,10677,0.19666313263936397
w8_fit_adult_booster,treat:covariate_pre_lucid_race_hispanic_binnedAAPI_c,0.07532113187554602,0.0634570415370873,10677,0.19666313263936397
w8_fit_adult_booster,treat:covariate_pre_lucid_race_hispanic_binnedOther_c,0.06363220426186345,0.10386187542563395,10677,0.19666313263936397
w8_fit_adult_booster,treat:covariate_pre_lucid_age_c,-0.001128504790755669,8.321054065065785e-4,10677,0.19666313263936397
w8_fit_adult_booster,treat:covariate_pre_lucid_genderFemale_c,0.025916101846160586,0.02824846750083369,10677,0.19666313263936397
w8_fit_adult_booster,"treat:covariate_pre_lucid_household_income_imputed_three_groups$55,000 - $149,999_c",3.381554668947945e-4,0.029865931441583688,10677,0.19666313263936397
w8_fit_adult_booster,"treat:covariate_pre_lucid_household_income_imputed_three_groups$150,000 and Over_c",0.0013449580116817043,0.044887717021947174,10677,0.19666313263936397
w8_fit_adult_booster,treat:covariate_pre_lucid_education_binnedSome College_c,0.04780113112450611,0.03373312506552941,10677,0.19666313263936397
w8_fit_adult_booster,treat:covariate_pre_lucid_education_binnedCollege_c,0.01316488146910105,0.038096867772797624,10677,0.19666313263936397
w8_fit_adult_booster,treat:covariate_pre_ucla_covid_worried_about_continuous_0_1_imputed_c,-0.0487315804878537,0.06271423667305769,10677,0.19666313263936397
w8_fit_adult_booster,treat:covariate_pre_ucla_covid_risk_month_continuous_0_1_imputed_c,0.0727079147055031,0.06566090692574177,10677,0.19666313263936397
w8_fit_adult_booster,treat:covariate_pre_ucla_covid_risk_comparative_continuous_0_1_imputed_c,-0.09234785599526922,0.051187469775527066,10677,0.19666313263936397
w8_fit_adult_booster,treat:covariate_pre_ucla_covid_risk_lifetime_continuous_0_1_imputed_c,0.0511538366548607,0.07433996901787727,10677,0.19666313263936397
w8_fit_adult_booster,treat:covariate_pre_ucla_flu_last_year_yes_binary_imputed_c,0.02440501189013721,0.02858104236468417,10677,0.19666313263936397
w8_fit_child_booster_uw,(Intercept),0.6601696369989095,0.015433743056063595,1626,0.14680970424527318
w8_fit_child_booster_uw,treat,0.08933676365957081,0.021203072101976667,1626,0.14680970424527318
w8_fit_child_booster_uw,pid_7_c,-0.05037555524949197,0.007717670704332899,1626,0.14680970424527318
w8_fit_child_booster_uw,covariate_pre_lucid_race_hispanic_binnedBlack_c,-0.06833621571753586,0.052381439772716,1626,0.14680970424527318
w8_fit_child_booster_uw,covariate_pre_lucid_race_hispanic_binnedHispanic_c,-0.038784597497227714,0.039599543868549684,1626,0.14680970424527318
w8_fit_child_booster_uw,covariate_pre_lucid_race_hispanic_binnedAAPI_c,-0.0660882127615614,0.07074171989939873,1626,0.14680970424527318
w8_fit_child_booster_uw,covariate_pre_lucid_race_hispanic_binnedOther_c,-0.06451245871721531,0.12130401400076148,1626,0.14680970424527318
w8_fit_child_booster_uw,covariate_pre_lucid_age_c,0.0012978327112546614,0.0013570784954824984,1626,0.14680970424527318
w8_fit_child_booster_uw,covariate_pre_lucid_genderFemale_c,-0.024021939738047768,0.034125449226825644,1626,0.14680970424527318
w8_fit_child_booster_uw,"covariate_pre_lucid_household_income_imputed_three_groups$55,000 - $149,999_c",-0.03262367405126194,0.036780892889028693,1626,0.14680970424527318
w8_fit_child_booster_uw,"covariate_pre_lucid_household_income_imputed_three_groups$150,000 and Over_c",-0.10497191083232688,0.06058284987201613,1626,0.14680970424527318
w8_fit_child_booster_uw,covariate_pre_lucid_education_binnedSome College_c,-0.029453453682592487,0.041846680471171446,1626,0.14680970424527318
w8_fit_child_booster_uw,covariate_pre_lucid_education_binnedCollege_c,0.03662930177817044,0.04418711742441834,1626,0.14680970424527318
w8_fit_child_booster_uw,covariate_pre_ucla_covid_worried_about_continuous_0_1_imputed_c,0.27929676684277394,0.06439615541325648,1626,0.14680970424527318
w8_fit_child_booster_uw,covariate_pre_ucla_covid_risk_month_continuous_0_1_imputed_c,0.08429300078378314,0.0728640286883988,1626,0.14680970424527318
w8_fit_child_booster_uw,covariate_pre_ucla_covid_risk_comparative_continuous_0_1_imputed_c,0.1042491004213202,0.05847637229063193,1626,0.14680970424527318
w8_fit_child_booster_uw,covariate_pre_ucla_covid_risk_lifetime_continuous_0_1_imputed_c,0.06874312021277447,0.0950980761731423,1626,0.14680970424527318
w8_fit_child_booster_uw,covariate_pre_ucla_flu_last_year_yes_binary_imputed_c,0.19629677328807374,0.033808262927927234,1626,0.14680970424527318
w8_fit_child_booster_uw,treat:pid_7_c,0.010090522706747089,0.010434589075244756,1626,0.14680970424527318
w8_fit_child_booster_uw,treat:covariate_pre_lucid_race_hispanic_binnedBlack_c,-0.046247157358084,0.07713578095967945,1626,0.14680970424527318
w8_fit_child_booster_uw,treat:covariate_pre_lucid_race_hispanic_binnedHispanic_c,0.06128364576057051,0.05442241304767683,1626,0.14680970424527318
w8_fit_child_booster_uw,treat:covariate_pre_lucid_race_hispanic_binnedAAPI_c,0.07845600188175654,0.09910539171640007,1626,0.14680970424527318
w8_fit_child_booster_uw,treat:covariate_pre_lucid_race_hispanic_binnedOther_c,0.28982685457916574,0.14420646249246316,1626,0.14680970424527318
w8_fit_child_booster_uw,treat:covariate_pre_lucid_age_c,1.0105115173973109e-5,0.0018338478316392627,1626,0.14680970424527318
w8_fit_child_booster_uw,treat:covariate_pre_lucid_genderFemale_c,-0.04259022646340556,0.04589204230743308,1626,0.14680970424527318
w8_fit_child_booster_uw,"treat:covariate_pre_lucid_household_income_imputed_three_groups$55,000 - $149,999_c",0.04482992094597821,0.05117241452711017,1626,0.14680970424527318
w8_fit_child_booster_uw,"treat:covariate_pre_lucid_household_income_imputed_three_groups$150,000 and Over_c",0.13900640909324133,0.08002239906158584,1626,0.14680970424527318
w8_fit_child_booster_uw,treat:covariate_pre_lucid_education_binnedSome College_c,0.021260399132426666,0.05629079679071972,1626,0.14680970424527318
w8_fit_child_booster_uw,treat:covariate_pre_lucid_education_binnedCollege_c,-0.08765841003586831,0.06247505089773307,1626,0.14680970424527318
w8_fit_child_booster_uw,treat:covariate_pre_ucla_covid_worried_about_continuous_0_1_imputed_c,-0.05749254875331619,0.08663394564933764,1626,0.14680970424527318
w8_fit_child_booster_uw,treat:covariate_pre_ucla_covid_risk_month_continuous_0_1_imputed_c,-0.0577079646434542,0.10009343432251133,1626,0.14680970424527318
w8_fit_child_booster_uw,treat:covariate_pre_ucla_covid_risk_comparative_continuous_0_1_imputed_c,-0.1856017993817364,0.07925330432119633,1626,0.14680970424527318
w8_fit_child_booster_uw,treat:covariate_pre_ucla_covid_risk_lifetime_continuous_0_1_imputed_c,0.02640209830659315,0.1363972037628009,1626,0.14680970424527318
w8_fit_child_booster_uw,treat:covariate_pre_ucla_flu_last_year_yes_binary_imputed_c,-0.055723793003950646,0.046841286501416314,1626,0.14680970424527318
w8_fit_child_booster,(Intercept),0.5982965283519701,0.024198379229698506,1626,0.19771456467502757
w8_fit_child_booster,treat,0.16249807086690254,0.032294380185469505,1626,0.19771456467502757
w8_fit_child_booster,pid_7_c,-0.05844794307859997,0.01269584764147205,1626,0.19771456467502757
w8_fit_child_booster,covariate_pre_lucid_race_hispanic_binnedBlack_c,-0.07816269518462411,0.09417478281154572,1626,0.19771456467502757
w8_fit_child_booster,covariate_pre_lucid_race_hispanic_binnedHispanic_c,0.03279592448898415,0.06272514515007249,1626,0.19771456467502757
w8_fit_child_booster,covariate_pre_lucid_race_hispanic_binnedAAPI_c,-0.04457663815863968,0.09127096756444847,1626,0.19771456467502757
w8_fit_child_booster,covariate_pre_lucid_race_hispanic_binnedOther_c,-0.13154508230784093,0.1447142278775505,1626,0.19771456467502757
w8_fit_child_booster,covariate_pre_lucid_age_c,0.0033190678815469927,0.002003592767849272,1626,0.19771456467502757
w8_fit_child_booster,covariate_pre_lucid_genderFemale_c,-0.16309578344061929,0.05307845364498845,1626,0.19771456467502757
w8_fit_child_booster,"covariate_pre_lucid_household_income_imputed_three_groups$55,000 - $149,999_c",-0.11358832237397028,0.056817387219185826,1626,0.19771456467502757
w8_fit_child_booster,"covariate_pre_lucid_household_income_imputed_three_groups$150,000 and Over_c",-0.23450825599755082,0.08066463392082118,1626,0.19771456467502757
w8_fit_child_booster,covariate_pre_lucid_education_binnedSome College_c,-0.006262920910202067,0.06224370755850676,1626,0.19771456467502757
w8_fit_child_booster,covariate_pre_lucid_education_binnedCollege_c,0.003973290837866406,0.06920689196810942,1626,0.19771456467502757
w8_fit_child_booster,covariate_pre_ucla_covid_worried_about_continuous_0_1_imputed_c,0.535300798178724,0.09688645615454285,1626,0.19771456467502757
w8_fit_child_booster,covariate_pre_ucla_covid_risk_month_continuous_0_1_imputed_c,-0.19210965578348085,0.11527741896711785,1626,0.19771456467502757
w8_fit_child_booster,covariate_pre_ucla_covid_risk_comparative_continuous_0_1_imputed_c,0.2063546500317131,0.0962076649802769,1626,0.19771456467502757
w8_fit_child_booster,covariate_pre_ucla_covid_risk_lifetime_continuous_0_1_imputed_c,0.1951733285865671,0.14324583043768194,1626,0.19771456467502757
w8_fit_child_booster,covariate_pre_ucla_flu_last_year_yes_binary_imputed_c,0.14351866211946462,0.05134688779632117,1626,0.19771456467502757
w8_fit_child_booster,treat:pid_7_c,0.01940035917683067,0.016611408599509863,1626,0.19771456467502757
w8_fit_child_booster,treat:covariate_pre_lucid_race_hispanic_binnedBlack_c,0.07266076348465009,0.11939909435207627,1626,0.19771456467502757
w8_fit_child_booster,treat:covariate_pre_lucid_race_hispanic_binnedHispanic_c,0.07215235089492414,0.08081530227822796,1626,0.19771456467502757
w8_fit_child_booster,treat:covariate_pre_lucid_race_hispanic_binnedAAPI_c,0.09772140297927803,0.13572499884331085,1626,0.19771456467502757
w8_fit_child_booster,treat:covariate_pre_lucid_race_hispanic_binnedOther_c,0.2562388633645166,0.2629560620742926,1626,0.19771456467502757
w8_fit_child_booster,treat:covariate_pre_lucid_age_c,-2.519554846763501e-5,0.002723710656284918,1626,0.19771456467502757
w8_fit_child_booster,treat:covariate_pre_lucid_genderFemale_c,0.16091370731933366,0.0689370627120235,1626,0.19771456467502757
w8_fit_child_booster,"treat:covariate_pre_lucid_household_income_imputed_three_groups$55,000 - $149,999_c",0.0693850482131003,0.07307510591076619,1626,0.19771456467502757
w8_fit_child_booster,"treat:covariate_pre_lucid_household_income_imputed_three_groups$150,000 and Over_c",0.30600489418858007,0.10068778124789579,1626,0.19771456467502757
w8_fit_child_booster,treat:covariate_pre_lucid_education_binnedSome College_c,0.06045650096251963,0.08235301453560016,1626,0.19771456467502757
w8_fit_child_booster,treat:covariate_pre_lucid_education_binnedCollege_c,-0.029224753756331264,0.09208806890033186,1626,0.19771456467502757
w8_fit_child_booster,treat:covariate_pre_ucla_covid_worried_about_continuous_0_1_imputed_c,-0.25736869840655313,0.12909491597186265,1626,0.19771456467502757
w8_fit_child_booster,treat:covariate_pre_ucla_covid_risk_month_continuous_0_1_imputed_c,0.07866074258464523,0.15187614661409457,1626,0.19771456467502757
w8_fit_child_booster,treat:covariate_pre_ucla_covid_risk_comparative_continuous_0_1_imputed_c,-0.26238105802102407,0.12317964468874669,1626,0.19771456467502757
w8_fit_child_booster,treat:covariate_pre_ucla_covid_risk_lifetime_continuous_0_1_imputed_c,-0.22746988487916664,0.19876932058311333,1626,0.19771456467502757
w8_fit_child_booster,treat:covariate_pre_ucla_flu_last_year_yes_binary_imputed_c,-0.015570151443684373,0.07120045592811772,1626,0.19771456467502757
w8_fit_child_vaccine_uw,(Intercept),0.43224161588648397,0.015732959873289872,1711,0.12753759804021958
w8_fit_child_vaccine_uw,treat,0.013581801443655792,0.022709282208923733,1711,0.12753759804021958
w8_fit_child_vaccine_uw,pid_7_c,-0.04792793694266905,0.007734169376175079,1711,0.12753759804021958
w8_fit_child_vaccine_uw,covariate_pre_lucid_race_hispanic_binnedBlack_c,-0.04485035973079511,0.05541418853959942,1711,0.12753759804021958
w8_fit_child_vaccine_uw,covariate_pre_lucid_race_hispanic_binnedHispanic_c,0.018630460551687524,0.04283988221943231,1711,0.12753759804021958
w8_fit_child_vaccine_uw,covariate_pre_lucid_race_hispanic_binnedAAPI_c,-0.036349596434655955,0.07886084871546685,1711,0.12753759804021958
w8_fit_child_vaccine_uw,covariate_pre_lucid_race_hispanic_binnedOther_c,-0.09250014645499981,0.13080790824544997,1711,0.12753759804021958
w8_fit_child_vaccine_uw,covariate_pre_lucid_age_c,-0.0040801307375388585,0.0014400269005559714,1711,0.12753759804021958
w8_fit_child_vaccine_uw,covariate_pre_lucid_genderFemale_c,-0.11995315394933716,0.034444989331391083,1711,0.12753759804021958
w8_fit_child_vaccine_uw,"covariate_pre_lucid_household_income_imputed_three_groups$55,000 - $149,999_c",-0.07329580899431784,0.037346400254872535,1711,0.12753759804021958
w8_fit_child_vaccine_uw,"covariate_pre_lucid_household_income_imputed_three_groups$150,000 and Over_c",-0.04154148967937298,0.06897687719922885,1711,0.12753759804021958
w8_fit_child_vaccine_uw,covariate_pre_lucid_education_binnedSome College_c,-0.018520221884662826,0.03905162704333751,1711,0.12753759804021958
w8_fit_child_vaccine_uw,covariate_pre_lucid_education_binnedCollege_c,0.04682695014385931,0.04643006038692812,1711,0.12753759804021958
w8_fit_child_vaccine_uw,covariate_pre_ucla_covid_worried_about_continuous_0_1_imputed_c,0.34538944808615135,0.06765066157685137,1711,0.12753759804021958
w8_fit_child_vaccine_uw,covariate_pre_ucla_covid_risk_month_continuous_0_1_imputed_c,0.05053561710511102,0.07178509372882343,1711,0.12753759804021958
w8_fit_child_vaccine_uw,covariate_pre_ucla_covid_risk_comparative_continuous_0_1_imputed_c,-0.08361115445576237,0.06221090560480336,1711,0.12753759804021958
w8_fit_child_vaccine_uw,covariate_pre_ucla_covid_risk_lifetime_continuous_0_1_imputed_c,-0.03878156703831182,0.09763083120865404,1711,0.12753759804021958
w8_fit_child_vaccine_uw,covariate_pre_ucla_flu_last_year_yes_binary_imputed_c,0.11824393512934483,0.03190490805073816,1711,0.12753759804021958
w8_fit_child_vaccine_uw,treat:pid_7_c,-0.007857971684767286,0.011134940998864761,1711,0.12753759804021958
w8_fit_child_vaccine_uw,treat:covariate_pre_lucid_race_hispanic_binnedBlack_c,-0.07930857861885995,0.07717654835712441,1711,0.12753759804021958
w8_fit_child_vaccine_uw,treat:covariate_pre_lucid_race_hispanic_binnedHispanic_c,-0.023882388915012754,0.06019823583901915,1711,0.12753759804021958
w8_fit_child_vaccine_uw,treat:covariate_pre_lucid_race_hispanic_binnedAAPI_c,0.05929096563119908,0.11179485638873685,1711,0.12753759804021958
w8_fit_child_vaccine_uw,treat:covariate_pre_lucid_race_hispanic_binnedOther_c,0.100235962189552,0.19432202735007706,1711,0.12753759804021958
w8_fit_child_vaccine_uw,treat:covariate_pre_lucid_age_c,6.407290493701933e-4,0.0020940243039119155,1711,0.12753759804021958
w8_fit_child_vaccine_uw,treat:covariate_pre_lucid_genderFemale_c,-0.02053364826308351,0.05011499608437005,1711,0.12753759804021958
w8_fit_child_vaccine_uw,"treat:covariate_pre_lucid_household_income_imputed_three_groups$55,000 - $149,999_c",0.06581269162822424,0.05431037470757777,1711,0.12753759804021958
w8_fit_child_vaccine_uw,"treat:covariate_pre_lucid_household_income_imputed_three_groups$150,000 and Over_c",-0.05556887116491774,0.09687837267278424,1711,0.12753759804021958
w8_fit_child_vaccine_uw,treat:covariate_pre_lucid_education_binnedSome College_c,0.010362075733427905,0.05695052268737786,1711,0.12753759804021958
w8_fit_child_vaccine_uw,treat:covariate_pre_lucid_education_binnedCollege_c,-0.08119641045185506,0.06637944573502294,1711,0.12753759804021958
w8_fit_child_vaccine_uw,treat:covariate_pre_ucla_covid_worried_about_continuous_0_1_imputed_c,-0.025035914041095255,0.10118532806610407,1711,0.12753759804021958
w8_fit_child_vaccine_uw,treat:covariate_pre_ucla_covid_risk_month_continuous_0_1_imputed_c,-0.0652674589112674,0.10519127663573717,1711,0.12753759804021958
w8_fit_child_vaccine_uw,treat:covariate_pre_ucla_covid_risk_comparative_continuous_0_1_imputed_c,-0.09106057770140455,0.08812430143583305,1711,0.12753759804021958
w8_fit_child_vaccine_uw,treat:covariate_pre_ucla_covid_risk_lifetime_continuous_0_1_imputed_c,0.009783043360003406,0.14046153560725927,1711,0.12753759804021958
w8_fit_child_vaccine_uw,treat:covariate_pre_ucla_flu_last_year_yes_binary_imputed_c,0.02310557189025556,0.04641170821211239,1711,0.12753759804021958
w8_fit_child_vaccine,(Intercept),0.3913796495671638,0.023819636723149136,1711,0.1464860359340716
w8_fit_child_vaccine,treat,0.05733106818649236,0.03427430319620025,1711,0.1464860359340716
w8_fit_child_vaccine,pid_7_c,-0.05635268571229453,0.011366480873984949,1711,0.1464860359340716
w8_fit_child_vaccine,covariate_pre_lucid_race_hispanic_binnedBlack_c,-0.005225350846056572,0.07901585213288737,1711,0.1464860359340716
w8_fit_child_vaccine,covariate_pre_lucid_race_hispanic_binnedHispanic_c,0.15720936951321016,0.07709772893333612,1711,0.1464860359340716
w8_fit_child_vaccine,covariate_pre_lucid_race_hispanic_binnedAAPI_c,-0.009554465163929177,0.11501907375194138,1711,0.1464860359340716
w8_fit_child_vaccine,covariate_pre_lucid_race_hispanic_binnedOther_c,-0.15450023559612733,0.13325328353421181,1711,0.1464860359340716
w8_fit_child_vaccine,covariate_pre_lucid_age_c,-0.0019739140469979834,0.002193371788735444,1711,0.1464860359340716
w8_fit_child_vaccine,covariate_pre_lucid_genderFemale_c,-0.07318223363349179,0.05445202705363898,1711,0.1464860359340716
w8_fit_child_vaccine,"covariate_pre_lucid_household_income_imputed_three_groups$55,000 - $149,999_c",-0.0030367791333981366,0.05623436016523442,1711,0.1464860359340716
w8_fit_child_vaccine,"covariate_pre_lucid_household_income_imputed_three_groups$150,000 and Over_c",0.03965507328147809,0.08459493122751964,1711,0.1464860359340716
w8_fit_child_vaccine,covariate_pre_lucid_education_binnedSome College_c,-0.002287938273996587,0.06166373502150989,1711,0.1464860359340716
w8_fit_child_vaccine,covariate_pre_lucid_education_binnedCollege_c,-0.0010641809306912357,0.0698725023988187,1711,0.1464860359340716
w8_fit_child_vaccine,covariate_pre_ucla_covid_worried_about_continuous_0_1_imputed_c,0.4018144504383832,0.11820488127977011,1711,0.1464860359340716
w8_fit_child_vaccine,covariate_pre_ucla_covid_risk_month_continuous_0_1_imputed_c,-0.0411173855209911,0.12561709480270794,1711,0.1464860359340716
w8_fit_child_vaccine,covariate_pre_ucla_covid_risk_comparative_continuous_0_1_imputed_c,-0.012397752235998136,0.09624551008631482,1711,0.1464860359340716
w8_fit_child_vaccine,covariate_pre_ucla_covid_risk_lifetime_continuous_0_1_imputed_c,-0.11401307868272235,0.15596202874499623,1711,0.1464860359340716
w8_fit_child_vaccine,covariate_pre_ucla_flu_last_year_yes_binary_imputed_c,0.05628907309134267,0.049125217713308356,1711,0.1464860359340716
w8_fit_child_vaccine,treat:pid_7_c,-7.669140107118604e-4,0.0165638925157401,1711,0.1464860359340716
w8_fit_child_vaccine,treat:covariate_pre_lucid_race_hispanic_binnedBlack_c,-0.08036917478860901,0.11412821034447516,1711,0.1464860359340716
w8_fit_child_vaccine,treat:covariate_pre_lucid_race_hispanic_binnedHispanic_c,-0.09055664181324714,0.10426910285371341,1711,0.1464860359340716
w8_fit_child_vaccine,treat:covariate_pre_lucid_race_hispanic_binnedAAPI_c,0.002798589628178565,0.15869959755656388,1711,0.1464860359340716
w8_fit_child_vaccine,treat:covariate_pre_lucid_race_hispanic_binnedOther_c,0.04470614010163485,0.18040188322478576,1711,0.1464860359340716
w8_fit_child_vaccine,treat:covariate_pre_lucid_age_c,-7.032673855115578e-4,0.0030983656284644546,1711,0.1464860359340716
w8_fit_child_vaccine,treat:covariate_pre_lucid_genderFemale_c,-0.06378792459170675,0.07638186073030467,1711,0.1464860359340716
w8_fit_child_vaccine,"treat:covariate_pre_lucid_household_income_imputed_three_groups$55,000 - $149,999_c",9.42793353506913e-4,0.0794263599960221,1711,0.1464860359340716
w8_fit_child_vaccine,"treat:covariate_pre_lucid_household_income_imputed_three_groups$150,000 and Over_c",-0.16344872462374427,0.12906395616575572,1711,0.1464860359340716
w8_fit_child_vaccine,treat:covariate_pre_lucid_education_binnedSome College_c,-0.030782468858755106,0.08652268401850838,1711,0.1464860359340716
w8_fit_child_vaccine,treat:covariate_pre_lucid_education_binnedCollege_c,-0.009299307294955284,0.1023237191341371,1711,0.1464860359340716
w8_fit_child_vaccine,treat:covariate_pre_ucla_covid_worried_about_continuous_0_1_imputed_c,0.05550807196521188,0.15489065482876047,1711,0.1464860359340716
w8_fit_child_vaccine,treat:covariate_pre_ucla_covid_risk_month_continuous_0_1_imputed_c,-0.20476962708817628,0.17099124180788974,1711,0.1464860359340716
w8_fit_child_vaccine,treat:covariate_pre_ucla_covid_risk_comparative_continuous_0_1_imputed_c,0.06434734483325232,0.13862615256122976,1711,0.1464860359340716
w8_fit_child_vaccine,treat:covariate_pre_ucla_covid_risk_lifetime_continuous_0_1_imputed_c,0.06653410216766802,0.21928357300368884,1711,0.1464860359340716
w8_fit_child_vaccine,treat:covariate_pre_ucla_flu_last_year_yes_binary_imputed_c,-0.015044841313652265,0.07199482751863304,1711,0.1464860359340716
w6_fit_vignette,concert friend (Intercept),0.20415277192885029,0.02274870265303702,NA,NA
w6_fit_vignette,concert friend ZTreatment,0.006125438101127168,0.030471970895835337,NA,NA
w6_fit_vignette,concert friend pid_7_c,-0.05210493371928532,0.014937905514562077,NA,NA
w6_fit_vignette,concert friend covariate_pre_lucid_race_hispanic_binnedBlack_c,-0.059047173049731755,0.09177965285370482,NA,NA
w6_fit_vignette,concert friend covariate_pre_lucid_race_hispanic_binnedHispanic_c,0.12980607812737394,0.07977379762472445,NA,NA
w6_fit_vignette,concert friend covariate_pre_lucid_race_hispanic_binnedAAPI_c,0.024675107082562434,0.13699111590591057,NA,NA
w6_fit_vignette,concert friend covariate_pre_lucid_race_hispanic_binnedOther_c,-0.14392422693133214,0.057527550109064574,NA,NA
w6_fit_vignette,concert friend covariate_pre_lucid_age_c,-0.0029377008879139777,0.0013536324468403716,NA,NA
w6_fit_vignette,concert friend covariate_pre_lucid_genderFemale_c,-0.03787615427001762,0.04616051126960694,NA,NA
w6_fit_vignette,"concert friend covariate_pre_lucid_household_income_imputed_three_groups$55,000 - $149,999_c",0.04694762508673307,0.047866522959957844,NA,NA
w6_fit_vignette,"concert friend covariate_pre_lucid_household_income_imputed_three_groups$150,000 and Over_c",0.21569000790787893,0.08643158555399194,NA,NA
w6_fit_vignette,concert friend covariate_pre_lucid_education_binnedSome College_c,0.020486351583781905,0.0485216191411443,NA,NA
w6_fit_vignette,concert friend covariate_pre_lucid_education_binnedCollege_c,0.05592428157764817,0.05608672993802107,NA,NA
w6_fit_vignette,concert friend covariate_pre_ucla_covid_worried_about_continuous_0_1_imputed_c,0.44849385867816843,0.11336463606162171,NA,NA
w6_fit_vignette,concert friend covariate_pre_ucla_covid_risk_month_continuous_0_1_imputed_c,-0.127241986612389,0.0998826371696873,NA,NA
w6_fit_vignette,concert friend covariate_pre_ucla_covid_risk_comparative_continuous_0_1_imputed_c,-0.1388464377972656,0.08154138530556437,NA,NA
w6_fit_vignette,concert friend covariate_pre_ucla_covid_risk_lifetime_continuous_0_1_imputed_c,-0.052266126451059915,0.08273701806071031,NA,NA
w6_fit_vignette,concert friend covariate_pre_ucla_flu_last_year_yes_binary_imputed_c,0.1871684422419447,0.06090301810695565,NA,NA
w6_fit_vignette,concert friend ZTreatment:pid_7_c,0.007949212131310232,0.01938178247352693,NA,NA
w6_fit_vignette,concert friend ZTreatment:covariate_pre_lucid_race_hispanic_binnedBlack_c,-0.03420452208135914,0.1111117876932732,NA,NA
w6_fit_vignette,concert friend ZTreatment:covariate_pre_lucid_race_hispanic_binnedHispanic_c,-0.06245494618908707,0.10788657569095272,NA,NA
w6_fit_vignette,concert friend ZTreatment:covariate_pre_lucid_race_hispanic_binnedAAPI_c,0.12042276557662476,0.17999020994195206,NA,NA
w6_fit_vignette,concert friend ZTreatment:covariate_pre_lucid_race_hispanic_binnedOther_c,0.22041055389368372,0.19328801830921294,NA,NA
w6_fit_vignette,concert friend ZTreatment:covariate_pre_lucid_age_c,-9.247500236955777e-4,0.0019483057739543418,NA,NA
w6_fit_vignette,concert friend ZTreatment:covariate_pre_lucid_genderFemale_c,-0.12844025996233335,0.06395545494859249,NA,NA
w6_fit_vignette,"concert friend ZTreatment:covariate_pre_lucid_household_income_imputed_three_groups$55,000 - $149,999_c",0.014362537519390864,0.06680590207028295,NA,NA
w6_fit_vignette,"concert friend ZTreatment:covariate_pre_lucid_household_income_imputed_three_groups$150,000 and Over_c",-0.22142473359248835,0.1100991041209337,NA,NA
w6_fit_vignette,concert friend ZTreatment:covariate_pre_lucid_education_binnedSome College_c,-0.03361978627957901,0.06525893500052297,NA,NA
w6_fit_vignette,concert friend ZTreatment:covariate_pre_lucid_education_binnedCollege_c,-0.12285178830804284,0.07992607299437032,NA,NA
w6_fit_vignette,concert friend ZTreatment:covariate_pre_ucla_covid_worried_about_continuous_0_1_imputed_c,-0.13464001551802526,0.16408418161792163,NA,NA
w6_fit_vignette,concert friend ZTreatment:covariate_pre_ucla_covid_risk_month_continuous_0_1_imputed_c,0.25482457503377326,0.15892273111724647,NA,NA
w6_fit_vignette,concert friend ZTreatment:covariate_pre_ucla_covid_risk_comparative_continuous_0_1_imputed_c,0.16978056357622018,0.11510311964628533,NA,NA
w6_fit_vignette,concert friend ZTreatment:covariate_pre_ucla_covid_risk_lifetime_continuous_0_1_imputed_c,0.09675357986330219,0.12799058322339538,NA,NA
w6_fit_vignette,concert friend ZTreatment:covariate_pre_ucla_flu_last_year_yes_binary_imputed_c,-0.02882135435595731,0.08343531016795691,NA,NA
w6_fit_vignette,concert solo (Intercept),0.17197102690378246,0.019573048160706295,NA,NA
w6_fit_vignette,concert solo ZTreatment,-0.00663737975567703,0.026549626257770173,NA,NA
w6_fit_vignette,concert solo pid_7_c,-0.05188181837115444,0.01197468498874625,NA,NA
w6_fit_vignette,concert solo covariate_pre_lucid_race_hispanic_binnedBlack_c,-0.091686279175499,0.0562156487822048,NA,NA
w6_fit_vignette,concert solo covariate_pre_lucid_race_hispanic_binnedHispanic_c,-0.05168450857668427,0.06763053729309176,NA,NA
w6_fit_vignette,concert solo covariate_pre_lucid_race_hispanic_binnedAAPI_c,0.1385996676433032,0.17198538416675174,NA,NA
w6_fit_vignette,concert solo covariate_pre_lucid_race_hispanic_binnedOther_c,0.08526061889175991,0.11977533665882714,NA,NA
w6_fit_vignette,concert solo covariate_pre_lucid_age_c,-0.0020658424789644593,0.001390234190639162,NA,NA
w6_fit_vignette,concert solo covariate_pre_lucid_genderFemale_c,-0.019517411683346746,0.04253537367035142,NA,NA
w6_fit_vignette,"concert solo covariate_pre_lucid_household_income_imputed_three_groups$55,000 - $149,999_c",-0.007872232460074615,0.042980967389659036,NA,NA
w6_fit_vignette,"concert solo covariate_pre_lucid_household_income_imputed_three_groups$150,000 and Over_c",0.18682317255242806,0.08925388765707817,NA,NA
w6_fit_vignette,concert solo covariate_pre_lucid_education_binnedSome College_c,0.0029554742005798123,0.05130368547393068,NA,NA
w6_fit_vignette,concert solo covariate_pre_lucid_education_binnedCollege_c,0.05181867185129371,0.06457090913977528,NA,NA
w6_fit_vignette,concert solo covariate_pre_ucla_covid_worried_about_continuous_0_1_imputed_c,0.29123626094349037,0.11749249503684456,NA,NA
w6_fit_vignette,concert solo covariate_pre_ucla_covid_risk_month_continuous_0_1_imputed_c,-0.02441208939423215,0.09078595688576453,NA,NA
w6_fit_vignette,concert solo covariate_pre_ucla_covid_risk_comparative_continuous_0_1_imputed_c,-0.11208113140749626,0.06988128885998858,NA,NA
w6_fit_vignette,concert solo covariate_pre_ucla_covid_risk_lifetime_continuous_0_1_imputed_c,0.046322856517250564,0.09368670616767256,NA,NA
w6_fit_vignette,concert solo covariate_pre_ucla_flu_last_year_yes_binary_imputed_c,0.09195036834864177,0.046379860630173506,NA,NA
w6_fit_vignette,concert solo ZTreatment:pid_7_c,0.014162007166218047,0.015168473792065094,NA,NA
w6_fit_vignette,concert solo ZTreatment:covariate_pre_lucid_race_hispanic_binnedBlack_c,0.022652192123557496,0.08107244392182172,NA,NA
w6_fit_vignette,concert solo ZTreatment:covariate_pre_lucid_race_hispanic_binnedHispanic_c,0.040960793066363174,0.08916592732431702,NA,NA
w6_fit_vignette,concert solo ZTreatment:covariate_pre_lucid_race_hispanic_binnedAAPI_c,0.06820557463787442,0.2212120823278259,NA,NA
w6_fit_vignette,concert solo ZTreatment:covariate_pre_lucid_race_hispanic_binnedOther_c,-2.396591350175007e-4,0.1441038752016424,NA,NA
w6_fit_vignette,concert solo ZTreatment:covariate_pre_lucid_age_c,-1.301919251295055e-4,0.001971501774973796,NA,NA
w6_fit_vignette,concert solo ZTreatment:covariate_pre_lucid_genderFemale_c,-0.027394516541890634,0.05819030891419947,NA,NA
w6_fit_vignette,"concert solo ZTreatment:covariate_pre_lucid_household_income_imputed_three_groups$55,000 - $149,999_c",0.09259423887348316,0.05925845538436265,NA,NA
w6_fit_vignette,"concert solo ZTreatment:covariate_pre_lucid_household_income_imputed_three_groups$150,000 and Over_c",-0.023772884954298412,0.1118628542851114,NA,NA
w6_fit_vignette,concert solo ZTreatment:covariate_pre_lucid_education_binnedSome College_c,-0.07520701072089978,0.06698096694956801,NA,NA
w6_fit_vignette,concert solo ZTreatment:covariate_pre_lucid_education_binnedCollege_c,-0.10465041938792591,0.08056924708299333,NA,NA
w6_fit_vignette,concert solo ZTreatment:covariate_pre_ucla_covid_worried_about_continuous_0_1_imputed_c,-0.059570003418260846,0.1574879605046225,NA,NA
w6_fit_vignette,concert solo ZTreatment:covariate_pre_ucla_covid_risk_month_continuous_0_1_imputed_c,0.06468115546188828,0.1268162930484858,NA,NA
w6_fit_vignette,concert solo ZTreatment:covariate_pre_ucla_covid_risk_comparative_continuous_0_1_imputed_c,0.1715920894618136,0.09433957804544406,NA,NA
w6_fit_vignette,concert solo ZTreatment:covariate_pre_ucla_covid_risk_lifetime_continuous_0_1_imputed_c,-0.07996469609903337,0.12031127638899146,NA,NA
w6_fit_vignette,concert solo ZTreatment:covariate_pre_ucla_flu_last_year_yes_binary_imputed_c,0.15545141692398676,0.07203345509220523,NA,NA
w6_fit_vignette,restaurant friend (Intercept),0.165264808781842,0.022171469905715366,NA,NA
w6_fit_vignette,restaurant friend ZTreatment,0.056259221343202576,0.03204336703626683,NA,NA
w6_fit_vignette,restaurant friend pid_7_c,-0.019798933761527283,0.013316697661263227,NA,NA
w6_fit_vignette,restaurant friend covariate_pre_lucid_race_hispanic_binnedBlack_c,0.04489483787551498,0.06459691848076066,NA,NA
w6_fit_vignette,restaurant friend covariate_pre_lucid_race_hispanic_binnedHispanic_c,-0.018094905305245435,0.06334602386206244,NA,NA
w6_fit_vignette,restaurant friend covariate_pre_lucid_race_hispanic_binnedAAPI_c,0.18894609100526308,0.16049026887984588,NA,NA
w6_fit_vignette,restaurant friend covariate_pre_lucid_race_hispanic_binnedOther_c,-0.06683988932936416,0.09168562442050347,NA,NA
w6_fit_vignette,restaurant friend covariate_pre_lucid_age_c,-0.001390979050673126,0.0014411927996783574,NA,NA
w6_fit_vignette,restaurant friend covariate_pre_lucid_genderFemale_c,-0.10445825619816006,0.0478755108670366,NA,NA
w6_fit_vignette,"restaurant friend covariate_pre_lucid_household_income_imputed_three_groups$55,000 - $149,999_c",0.10842949502346708,0.046985205345082354,NA,NA
w6_fit_vignette,"restaurant friend covariate_pre_lucid_household_income_imputed_three_groups$150,000 and Over_c",0.016877072805801765,0.07774334575401,NA,NA
w6_fit_vignette,restaurant friend covariate_pre_lucid_education_binnedSome College_c,0.051417882304405214,0.04727850433661386,NA,NA
w6_fit_vignette,restaurant friend covariate_pre_lucid_education_binnedCollege_c,-0.013902022314449276,0.05725868867706719,NA,NA
w6_fit_vignette,restaurant friend covariate_pre_ucla_covid_worried_about_continuous_0_1_imputed_c,0.3702312965497264,0.12796761299775883,NA,NA
w6_fit_vignette,restaurant friend covariate_pre_ucla_covid_risk_month_continuous_0_1_imputed_c,0.0609968750519076,0.13120877873015024,NA,NA
w6_fit_vignette,restaurant friend covariate_pre_ucla_covid_risk_comparative_continuous_0_1_imputed_c,-0.12344524655950884,0.08204798088134799,NA,NA
w6_fit_vignette,restaurant friend covariate_pre_ucla_covid_risk_lifetime_continuous_0_1_imputed_c,3.7960596852890506e-4,0.09872511610050817,NA,NA
w6_fit_vignette,restaurant friend covariate_pre_ucla_flu_last_year_yes_binary_imputed_c,0.11532436693986998,0.048871110253175844,NA,NA
w6_fit_vignette,restaurant friend ZTreatment:pid_7_c,-0.0216113842731644,0.019356762422529556,NA,NA
w6_fit_vignette,restaurant friend ZTreatment:covariate_pre_lucid_race_hispanic_binnedBlack_c,-0.23035901641558318,0.08966512217615391,NA,NA
w6_fit_vignette,restaurant friend ZTreatment:covariate_pre_lucid_race_hispanic_binnedHispanic_c,0.015635885388673738,0.0988673284780483,NA,NA
w6_fit_vignette,restaurant friend ZTreatment:covariate_pre_lucid_race_hispanic_binnedAAPI_c,-0.036517107477988045,0.24449272721088516,NA,NA
w6_fit_vignette,restaurant friend ZTreatment:covariate_pre_lucid_race_hispanic_binnedOther_c,-0.047182628298416573,0.1412905521326127,NA,NA
w6_fit_vignette,restaurant friend ZTreatment:covariate_pre_lucid_age_c,-0.003970808982796473,0.0020563414270285737,NA,NA
w6_fit_vignette,restaurant friend ZTreatment:covariate_pre_lucid_genderFemale_c,0.015156075931771366,0.06791618401637574,NA,NA
w6_fit_vignette,"restaurant friend ZTreatment:covariate_pre_lucid_household_income_imputed_three_groups$55,000 - $149,999_c",-0.1016311345561174,0.06791948875550664,NA,NA
w6_fit_vignette,"restaurant friend ZTreatment:covariate_pre_lucid_household_income_imputed_three_groups$150,000 and Over_c",0.08509537425676422,0.11687446327679869,NA,NA
w6_fit_vignette,restaurant friend ZTreatment:covariate_pre_lucid_education_binnedSome College_c,-0.10075318232166457,0.0716227271292919,NA,NA
w6_fit_vignette,restaurant friend ZTreatment:covariate_pre_lucid_education_binnedCollege_c,-0.08102240055987095,0.07618206768174353,NA,NA
w6_fit_vignette,restaurant friend ZTreatment:covariate_pre_ucla_covid_worried_about_continuous_0_1_imputed_c,-0.12873698525647356,0.17071980760828648,NA,NA
w6_fit_vignette,restaurant friend ZTreatment:covariate_pre_ucla_covid_risk_month_continuous_0_1_imputed_c,-0.18060171315105095,0.1746700268460115,NA,NA
w6_fit_vignette,restaurant friend ZTreatment:covariate_pre_ucla_covid_risk_comparative_continuous_0_1_imputed_c,0.2417765044228146,0.12011256347974199,NA,NA
w6_fit_vignette,restaurant friend ZTreatment:covariate_pre_ucla_covid_risk_lifetime_continuous_0_1_imputed_c,-0.1206993538644993,0.1394462813696116,NA,NA
w6_fit_vignette,restaurant friend ZTreatment:covariate_pre_ucla_flu_last_year_yes_binary_imputed_c,0.02270657697008013,0.07502164528258971,NA,NA
w6_fit_vignette,restaurant solo (Intercept),0.14151228830577123,0.018872245951210436,NA,NA
w6_fit_vignette,restaurant solo ZTreatment,0.07131159312679655,0.030098913237538855,NA,NA
w6_fit_vignette,restaurant solo pid_7_c,-0.04607504530582303,0.013458183263782512,NA,NA
w6_fit_vignette,restaurant solo covariate_pre_lucid_race_hispanic_binnedBlack_c,0.015394339167309763,0.07341678471846173,NA,NA
w6_fit_vignette,restaurant solo covariate_pre_lucid_race_hispanic_binnedHispanic_c,0.035765807283305334,0.06594519535785162,NA,NA
w6_fit_vignette,restaurant solo covariate_pre_lucid_race_hispanic_binnedAAPI_c,0.10120125328854165,0.165327546268222,NA,NA
w6_fit_vignette,restaurant solo covariate_pre_lucid_race_hispanic_binnedOther_c,-0.0524182499549721,0.05556274089228235,NA,NA
w6_fit_vignette,restaurant solo covariate_pre_lucid_age_c,-5.135358511783839e-4,0.0014393094562209921,NA,NA
w6_fit_vignette,restaurant solo covariate_pre_lucid_genderFemale_c,-0.06928617611125265,0.042732168180150354,NA,NA
w6_fit_vignette,"restaurant solo covariate_pre_lucid_household_income_imputed_three_groups$55,000 - $149,999_c",0.037381440137024415,0.04654744764921745,NA,NA
w6_fit_vignette,"restaurant solo covariate_pre_lucid_household_income_imputed_three_groups$150,000 and Over_c",0.04313760426190807,0.0627940954677461,NA,NA
w6_fit_vignette,restaurant solo covariate_pre_lucid_education_binnedSome College_c,-0.06518747581962808,0.041887989444187215,NA,NA
w6_fit_vignette,restaurant solo covariate_pre_lucid_education_binnedCollege_c,-0.014920647640932656,0.055727658231804325,NA,NA
w6_fit_vignette,restaurant solo covariate_pre_ucla_covid_worried_about_continuous_0_1_imputed_c,0.029334801579619974,0.10397379674885368,NA,NA
w6_fit_vignette,restaurant solo covariate_pre_ucla_covid_risk_month_continuous_0_1_imputed_c,0.17248205667020075,0.09647011065614697,NA,NA
w6_fit_vignette,restaurant solo covariate_pre_ucla_covid_risk_comparative_continuous_0_1_imputed_c,-0.030861978123538573,0.07404407589770477,NA,NA
w6_fit_vignette,restaurant solo covariate_pre_ucla_covid_risk_lifetime_continuous_0_1_imputed_c,0.032696589395101165,0.08411776197483334,NA,NA
w6_fit_vignette,restaurant solo covariate_pre_ucla_flu_last_year_yes_binary_imputed_c,0.15439011271457784,0.05437914850257449,NA,NA
w6_fit_vignette,restaurant solo ZTreatment:pid_7_c,0.03902222993395378,0.0187968623792,NA,NA
w6_fit_vignette,restaurant solo ZTreatment:covariate_pre_lucid_race_hispanic_binnedBlack_c,0.012211535323623571,0.10331917531167277,NA,NA
w6_fit_vignette,restaurant solo ZTreatment:covariate_pre_lucid_race_hispanic_binnedHispanic_c,0.28125718775562747,0.11768312336779906,NA,NA
w6_fit_vignette,restaurant solo ZTreatment:covariate_pre_lucid_race_hispanic_binnedAAPI_c,-0.04743881615409092,0.20426708124013238,NA,NA
w6_fit_vignette,restaurant solo ZTreatment:covariate_pre_lucid_race_hispanic_binnedOther_c,0.232342971589464,0.18410561760574154,NA,NA
w6_fit_vignette,restaurant solo ZTreatment:covariate_pre_lucid_age_c,-0.0040966231152873055,0.0020301921239641377,NA,NA
w6_fit_vignette,restaurant solo ZTreatment:covariate_pre_lucid_genderFemale_c,-0.04255970416581516,0.06164513467916498,NA,NA
w6_fit_vignette,"restaurant solo ZTreatment:covariate_pre_lucid_household_income_imputed_three_groups$55,000 - $149,999_c",-0.03693763965964741,0.06780098366121788,NA,NA
w6_fit_vignette,"restaurant solo ZTreatment:covariate_pre_lucid_household_income_imputed_three_groups$150,000 and Over_c",-0.0614547555827861,0.09789245016379554,NA,NA
w6_fit_vignette,restaurant solo ZTreatment:covariate_pre_lucid_education_binnedSome College_c,0.08053023148093934,0.06475581549236616,NA,NA
w6_fit_vignette,restaurant solo ZTreatment:covariate_pre_lucid_education_binnedCollege_c,0.1758135535142183,0.08802329469206356,NA,NA
w6_fit_vignette,restaurant solo ZTreatment:covariate_pre_ucla_covid_worried_about_continuous_0_1_imputed_c,0.2401941311483449,0.16917049351911118,NA,NA
w6_fit_vignette,restaurant solo ZTreatment:covariate_pre_ucla_covid_risk_month_continuous_0_1_imputed_c,-0.1695618033264334,0.16328638387799616,NA,NA
w6_fit_vignette,restaurant solo ZTreatment:covariate_pre_ucla_covid_risk_comparative_continuous_0_1_imputed_c,0.11404197772365891,0.11417232403649984,NA,NA
w6_fit_vignette,restaurant solo ZTreatment:covariate_pre_ucla_covid_risk_lifetime_continuous_0_1_imputed_c,-0.11399262788105265,0.13656884738622208,NA,NA
w6_fit_vignette,restaurant solo ZTreatment:covariate_pre_ucla_flu_last_year_yes_binary_imputed_c,-0.0990115412140314,0.07404121497170851,NA,NA
w6_fit_vignette,team friend (Intercept),0.20122208932654392,0.02226931316789696,NA,NA
w6_fit_vignette,team friend ZTreatment,0.059416641458619426,0.03241547540429897,NA,NA
w6_fit_vignette,team friend pid_7_c,-0.036026245084550226,0.01116241644728353,NA,NA
w6_fit_vignette,team friend covariate_pre_lucid_race_hispanic_binnedBlack_c,-0.09437652060289632,0.07116959669780397,NA,NA
w6_fit_vignette,team friend covariate_pre_lucid_race_hispanic_binnedHispanic_c,0.06448007297722594,0.09311233084494379,NA,NA
w6_fit_vignette,team friend covariate_pre_lucid_race_hispanic_binnedAAPI_c,-0.20059022156216053,0.05446769903539605,NA,NA
w6_fit_vignette,team friend covariate_pre_lucid_race_hispanic_binnedOther_c,-0.06432773621148442,0.06608073507149227,NA,NA
w6_fit_vignette,team friend covariate_pre_lucid_age_c,-0.0019167163694700092,0.0015709887377482795,NA,NA
w6_fit_vignette,team friend covariate_pre_lucid_genderFemale_c,-0.08470473760842176,0.04978550276086379,NA,NA
w6_fit_vignette,"team friend covariate_pre_lucid_household_income_imputed_three_groups$55,000 - $149,999_c",0.04662628994886072,0.05395250953986574,NA,NA
w6_fit_vignette,"team friend covariate_pre_lucid_household_income_imputed_three_groups$150,000 and Over_c",-0.08089490867307086,0.07334353870770625,NA,NA
w6_fit_vignette,team friend covariate_pre_lucid_education_binnedSome College_c,-0.047749685014018495,0.05090698324073352,NA,NA
w6_fit_vignette,team friend covariate_pre_lucid_education_binnedCollege_c,0.037393864664093335,0.07852864680203252,NA,NA
w6_fit_vignette,team friend covariate_pre_ucla_covid_worried_about_continuous_0_1_imputed_c,0.22163950458532608,0.12034084005868366,NA,NA
w6_fit_vignette,team friend covariate_pre_ucla_covid_risk_month_continuous_0_1_imputed_c,0.1511819720960163,0.11996844959268876,NA,NA
w6_fit_vignette,team friend covariate_pre_ucla_covid_risk_comparative_continuous_0_1_imputed_c,-0.04194272878293183,0.07991185078545532,NA,NA
w6_fit_vignette,team friend covariate_pre_ucla_covid_risk_lifetime_continuous_0_1_imputed_c,0.07948781463933596,0.08899333374357057,NA,NA
w6_fit_vignette,team friend covariate_pre_ucla_flu_last_year_yes_binary_imputed_c,0.20830097192117605,0.06577728372270814,NA,NA
w6_fit_vignette,team friend ZTreatment:pid_7_c,-0.0418703627329544,0.016798197214514258,NA,NA
w6_fit_vignette,team friend ZTreatment:covariate_pre_lucid_race_hispanic_binnedBlack_c,0.08093561356104446,0.10742168735445862,NA,NA
w6_fit_vignette,team friend ZTreatment:covariate_pre_lucid_race_hispanic_binnedHispanic_c,0.022010479808878936,0.12796605450133372,NA,NA
w6_fit_vignette,team friend ZTreatment:covariate_pre_lucid_race_hispanic_binnedAAPI_c,0.339985398988804,0.2143565032896333,NA,NA
w6_fit_vignette,team friend ZTreatment:covariate_pre_lucid_race_hispanic_binnedOther_c,-0.18985992485627293,0.08155485542139608,NA,NA
w6_fit_vignette,team friend ZTreatment:covariate_pre_lucid_age_c,6.652820006847871e-4,0.0022366969835849217,NA,NA
w6_fit_vignette,team friend ZTreatment:covariate_pre_lucid_genderFemale_c,0.03044980177910849,0.06889811719078884,NA,NA
w6_fit_vignette,"team friend ZTreatment:covariate_pre_lucid_household_income_imputed_three_groups$55,000 - $149,999_c",-0.005199436851799251,0.07369584935648184,NA,NA
w6_fit_vignette,"team friend ZTreatment:covariate_pre_lucid_household_income_imputed_three_groups$150,000 and Over_c",0.18587855268445155,0.11687616451883738,NA,NA
w6_fit_vignette,team friend ZTreatment:covariate_pre_lucid_education_binnedSome College_c,0.07635994810538993,0.07342029652380291,NA,NA
w6_fit_vignette,team friend ZTreatment:covariate_pre_lucid_education_binnedCollege_c,-0.12396557371525767,0.10261677861510779,NA,NA
w6_fit_vignette,team friend ZTreatment:covariate_pre_ucla_covid_worried_about_continuous_0_1_imputed_c,-0.06842213122263513,0.16634876314930233,NA,NA
w6_fit_vignette,team friend ZTreatment:covariate_pre_ucla_covid_risk_month_continuous_0_1_imputed_c,-0.09094254513134713,0.1722448775558146,NA,NA
w6_fit_vignette,team friend ZTreatment:covariate_pre_ucla_covid_risk_comparative_continuous_0_1_imputed_c,0.12727860973466132,0.11507742355474251,NA,NA
w6_fit_vignette,team friend ZTreatment:covariate_pre_ucla_covid_risk_lifetime_continuous_0_1_imputed_c,-0.014057957158872914,0.13697431029767304,NA,NA
w6_fit_vignette,team friend ZTreatment:covariate_pre_ucla_flu_last_year_yes_binary_imputed_c,-0.07784702948505794,0.08532967731666159,NA,NA
w6_fit_vignette,team solo (Intercept),0.16032847467759032,0.01773387401496163,NA,NA
w6_fit_vignette,team solo ZTreatment,0.04007222666844454,0.027085589096686048,NA,NA
w6_fit_vignette,team solo pid_7_c,-0.03839425296016058,0.010314021381900547,NA,NA
w6_fit_vignette,team solo covariate_pre_lucid_race_hispanic_binnedBlack_c,-0.07251729446937012,0.06933163100848078,NA,NA
w6_fit_vignette,team solo covariate_pre_lucid_race_hispanic_binnedHispanic_c,-0.07121123199810213,0.05650388697102888,NA,NA
w6_fit_vignette,team solo covariate_pre_lucid_race_hispanic_binnedAAPI_c,0.41740513336040896,0.16586770349814214,NA,NA
w6_fit_vignette,team solo covariate_pre_lucid_race_hispanic_binnedOther_c,-0.07125750881887927,0.07562462846038316,NA,NA
w6_fit_vignette,team solo covariate_pre_lucid_age_c,-0.003397523346658568,0.001334482818158944,NA,NA
w6_fit_vignette,team solo covariate_pre_lucid_genderFemale_c,-0.11049010937636151,0.03735790703292312,NA,NA
w6_fit_vignette,"team solo covariate_pre_lucid_household_income_imputed_three_groups$55,000 - $149,999_c",-0.05395883535135299,0.04451445640349048,NA,NA
w6_fit_vignette,"team solo covariate_pre_lucid_household_income_imputed_three_groups$150,000 and Over_c",-0.054456872300114194,0.06456521876505703,NA,NA
w6_fit_vignette,team solo covariate_pre_lucid_education_binnedSome College_c,0.012233150403087692,0.042377620902467175,NA,NA
w6_fit_vignette,team solo covariate_pre_lucid_education_binnedCollege_c,0.10820909618268597,0.061810655510762536,NA,NA
w6_fit_vignette,team solo covariate_pre_ucla_covid_worried_about_continuous_0_1_imputed_c,0.25112183699633994,0.087213445071278,NA,NA
w6_fit_vignette,team solo covariate_pre_ucla_covid_risk_month_continuous_0_1_imputed_c,0.06995408429938003,0.11412069445449886,NA,NA
w6_fit_vignette,team solo covariate_pre_ucla_covid_risk_comparative_continuous_0_1_imputed_c,-0.022773683349030918,0.06671637718673436,NA,NA
w6_fit_vignette,team solo covariate_pre_ucla_covid_risk_lifetime_continuous_0_1_imputed_c,-0.02589394334084821,0.08130185157922944,NA,NA
w6_fit_vignette,team solo covariate_pre_ucla_flu_last_year_yes_binary_imputed_c,0.09782896738202561,0.046887724610011276,NA,NA
w6_fit_vignette,team solo ZTreatment:pid_7_c,-0.00799512952076126,0.01601068794195595,NA,NA
w6_fit_vignette,team solo ZTreatment:covariate_pre_lucid_race_hispanic_binnedBlack_c,-0.013759846102952064,0.0927742137860515,NA,NA
w6_fit_vignette,team solo ZTreatment:covariate_pre_lucid_race_hispanic_binnedHispanic_c,0.011973838270026163,0.09285331911952012,NA,NA
w6_fit_vignette,team solo ZTreatment:covariate_pre_lucid_race_hispanic_binnedAAPI_c,-8.111640755184606e-4,0.2565810877763191,NA,NA
w6_fit_vignette,team solo ZTreatment:covariate_pre_lucid_race_hispanic_binnedOther_c,0.07544007850907426,0.11748283824251815,NA,NA
w6_fit_vignette,team solo ZTreatment:covariate_pre_lucid_age_c,9.428340329783053e-4,0.0019614614559690328,NA,NA
w6_fit_vignette,team solo ZTreatment:covariate_pre_lucid_genderFemale_c,0.07876507831608588,0.055660147172926444,NA,NA
w6_fit_vignette,"team solo ZTreatment:covariate_pre_lucid_household_income_imputed_three_groups$55,000 - $149,999_c",0.015420177412748124,0.06142946127728703,NA,NA
w6_fit_vignette,"team solo ZTreatment:covariate_pre_lucid_household_income_imputed_three_groups$150,000 and Over_c",0.12189008943446521,0.09965121709283092,NA,NA
w6_fit_vignette,team solo ZTreatment:covariate_pre_lucid_education_binnedSome College_c,-0.02647646758014385,0.06245236658641602,NA,NA
w6_fit_vignette,team solo ZTreatment:covariate_pre_lucid_education_binnedCollege_c,-0.10610395492103526,0.08752836697826248,NA,NA
w6_fit_vignette,team solo ZTreatment:covariate_pre_ucla_covid_worried_about_continuous_0_1_imputed_c,-0.08520284275525081,0.13969240958429485,NA,NA
w6_fit_vignette,team solo ZTreatment:covariate_pre_ucla_covid_risk_month_continuous_0_1_imputed_c,0.05802436481981416,0.15794701205180303,NA,NA
w6_fit_vignette,team solo ZTreatment:covariate_pre_ucla_covid_risk_comparative_continuous_0_1_imputed_c,-0.1434306417646355,0.09385783780141846,NA,NA
w6_fit_vignette,team solo ZTreatment:covariate_pre_ucla_covid_risk_lifetime_continuous_0_1_imputed_c,0.14421583280554387,0.11071523924342803,NA,NA
w6_fit_vignette,team solo ZTreatment:covariate_pre_ucla_flu_last_year_yes_binary_imputed_c,0.08110987289001773,0.06942333619141942,NA,NA
w6_fit_vignette,trip friend (Intercept),0.23768399222047612,0.025742226017442,NA,NA
w6_fit_vignette,trip friend ZTreatment,0.07407511574309787,0.03561303872257318,NA,NA
w6_fit_vignette,trip friend pid_7_c,-0.01812805305604647,0.015308656301070887,NA,NA
w6_fit_vignette,trip friend covariate_pre_lucid_race_hispanic_binnedBlack_c,0.054519731947257996,0.09616874061488123,NA,NA
w6_fit_vignette,trip friend covariate_pre_lucid_race_hispanic_binnedHispanic_c,0.12820199609276908,0.09554678942071784,NA,NA
w6_fit_vignette,trip friend covariate_pre_lucid_race_hispanic_binnedAAPI_c,0.07021830184440997,0.23273315648385773,NA,NA
w6_fit_vignette,trip friend covariate_pre_lucid_race_hispanic_binnedOther_c,-0.06911950989756961,0.07304005985847668,NA,NA
w6_fit_vignette,trip friend covariate_pre_lucid_age_c,-6.201711082516873e-4,0.0015073256998736656,NA,NA
w6_fit_vignette,trip friend covariate_pre_lucid_genderFemale_c,-0.10357575883145571,0.0507095895148454,NA,NA
w6_fit_vignette,"trip friend covariate_pre_lucid_household_income_imputed_three_groups$55,000 - $149,999_c",4.30307137344999e-4,0.053040145996935475,NA,NA
w6_fit_vignette,"trip friend covariate_pre_lucid_household_income_imputed_three_groups$150,000 and Over_c",3.686327889268688e-4,0.10232975399998132,NA,NA
w6_fit_vignette,trip friend covariate_pre_lucid_education_binnedSome College_c,0.010117316634533639,0.0601061263225173,NA,NA
w6_fit_vignette,trip friend covariate_pre_lucid_education_binnedCollege_c,-0.10163666688705228,0.06725028816065047,NA,NA
w6_fit_vignette,trip friend covariate_pre_ucla_covid_worried_about_continuous_0_1_imputed_c,0.25361008286239606,0.1208330983370716,NA,NA
w6_fit_vignette,trip friend covariate_pre_ucla_covid_risk_month_continuous_0_1_imputed_c,0.0033288294220905276,0.11803756599156531,NA,NA
w6_fit_vignette,trip friend covariate_pre_ucla_covid_risk_comparative_continuous_0_1_imputed_c,0.07231712147412073,0.09458835271223637,NA,NA
w6_fit_vignette,trip friend covariate_pre_ucla_covid_risk_lifetime_continuous_0_1_imputed_c,-0.014595056440915168,0.11091357804116891,NA,NA
w6_fit_vignette,trip friend covariate_pre_ucla_flu_last_year_yes_binary_imputed_c,0.13426789538148354,0.05997773501849222,NA,NA
w6_fit_vignette,trip friend ZTreatment:pid_7_c,-0.006858302548462809,0.02105735202285618,NA,NA
w6_fit_vignette,trip friend ZTreatment:covariate_pre_lucid_race_hispanic_binnedBlack_c,-0.13116124107077023,0.11644005629397743,NA,NA
w6_fit_vignette,trip friend ZTreatment:covariate_pre_lucid_race_hispanic_binnedHispanic_c,-0.13411366718847026,0.1243828625484607,NA,NA
w6_fit_vignette,trip friend ZTreatment:covariate_pre_lucid_race_hispanic_binnedAAPI_c,-0.10698502196271062,0.29867201046899444,NA,NA
w6_fit_vignette,trip friend ZTreatment:covariate_pre_lucid_race_hispanic_binnedOther_c,0.11846059929926135,0.16727786601202912,NA,NA
w6_fit_vignette,trip friend ZTreatment:covariate_pre_lucid_age_c,-0.005432859179282999,0.00231206555380482,NA,NA
w6_fit_vignette,trip friend ZTreatment:covariate_pre_lucid_genderFemale_c,0.06007676371470179,0.07201120684857838,NA,NA
w6_fit_vignette,"trip friend ZTreatment:covariate_pre_lucid_household_income_imputed_three_groups$55,000 - $149,999_c",0.018668318341767146,0.07590158468485243,NA,NA
w6_fit_vignette,"trip friend ZTreatment:covariate_pre_lucid_household_income_imputed_three_groups$150,000 and Over_c",0.0939646443873131,0.15451217613604584,NA,NA
w6_fit_vignette,trip friend ZTreatment:covariate_pre_lucid_education_binnedSome College_c,-0.07629921021507476,0.08218718255506183,NA,NA
w6_fit_vignette,trip friend ZTreatment:covariate_pre_lucid_education_binnedCollege_c,0.07096173025462031,0.0981628871579343,NA,NA
w6_fit_vignette,trip friend ZTreatment:covariate_pre_ucla_covid_worried_about_continuous_0_1_imputed_c,0.22477242297435504,0.17364726348274923,NA,NA
w6_fit_vignette,trip friend ZTreatment:covariate_pre_ucla_covid_risk_month_continuous_0_1_imputed_c,-0.0695121498764441,0.17385379732846895,NA,NA
w6_fit_vignette,trip friend ZTreatment:covariate_pre_ucla_covid_risk_comparative_continuous_0_1_imputed_c,0.04008905906386374,0.1327207678610004,NA,NA
w6_fit_vignette,trip friend ZTreatment:covariate_pre_ucla_covid_risk_lifetime_continuous_0_1_imputed_c,0.021921310940994986,0.15275770099076255,NA,NA
w6_fit_vignette,trip friend ZTreatment:covariate_pre_ucla_flu_last_year_yes_binary_imputed_c,0.039775653617710884,0.08928778199363659,NA,NA
w6_fit_vignette,trip solo (Intercept),0.2211857154082542,0.02285957405217397,NA,NA
w6_fit_vignette,trip solo ZTreatment,0.058021778409509055,0.03406009891098475,NA,NA
w6_fit_vignette,trip solo pid_7_c,-0.03485137822576653,0.013260020560261467,NA,NA
w6_fit_vignette,trip solo covariate_pre_lucid_race_hispanic_binnedBlack_c,-0.19254257467725372,0.067250830799998,NA,NA
w6_fit_vignette,trip solo covariate_pre_lucid_race_hispanic_binnedHispanic_c,-0.0709443415528575,0.07787318830926764,NA,NA
w6_fit_vignette,trip solo covariate_pre_lucid_race_hispanic_binnedAAPI_c,-0.12983636297443285,0.1470483449632033,NA,NA
w6_fit_vignette,trip solo covariate_pre_lucid_race_hispanic_binnedOther_c,-0.23596668191538378,0.05209617597379258,NA,NA
w6_fit_vignette,trip solo covariate_pre_lucid_age_c,-1.554504919340416e-4,0.001449871850860066,NA,NA
w6_fit_vignette,trip solo covariate_pre_lucid_genderFemale_c,-0.040514686460723905,0.04817127182510141,NA,NA
w6_fit_vignette,"trip solo covariate_pre_lucid_household_income_imputed_three_groups$55,000 - $149,999_c",-0.012731174911222611,0.0509399417809795,NA,NA
w6_fit_vignette,"trip solo covariate_pre_lucid_household_income_imputed_three_groups$150,000 and Over_c",-0.012739493165036118,0.10619337217651165,NA,NA
w6_fit_vignette,trip solo covariate_pre_lucid_education_binnedSome College_c,-0.06922263266969776,0.05380208326634529,NA,NA
w6_fit_vignette,trip solo covariate_pre_lucid_education_binnedCollege_c,-0.051400277347266,0.06759629872785407,NA,NA
w6_fit_vignette,trip solo covariate_pre_ucla_covid_worried_about_continuous_0_1_imputed_c,0.28319053671619954,0.12237452978100127,NA,NA
w6_fit_vignette,trip solo covariate_pre_ucla_covid_risk_month_continuous_0_1_imputed_c,0.33065387064871105,0.12863459765908608,NA,NA
w6_fit_vignette,trip solo covariate_pre_ucla_covid_risk_comparative_continuous_0_1_imputed_c,-0.1655695689908083,0.08801062816134164,NA,NA
w6_fit_vignette,trip solo covariate_pre_ucla_covid_risk_lifetime_continuous_0_1_imputed_c,0.07764736441988901,0.09469128088291208,NA,NA
w6_fit_vignette,trip solo covariate_pre_ucla_flu_last_year_yes_binary_imputed_c,0.025302014399800062,0.049215491299168364,NA,NA
w6_fit_vignette,trip solo ZTreatment:pid_7_c,-0.009737313539832225,0.020153901360089474,NA,NA
w6_fit_vignette,trip solo ZTreatment:covariate_pre_lucid_race_hispanic_binnedBlack_c,0.1050003979195195,0.1091295683695255,NA,NA
w6_fit_vignette,trip solo ZTreatment:covariate_pre_lucid_race_hispanic_binnedHispanic_c,0.09202698957547749,0.11743353309910087,NA,NA
w6_fit_vignette,trip solo ZTreatment:covariate_pre_lucid_race_hispanic_binnedAAPI_c,0.32384842589606294,0.21565310833615403,NA,NA
w6_fit_vignette,trip solo ZTreatment:covariate_pre_lucid_race_hispanic_binnedOther_c,0.30405620007663686,0.17765069828872962,NA,NA
w6_fit_vignette,trip solo ZTreatment:covariate_pre_lucid_age_c,-0.0036284382006899043,0.002231326429125259,NA,NA
w6_fit_vignette,trip solo ZTreatment:covariate_pre_lucid_genderFemale_c,0.023812528812554738,0.06833739505353126,NA,NA
w6_fit_vignette,"trip solo ZTreatment:covariate_pre_lucid_household_income_imputed_three_groups$55,000 - $149,999_c",-0.08268192320032462,0.07623229903504287,NA,NA
w6_fit_vignette,"trip solo ZTreatment:covariate_pre_lucid_household_income_imputed_three_groups$150,000 and Over_c",-0.1820768824815944,0.13279533768690602,NA,NA
w6_fit_vignette,trip solo ZTreatment:covariate_pre_lucid_education_binnedSome College_c,0.1612391385856201,0.07974085088022272,NA,NA
w6_fit_vignette,trip solo ZTreatment:covariate_pre_lucid_education_binnedCollege_c,0.19070710540440977,0.1038829005986647,NA,NA
w6_fit_vignette,trip solo ZTreatment:covariate_pre_ucla_covid_worried_about_continuous_0_1_imputed_c,-0.2422301001172067,0.16126941163406702,NA,NA
w6_fit_vignette,trip solo ZTreatment:covariate_pre_ucla_covid_risk_month_continuous_0_1_imputed_c,-0.27329088701663545,0.17723358907121428,NA,NA
w6_fit_vignette,trip solo ZTreatment:covariate_pre_ucla_covid_risk_comparative_continuous_0_1_imputed_c,0.07460638372671238,0.12938670181341164,NA,NA
w6_fit_vignette,trip solo ZTreatment:covariate_pre_ucla_covid_risk_lifetime_continuous_0_1_imputed_c,0.0903220054421349,0.14811805153936353,NA,NA
w6_fit_vignette,trip solo ZTreatment:covariate_pre_ucla_flu_last_year_yes_binary_imputed_c,0.15423369438506535,0.08030430309135846,NA,NA
w6_fit_vignette_pooled,concert pooled (Intercept),0.18800613657743107,0.015168250037611145,NA,NA
w6_fit_vignette_pooled,concert pooled ZTreatment,0.0012626082018759065,0.020553522030193352,NA,NA
w6_fit_vignette_pooled,concert pooled pid_7_c,-0.05344775051802871,0.009537537922322186,NA,NA
w6_fit_vignette_pooled,concert pooled covariate_pre_lucid_race_hispanic_binnedBlack_c,-0.07787781765074951,0.053483953255892606,NA,NA
w6_fit_vignette_pooled,concert pooled covariate_pre_lucid_race_hispanic_binnedHispanic_c,0.03157189641451041,0.0512870073559503,NA,NA
w6_fit_vignette_pooled,concert pooled covariate_pre_lucid_race_hispanic_binnedAAPI_c,0.08641747923460509,0.10893162125713438,NA,NA
w6_fit_vignette_pooled,concert pooled covariate_pre_lucid_race_hispanic_binnedOther_c,-0.042455212423424704,0.06863736718044541,NA,NA
w6_fit_vignette_pooled,concert pooled covariate_pre_lucid_age_c,-0.0024541955690292744,9.566301546954811e-4,NA,NA
w6_fit_vignette_pooled,concert pooled covariate_pre_lucid_genderFemale_c,-0.02956230689503846,0.031372562076500306,NA,NA
w6_fit_vignette_pooled,"concert pooled covariate_pre_lucid_household_income_imputed_three_groups$55,000 - $149,999_c",0.013774690202401213,0.03273153068249578,NA,NA
w6_fit_vignette_pooled,"concert pooled covariate_pre_lucid_household_income_imputed_three_groups$150,000 and Over_c",0.17392418071827226,0.06054220021843065,NA,NA
w6_fit_vignette_pooled,concert pooled covariate_pre_lucid_education_binnedSome College_c,0.018669807111240576,0.035358031942054446,NA,NA
w6_fit_vignette_pooled,concert pooled covariate_pre_lucid_education_binnedCollege_c,0.057730458907568775,0.04237512665022679,NA,NA
w6_fit_vignette_pooled,concert pooled covariate_pre_ucla_covid_worried_about_continuous_0_1_imputed_c,0.37212400316446453,0.08754854175429604,NA,NA
w6_fit_vignette_pooled,concert pooled covariate_pre_ucla_covid_risk_month_continuous_0_1_imputed_c,-0.09762667680977204,0.0683503503970317,NA,NA
w6_fit_vignette_pooled,concert pooled covariate_pre_ucla_covid_risk_comparative_continuous_0_1_imputed_c,-0.09883505861208315,0.054320422204962235,NA,NA
w6_fit_vignette_pooled,concert pooled covariate_pre_ucla_covid_risk_lifetime_continuous_0_1_imputed_c,-0.026260763934223795,0.06801392709178979,NA,NA
w6_fit_vignette_pooled,concert pooled covariate_pre_ucla_flu_last_year_yes_binary_imputed_c,0.1386997595018873,0.03832827057449677,NA,NA
w6_fit_vignette_pooled,concert pooled ZTreatment:pid_7_c,0.013259821072040308,0.012436064079060415,NA,NA
w6_fit_vignette_pooled,concert pooled ZTreatment:covariate_pre_lucid_race_hispanic_binnedBlack_c,-4.7829745202881366e-4,0.0690812296629002,NA,NA
w6_fit_vignette_pooled,concert pooled ZTreatment:covariate_pre_lucid_race_hispanic_binnedHispanic_c,-0.015620628389055691,0.06897478448324823,NA,NA
w6_fit_vignette_pooled,concert pooled ZTreatment:covariate_pre_lucid_race_hispanic_binnedAAPI_c,0.08568052093584623,0.1467331054604109,NA,NA
w6_fit_vignette_pooled,concert pooled ZTreatment:covariate_pre_lucid_race_hispanic_binnedOther_c,0.095669278113943,0.10782134970570693,NA,NA
w6_fit_vignette_pooled,concert pooled ZTreatment:covariate_pre_lucid_age_c,-2.9570516268321765e-4,0.001395636464307893,NA,NA
w6_fit_vignette_pooled,concert pooled ZTreatment:covariate_pre_lucid_genderFemale_c,-0.07245902502681058,0.04384289751157613,NA,NA
w6_fit_vignette_pooled,"concert pooled ZTreatment:covariate_pre_lucid_household_income_imputed_three_groups$55,000 - $149,999_c",0.0563082903096274,0.045286102671412476,NA,NA
w6_fit_vignette_pooled,"concert pooled ZTreatment:covariate_pre_lucid_household_income_imputed_three_groups$150,000 and Over_c",-0.07883769943876014,0.07983001466885926,NA,NA
w6_fit_vignette_pooled,concert pooled ZTreatment:covariate_pre_lucid_education_binnedSome College_c,-0.07068018331824914,0.0479635992365334,NA,NA
w6_fit_vignette_pooled,concert pooled ZTreatment:covariate_pre_lucid_education_binnedCollege_c,-0.13075284383863592,0.05610109893116147,NA,NA
w6_fit_vignette_pooled,concert pooled ZTreatment:covariate_pre_ucla_covid_worried_about_continuous_0_1_imputed_c,-0.08712519617493748,0.11715995374790872,NA,NA
w6_fit_vignette_pooled,concert pooled ZTreatment:covariate_pre_ucla_covid_risk_month_continuous_0_1_imputed_c,0.1717651279189063,0.10618236206796881,NA,NA
w6_fit_vignette_pooled,concert pooled ZTreatment:covariate_pre_ucla_covid_risk_comparative_continuous_0_1_imputed_c,0.15299662580236062,0.07521445973366864,NA,NA
w6_fit_vignette_pooled,concert pooled ZTreatment:covariate_pre_ucla_covid_risk_lifetime_continuous_0_1_imputed_c,0.0351489774266294,0.09335890060853291,NA,NA
w6_fit_vignette_pooled,concert pooled ZTreatment:covariate_pre_ucla_flu_last_year_yes_binary_imputed_c,0.059407899064876334,0.05591364793373012,NA,NA
w6_fit_vignette_pooled,restaurant pooled (Intercept),0.1542206844248349,0.014690358295823215,NA,NA
w6_fit_vignette_pooled,restaurant pooled ZTreatment,0.060428492574560205,0.02233357143953863,NA,NA
w6_fit_vignette_pooled,restaurant pooled pid_7_c,-0.033278830595450094,0.009729089198083832,NA,NA
w6_fit_vignette_pooled,restaurant pooled covariate_pre_lucid_race_hispanic_binnedBlack_c,0.017587040072567048,0.04975217472001204,NA,NA
w6_fit_vignette_pooled,restaurant pooled covariate_pre_lucid_race_hispanic_binnedHispanic_c,0.013552973228185517,0.04907045361522163,NA,NA
w6_fit_vignette_pooled,restaurant pooled covariate_pre_lucid_race_hispanic_binnedAAPI_c,0.15838162282535342,0.11905113935024186,NA,NA
w6_fit_vignette_pooled,restaurant pooled covariate_pre_lucid_race_hispanic_binnedOther_c,-0.04832175220676901,0.05424769179082938,NA,NA
w6_fit_vignette_pooled,restaurant pooled covariate_pre_lucid_age_c,-9.025147834834257e-4,0.0010267256776855273,NA,NA
w6_fit_vignette_pooled,restaurant pooled covariate_pre_lucid_genderFemale_c,-0.0846755356958034,0.03245404199903133,NA,NA
w6_fit_vignette_pooled,"restaurant pooled covariate_pre_lucid_household_income_imputed_three_groups$55,000 - $149,999_c",0.07226982725487277,0.034036587398670784,NA,NA
w6_fit_vignette_pooled,"restaurant pooled covariate_pre_lucid_household_income_imputed_three_groups$150,000 and Over_c",0.03921253041848572,0.04913888738618584,NA,NA
w6_fit_vignette_pooled,restaurant pooled covariate_pre_lucid_education_binnedSome College_c,-0.017375538811118117,0.032373453664522434,NA,NA
w6_fit_vignette_pooled,restaurant pooled covariate_pre_lucid_education_binnedCollege_c,-0.02499222031334389,0.039765620487499966,NA,NA
w6_fit_vignette_pooled,restaurant pooled covariate_pre_ucla_covid_worried_about_continuous_0_1_imputed_c,0.18545234260084956,0.08397949129785763,NA,NA
w6_fit_vignette_pooled,restaurant pooled covariate_pre_ucla_covid_risk_month_continuous_0_1_imputed_c,0.1336790998598549,0.08485552993361073,NA,NA
w6_fit_vignette_pooled,restaurant pooled covariate_pre_ucla_covid_risk_comparative_continuous_0_1_imputed_c,-0.09790216190513483,0.05732838317614289,NA,NA
w6_fit_vignette_pooled,restaurant pooled covariate_pre_ucla_covid_risk_lifetime_continuous_0_1_imputed_c,0.005421594087425962,0.06669707937386318,NA,NA
w6_fit_vignette_pooled,restaurant pooled covariate_pre_ucla_flu_last_year_yes_binary_imputed_c,0.1398448041095209,0.03870072052160887,NA,NA
w6_fit_vignette_pooled,restaurant pooled ZTreatment:pid_7_c,0.005945263148883434,0.014033954804072577,NA,NA
w6_fit_vignette_pooled,restaurant pooled ZTreatment:covariate_pre_lucid_race_hispanic_binnedBlack_c,-0.10297251171253939,0.06948362641821008,NA,NA
w6_fit_vignette_pooled,restaurant pooled ZTreatment:covariate_pre_lucid_race_hispanic_binnedHispanic_c,0.12133839974418138,0.0806544493966517,NA,NA
w6_fit_vignette_pooled,restaurant pooled ZTreatment:covariate_pre_lucid_race_hispanic_binnedAAPI_c,-0.04755170092755265,0.16361022911619638,NA,NA
w6_fit_vignette_pooled,restaurant pooled ZTreatment:covariate_pre_lucid_race_hispanic_binnedOther_c,0.07262789020548512,0.12933846814261435,NA,NA
w6_fit_vignette_pooled,restaurant pooled ZTreatment:covariate_pre_lucid_age_c,-0.003983111442297152,0.0014685047015557302,NA,NA
w6_fit_vignette_pooled,restaurant pooled ZTreatment:covariate_pre_lucid_genderFemale_c,-0.02326876610984872,0.04673187489305469,NA,NA
w6_fit_vignette_pooled,"restaurant pooled ZTreatment:covariate_pre_lucid_household_income_imputed_three_groups$55,000 - $149,999_c",-0.06704275818528044,0.0495184785142763,NA,NA
w6_fit_vignette_pooled,"restaurant pooled ZTreatment:covariate_pre_lucid_household_income_imputed_three_groups$150,000 and Over_c",0.011125267411738934,0.07920784605047411,NA,NA
w6_fit_vignette_pooled,restaurant pooled ZTreatment:covariate_pre_lucid_education_binnedSome College_c,-0.007578872634868501,0.04942719515731066,NA,NA
w6_fit_vignette_pooled,restaurant pooled ZTreatment:covariate_pre_lucid_education_binnedCollege_c,0.034491277784530344,0.060478854711298526,NA,NA
w6_fit_vignette_pooled,restaurant pooled ZTreatment:covariate_pre_ucla_covid_worried_about_continuous_0_1_imputed_c,0.059585829803383096,0.12343345879155229,NA,NA
w6_fit_vignette_pooled,restaurant pooled ZTreatment:covariate_pre_ucla_covid_risk_month_continuous_0_1_imputed_c,-0.21740935889674093,0.12500548683489537,NA,NA
w6_fit_vignette_pooled,restaurant pooled ZTreatment:covariate_pre_ucla_covid_risk_comparative_continuous_0_1_imputed_c,0.2032753282168573,0.08644131618538614,NA,NA
w6_fit_vignette_pooled,restaurant pooled ZTreatment:covariate_pre_ucla_covid_risk_lifetime_continuous_0_1_imputed_c,-0.09532430300869703,0.10184889731187181,NA,NA
w6_fit_vignette_pooled,restaurant pooled ZTreatment:covariate_pre_ucla_flu_last_year_yes_binary_imputed_c,-0.029479141603285037,0.05539610045126509,NA,NA
w6_fit_vignette_pooled,team pooled (Intercept),0.17944850528806547,0.014753690604289597,NA,NA
w6_fit_vignette_pooled,team pooled ZTreatment,0.05449123063341013,0.021797260793602453,NA,NA
w6_fit_vignette_pooled,team pooled pid_7_c,-0.031989203112620775,0.008070639894639974,NA,NA
w6_fit_vignette_pooled,team pooled covariate_pre_lucid_race_hispanic_binnedBlack_c,-0.06820676909172999,0.04852258527668756,NA,NA
w6_fit_vignette_pooled,team pooled covariate_pre_lucid_race_hispanic_binnedHispanic_c,-0.008056780723393935,0.0530012405057521,NA,NA
w6_fit_vignette_pooled,team pooled covariate_pre_lucid_race_hispanic_binnedAAPI_c,0.14437045673801716,0.1293876006549582,NA,NA
w6_fit_vignette_pooled,team pooled covariate_pre_lucid_race_hispanic_binnedOther_c,-0.06400114441016115,0.04660704489079303,NA,NA
w6_fit_vignette_pooled,team pooled covariate_pre_lucid_age_c,-0.002885437624697685,0.0010214796128546813,NA,NA
w6_fit_vignette_pooled,team pooled covariate_pre_lucid_genderFemale_c,-0.10270092283809956,0.03126980229075243,NA,NA
w6_fit_vignette_pooled,"team pooled covariate_pre_lucid_household_income_imputed_three_groups$55,000 - $149,999_c",0.002137999017720013,0.035700799656747516,NA,NA
w6_fit_vignette_pooled,"team pooled covariate_pre_lucid_household_income_imputed_three_groups$150,000 and Over_c",-0.037808636185063534,0.049195646904529544,NA,NA
w6_fit_vignette_pooled,team pooled covariate_pre_lucid_education_binnedSome College_c,-0.012821567831509994,0.033957727758334555,NA,NA
w6_fit_vignette_pooled,team pooled covariate_pre_lucid_education_binnedCollege_c,0.07063667364225387,0.05151201435867726,NA,NA
w6_fit_vignette_pooled,team pooled covariate_pre_ucla_covid_worried_about_continuous_0_1_imputed_c,0.26333378365873167,0.07458690125236876,NA,NA
w6_fit_vignette_pooled,team pooled covariate_pre_ucla_covid_risk_month_continuous_0_1_imputed_c,0.07631018456883168,0.08628496126270535,NA,NA
w6_fit_vignette_pooled,team pooled covariate_pre_ucla_covid_risk_comparative_continuous_0_1_imputed_c,-0.029413972965169337,0.05380840440925986,NA,NA
w6_fit_vignette_pooled,team pooled covariate_pre_ucla_covid_risk_lifetime_continuous_0_1_imputed_c,0.011411241565984448,0.06354380546393139,NA,NA
w6_fit_vignette_pooled,team pooled covariate_pre_ucla_flu_last_year_yes_binary_imputed_c,0.15730183716928467,0.041837876509188826,NA,NA
w6_fit_vignette_pooled,team pooled ZTreatment:pid_7_c,-0.03344874674752826,0.012126789951563757,NA,NA
w6_fit_vignette_pooled,team pooled ZTreatment:covariate_pre_lucid_race_hispanic_binnedBlack_c,-0.0010952894644727484,0.07134537066563183,NA,NA
w6_fit_vignette_pooled,team pooled ZTreatment:covariate_pre_lucid_race_hispanic_binnedHispanic_c,0.012121355439168391,0.07966007528252667,NA,NA
w6_fit_vignette_pooled,team pooled ZTreatment:covariate_pre_lucid_race_hispanic_binnedAAPI_c,0.07967892219464864,0.2005292165472489,NA,NA
w6_fit_vignette_pooled,team pooled ZTreatment:covariate_pre_lucid_race_hispanic_binnedOther_c,-0.04585577259289879,0.07757520103826619,NA,NA
w6_fit_vignette_pooled,team pooled ZTreatment:covariate_pre_lucid_age_c,6.649464505982912e-4,0.0015107183422269322,NA,NA
w6_fit_vignette_pooled,team pooled ZTreatment:covariate_pre_lucid_genderFemale_c,0.05556944900164236,0.045339212128358584,NA,NA
w6_fit_vignette_pooled,"team pooled ZTreatment:covariate_pre_lucid_household_income_imputed_three_groups$55,000 - $149,999_c",-0.0021873650616520057,0.050250737714272624,NA,NA
w6_fit_vignette_pooled,"team pooled ZTreatment:covariate_pre_lucid_household_income_imputed_three_groups$150,000 and Over_c",0.0990390309712188,0.07394394841936111,NA,NA
w6_fit_vignette_pooled,team pooled ZTreatment:covariate_pre_lucid_education_binnedSome College_c,0.026868099716373432,0.0502533479535273,NA,NA
w6_fit_vignette_pooled,team pooled ZTreatment:covariate_pre_lucid_education_binnedCollege_c,-0.10861781182865983,0.06931417891764781,NA,NA
w6_fit_vignette_pooled,team pooled ZTreatment:covariate_pre_ucla_covid_worried_about_continuous_0_1_imputed_c,-0.12158636270903997,0.1102250148747087,NA,NA
w6_fit_vignette_pooled,team pooled ZTreatment:covariate_pre_ucla_covid_risk_month_continuous_0_1_imputed_c,0.01740301232622074,0.1212046421655918,NA,NA
w6_fit_vignette_pooled,team pooled ZTreatment:covariate_pre_ucla_covid_risk_comparative_continuous_0_1_imputed_c,-0.01722549721927437,0.07560962846350269,NA,NA
w6_fit_vignette_pooled,team pooled ZTreatment:covariate_pre_ucla_covid_risk_lifetime_continuous_0_1_imputed_c,0.09618233942659717,0.0919555497366134,NA,NA
w6_fit_vignette_pooled,team pooled ZTreatment:covariate_pre_ucla_flu_last_year_yes_binary_imputed_c,0.005128685681958668,0.0576987020371686,NA,NA
w6_fit_vignette_pooled,trip pooled (Intercept),0.22761511430044523,0.017816340362776687,NA,NA
w6_fit_vignette_pooled,trip pooled ZTreatment,0.07213221997502627,0.025417646462229937,NA,NA
w6_fit_vignette_pooled,trip pooled pid_7_c,-0.026899772241135392,0.010734918678899122,NA,NA
w6_fit_vignette_pooled,trip pooled covariate_pre_lucid_race_hispanic_binnedBlack_c,-0.051796586892780334,0.06811537332959955,NA,NA
w6_fit_vignette_pooled,trip pooled covariate_pre_lucid_race_hispanic_binnedHispanic_c,0.0437494434011599,0.0646624838695446,NA,NA
w6_fit_vignette_pooled,trip pooled covariate_pre_lucid_race_hispanic_binnedAAPI_c,-0.061991073191496826,0.13862699262714706,NA,NA
w6_fit_vignette_pooled,trip pooled covariate_pre_lucid_race_hispanic_binnedOther_c,-0.14487225047794475,0.045789379133064176,NA,NA
w6_fit_vignette_pooled,trip pooled covariate_pre_lucid_age_c,-3.6810053531708667e-4,0.0011193393436372396,NA,NA
w6_fit_vignette_pooled,trip pooled covariate_pre_lucid_genderFemale_c,-0.06860171334270221,0.03690442978632295,NA,NA
w6_fit_vignette_pooled,"trip pooled covariate_pre_lucid_household_income_imputed_three_groups$55,000 - $149,999_c",-0.012531053836228543,0.038963452258797195,NA,NA
w6_fit_vignette_pooled,"trip pooled covariate_pre_lucid_household_income_imputed_three_groups$150,000 and Over_c",0.0027147249378469632,0.07729389115600924,NA,NA
w6_fit_vignette_pooled,trip pooled covariate_pre_lucid_education_binnedSome College_c,-0.029574058510659907,0.04202187151783511,NA,NA
w6_fit_vignette_pooled,trip pooled covariate_pre_lucid_education_binnedCollege_c,-0.07251204657637912,0.048691603547913256,NA,NA
w6_fit_vignette_pooled,trip pooled covariate_pre_ucla_covid_worried_about_continuous_0_1_imputed_c,0.25807541919117305,0.09522970796378716,NA,NA
w6_fit_vignette_pooled,trip pooled covariate_pre_ucla_covid_risk_month_continuous_0_1_imputed_c,0.16525262718814782,0.09124459605266176,NA,NA
w6_fit_vignette_pooled,trip pooled covariate_pre_ucla_covid_risk_comparative_continuous_0_1_imputed_c,-0.03400552517570149,0.06781830558681848,NA,NA
w6_fit_vignette_pooled,trip pooled covariate_pre_ucla_covid_risk_lifetime_continuous_0_1_imputed_c,-9.052128472581137e-4,0.07796928908531413,NA,NA
w6_fit_vignette_pooled,trip pooled covariate_pre_ucla_flu_last_year_yes_binary_imputed_c,0.08210685919026432,0.040070507900243746,NA,NA
w6_fit_vignette_pooled,trip pooled ZTreatment:pid_7_c,-0.007983538020373158,0.015192162534989357,NA,NA
w6_fit_vignette_pooled,trip pooled ZTreatment:covariate_pre_lucid_race_hispanic_binnedBlack_c,-0.038813245019908287,0.08640295185956312,NA,NA
w6_fit_vignette_pooled,trip pooled ZTreatment:covariate_pre_lucid_race_hispanic_binnedHispanic_c,-0.031792201990177016,0.0904473456728563,NA,NA
w6_fit_vignette_pooled,trip pooled ZTreatment:covariate_pre_lucid_race_hispanic_binnedAAPI_c,0.18935312667898177,0.18095464647794973,NA,NA
w6_fit_vignette_pooled,trip pooled ZTreatment:covariate_pre_lucid_race_hispanic_binnedOther_c,0.21411663109651838,0.1195914577658078,NA,NA
w6_fit_vignette_pooled,trip pooled ZTreatment:covariate_pre_lucid_age_c,-0.004371979040376705,0.001667115985972693,NA,NA
w6_fit_vignette_pooled,trip pooled ZTreatment:covariate_pre_lucid_genderFemale_c,0.04476337063872074,0.05184477518528834,NA,NA
w6_fit_vignette_pooled,"trip pooled ZTreatment:covariate_pre_lucid_household_income_imputed_three_groups$55,000 - $149,999_c",-0.03378740778742971,0.056191769557068665,NA,NA
w6_fit_vignette_pooled,"trip pooled ZTreatment:covariate_pre_lucid_household_income_imputed_three_groups$150,000 and Over_c",-0.07787453432355333,0.10457331009783781,NA,NA
w6_fit_vignette_pooled,trip pooled ZTreatment:covariate_pre_lucid_education_binnedSome College_c,0.03972798457766095,0.05900337660216539,NA,NA
w6_fit_vignette_pooled,trip pooled ZTreatment:covariate_pre_lucid_education_binnedCollege_c,0.1461056682314393,0.0744188430879626,NA,NA
w6_fit_vignette_pooled,trip pooled ZTreatment:covariate_pre_ucla_covid_worried_about_continuous_0_1_imputed_c,0.00967763595845066,0.13252667814717284,NA,NA
w6_fit_vignette_pooled,trip pooled ZTreatment:covariate_pre_ucla_covid_risk_month_continuous_0_1_imputed_c,-0.17800670799610294,0.1316438299582939,NA,NA
w6_fit_vignette_pooled,trip pooled ZTreatment:covariate_pre_ucla_covid_risk_comparative_continuous_0_1_imputed_c,0.05972441244162468,0.09792548845324452,NA,NA
w6_fit_vignette_pooled,trip pooled ZTreatment:covariate_pre_ucla_covid_risk_lifetime_continuous_0_1_imputed_c,0.06614887257697818,0.1111964281295332,NA,NA
w6_fit_vignette_pooled,trip pooled ZTreatment:covariate_pre_ucla_flu_last_year_yes_binary_imputed_c,0.09647410031402513,0.06208457877915326,NA,NA
figure_1_aces,Strong Democrat DIM,-29.362154528987748,5.636388934424474,NA,NA
figure_1_aces,Weak Democrat DIM,-31.46550289283583,7.980433031388697,NA,NA
figure_1_aces,Lean Democrat DIM,-19.642949728338042,9.134479051891015,NA,NA
figure_1_aces,Independent DIM,-5.238519274536665,7.150245716177326,NA,NA
figure_1_aces,Lean Republican DIM,1.350257671958145,11.169802484047091,NA,NA
figure_1_aces,Weak Republican DIM,3.017723451356722,7.677107475886675,NA,NA
figure_1_aces,Strong Republican DIM,16.17141523055901,5.265356343742102,NA,NA
figure_1_aces,Full sample DIM,-9.48780284984628,2.7923208585207107,NA,NA
figure_1_aces,Strong Democrat OLS,-27.206776661957765,5.042787720445962,NA,NA
figure_1_aces,Weak Democrat OLS,-34.018762450054915,6.6225291832573525,NA,NA
figure_1_aces,Lean Democrat OLS,-18.45229687389448,7.437758977663702,NA,NA
figure_1_aces,Independent OLS,-1.2525259909129303,6.096226730552614,NA,NA
figure_1_aces,Lean Republican OLS,-10.601994462281422,10.057204144789717,NA,NA
figure_1_aces,Weak Republican OLS,5.752498087191941,6.268450850977472,NA,NA
figure_1_aces,Strong Republican OLS,14.743053492081563,4.362581982165552,NA,NA
figure_1_aces,Full sample OLS,-9.228478251109246,2.576456001364143,NA,NA
figure_3_aces,Strong Democrat DIM,5.242540176813339,1.4385416820854144,NA,NA
figure_3_aces,Weak Democrat DIM,2.9431308571925694,2.1766651754982305,NA,NA
figure_3_aces,Lean Democrat DIM,9.445409814175957,2.739905596623765,NA,NA
figure_3_aces,Independent DIM,6.645821151780126,1.723436476174605,NA,NA
figure_3_aces,Lean Republican DIM,12.356049105538897,2.659917410882475,NA,NA
figure_3_aces,Weak Republican DIM,4.500796765672321,2.3092199442178782,NA,NA
figure_3_aces,Strong Republican DIM,4.640347427843623,1.6657092495543036,NA,NA
figure_3_aces,Full sample DIM,5.960099913507569,0.7406825931679651,NA,NA
figure_3_aces,Strong Democrat OLS,5.282485842385633,1.3553485675776482,NA,NA
figure_3_aces,Weak Democrat OLS,3.6052278541363663,2.0513043990866464,NA,NA
figure_3_aces,Lean Democrat OLS,8.778716280807044,2.6900730113179003,NA,NA
figure_3_aces,Independent OLS,6.580429047545539,1.6844036934992832,NA,NA
figure_3_aces,Lean Republican OLS,11.493177083307598,2.6061086891107967,NA,NA
figure_3_aces,Weak Republican OLS,5.218872527665911,2.2119607027494514,NA,NA
figure_3_aces,Strong Republican OLS,4.927798766893745,1.5847714533181214,NA,NA
figure_3_aces,Full sample OLS,5.982114960867598,0.7187027164967242,NA,NA
figure_5_aces,Strong Democrat DIM,6.30992899064437,2.545176753738339,NA,NA
figure_5_aces,Weak Democrat DIM,15.680512276969836,3.830382192352043,NA,NA
figure_5_aces,Lean Democrat DIM,12.28781407339252,4.515233555394809,NA,NA
figure_5_aces,Independent DIM,6.134136155101191,3.763981169300412,NA,NA
figure_5_aces,Lean Republican DIM,8.550807759650116,4.803913901776558,NA,NA
figure_5_aces,Weak Republican DIM,10.08807287187342,3.9732412529704995,NA,NA
figure_5_aces,Strong Republican DIM,5.3404589871361265,3.4347025816675107,NA,NA
figure_5_aces,Full sample DIM,9.094961066916305,1.4655502624100185,NA,NA
figure_5_aces,Strong Democrat OLS,4.63554518568954,2.3395665864977415,NA,NA
figure_5_aces,Weak Democrat OLS,17.114558304511263,3.5475671432860505,NA,NA
figure_5_aces,Lean Democrat OLS,12.524418222772724,3.795993203677867,NA,NA
figure_5_aces,Independent OLS,4.7929344178882465,3.2815386231794106,NA,NA
figure_5_aces,Lean Republican OLS,7.858497499141497,4.170957707830851,NA,NA
figure_5_aces,Weak Republican OLS,9.73806967327436,3.503347713333859,NA,NA
figure_5_aces,Strong Republican OLS,5.5253551017576195,3.150512951835041,NA,NA
figure_5_aces,Full sample OLS,8.323766581825888,1.3249847371647212,NA,NA
figure_s1_aces,Strong Democrat DIM,-29.362154528987748,5.636388934424474,NA,NA
figure_s1_aces,Weak Democrat DIM,-31.46550289283583,7.980433031388697,NA,NA
figure_s1_aces,Lean Democrat DIM,-19.642949728338042,9.134479051891015,NA,NA
figure_s1_aces,Independent DIM,-5.238519274536665,7.150245716177326,NA,NA
figure_s1_aces,Lean Republican DIM,1.350257671958145,11.169802484047091,NA,NA
figure_s1_aces,Weak Republican DIM,3.017723451356722,7.677107475886675,NA,NA
figure_s1_aces,Strong Republican DIM,16.17141523055901,5.265356343742102,NA,NA
figure_s1_aces,Full sample DIM,-9.48780284984628,2.7923208585207107,NA,NA
figure_s1_aces,Strong Democrat OLS,-27.206776661957765,5.042787720445962,NA,NA
figure_s1_aces,Weak Democrat OLS,-34.018762450054915,6.6225291832573525,NA,NA
figure_s1_aces,Lean Democrat OLS,-18.45229687389448,7.437758977663702,NA,NA
figure_s1_aces,Independent OLS,-1.2525259909129303,6.096226730552614,NA,NA
figure_s1_aces,Lean Republican OLS,-10.601994462281422,10.057204144789717,NA,NA
figure_s1_aces,Weak Republican OLS,5.752498087191941,6.268450850977472,NA,NA
figure_s1_aces,Strong Republican OLS,14.743053492081563,4.362581982165552,NA,NA
figure_s1_aces,Full sample OLS,-9.228478251109246,2.576456001364143,NA,NA
figure_s2_aces,Strong Democrat DIM,5.8909854673638815,5.231437850311958,NA,NA
figure_s2_aces,Weak Democrat DIM,10.932462951396209,7.470911335333318,NA,NA
figure_s2_aces,Lean Democrat DIM,-2.8513983456048506,8.314499876322156,NA,NA
figure_s2_aces,Independent DIM,6.930125523693284,7.073831428020223,NA,NA
figure_s2_aces,Lean Republican DIM,8.987383124061031,10.781679405138922,NA,NA
figure_s2_aces,Weak Republican DIM,10.201807748306113,7.288848670274407,NA,NA
figure_s2_aces,Strong Republican DIM,0.9912050684857947,5.698412903102768,NA,NA
figure_s2_aces,Full sample DIM,4.97722064041374,2.6942590063272442,NA,NA
figure_s2_aces,Strong Democrat OLS,6.898811715687518,4.416045245971222,NA,NA
figure_s2_aces,Weak Democrat OLS,8.492355550897807,6.536198936313692,NA,NA
figure_s2_aces,Lean Democrat OLS,3.311002633337308,6.244988150957127,NA,NA
figure_s2_aces,Independent OLS,9.660666213353815,5.879748293601142,NA,NA
figure_s2_aces,Lean Republican OLS,5.564643514364938,8.74460092054774,NA,NA
figure_s2_aces,Weak Republican OLS,11.182431439343263,6.096400547906701,NA,NA
figure_s2_aces,Strong Republican OLS,0.8017360638250725,4.281384955429539,NA,NA
figure_s2_aces,Full sample OLS,5.467182529748349,2.391330833090779,NA,NA
figure_s3_aces,Strong Democrat DIM,-12.378789296453988,5.788715925140045,NA,NA
figure_s3_aces,Weak Democrat DIM,-13.351234901995715,8.07130530256059,NA,NA
figure_s3_aces,Lean Democrat DIM,-7.324500034974546,9.10369650731248,NA,NA
figure_s3_aces,Independent DIM,-0.32097202375435585,7.112886189814752,NA,NA
figure_s3_aces,Lean Republican DIM,0.6186801272084206,10.624446404887506,NA,NA
figure_s3_aces,Weak Republican DIM,6.169481719376853,7.5230982099512875,NA,NA
figure_s3_aces,Strong Republican DIM,8.682553066007994,5.440746460967165,NA,NA
figure_s3_aces,Full sample DIM,-3.721429015633578,2.7945395536227697,NA,NA
figure_s3_aces,Strong Democrat OLS,-10.329631255541507,4.690701428599371,NA,NA
figure_s3_aces,Weak Democrat OLS,-15.592644499358437,6.6251234436091915,NA,NA
figure_s3_aces,Lean Democrat OLS,-3.6342563399758547,7.979882168439422,NA,NA
figure_s3_aces,Independent OLS,3.869746259644289,5.963110772992095,NA,NA
figure_s3_aces,Lean Republican OLS,-5.6218944230475145,8.58509638336711,NA,NA
figure_s3_aces,Weak Republican OLS,4.779100179100588,6.407098328336347,NA,NA
figure_s3_aces,Strong Republican OLS,4.821536528801394,4.394097229629052,NA,NA
figure_s3_aces,Full sample OLS,-3.498540358359166,2.5363592040544867,NA,NA
figure_s4_aces,Strong Democrat DIM,-4.957221451222528,5.457503279327059,NA,NA
figure_s4_aces,Weak Democrat DIM,-0.6142317997599546,7.782923370031996,NA,NA
figure_s4_aces,Lean Democrat DIM,4.547120783668706,8.499159150996755,NA,NA
figure_s4_aces,Independent DIM,5.228858702270359,7.085903747896813,NA,NA
figure_s4_aces,Lean Republican DIM,27.104834018564578,10.442695747093422,NA,NA
figure_s4_aces,Weak Republican DIM,-6.173399179719433,7.995084600858582,NA,NA
figure_s4_aces,Strong Republican DIM,2.4582278170183,5.581343808034378,NA,NA
figure_s4_aces,Full sample DIM,1.7491652567334908,2.713636842730373,NA,NA
figure_s4_aces,Strong Democrat OLS,-3.8324850991270774,4.88582448038538,NA,NA
figure_s4_aces,Weak Democrat OLS,-2.50508996824187,6.301528448592575,NA,NA
figure_s4_aces,Lean Democrat OLS,8.359892225425137,7.329327774727125,NA,NA
figure_s4_aces,Independent OLS,5.506719496887209,5.5352098472646345,NA,NA
figure_s4_aces,Lean Republican OLS,7.875834506159669,8.550217725689125,NA,NA
figure_s4_aces,Weak Republican OLS,-5.2802843005490905,6.645624356809393,NA,NA
figure_s4_aces,Strong Republican OLS,0.31713964027490404,4.58804534468405,NA,NA
figure_s4_aces,Full sample OLS,2.3618422457804806,2.503599733089028,NA,NA
figure_s5_aces,Strong Democrat DIM,-0.5987789686394224,5.332844723209777,NA,NA
figure_s5_aces,Weak Democrat DIM,5.625945107887659,7.449165626477116,NA,NA
figure_s5_aces,Lean Democrat DIM,2.9733664498293058,7.60877879103119,NA,NA
figure_s5_aces,Independent DIM,-0.1313564959164491,7.02180491081748,NA,NA
figure_s5_aces,Lean Republican DIM,13.792797581364031,11.051986164636222,NA,NA
figure_s5_aces,Weak Republican DIM,-7.652806687552069,8.189991067886096,NA,NA
figure_s5_aces,Strong Republican DIM,7.59770660283657,5.553996674120652,NA,NA
figure_s5_aces,Full sample DIM,2.3809623282891197,2.7107333978058104,NA,NA
figure_s5_aces,Strong Democrat OLS,0.7741452811340467,4.5844658278335615,NA,NA
figure_s5_aces,Weak Democrat OLS,5.284123901743625,6.1088368035732,NA,NA
figure_s5_aces,Lean Democrat OLS,10.919564296720011,6.781456730181394,NA,NA
figure_s5_aces,Independent OLS,7.825962612791475,6.045197305939689,NA,NA
figure_s5_aces,Lean Republican OLS,-0.31953742616924435,8.847301610202113,NA,NA
figure_s5_aces,Weak Republican OLS,-5.403746983649134,6.339840667159262,NA,NA
figure_s5_aces,Strong Republican OLS,6.268426370026595,4.402487935659488,NA,NA
figure_s5_aces,Full sample OLS,3.8906829725635363,2.47609050109458,NA,NA
figure_s6_aces,Strong Democrat DIM,1.558298954048229,5.308939919673221,NA,NA
figure_s6_aces,Weak Democrat DIM,-2.0638401752532998,7.881340223439157,NA,NA
figure_s6_aces,Lean Democrat DIM,-9.093010305232223,8.57631162647341,NA,NA
figure_s6_aces,Independent DIM,2.422363727762866,6.965482103034643,NA,NA
figure_s6_aces,Lean Republican DIM,17.919648340418878,11.440746478114567,NA,NA
figure_s6_aces,Weak Republican DIM,-0.3925507381149247,7.757098891203401,NA,NA
figure_s6_aces,Strong Republican DIM,11.425436970034704,5.211432853260045,NA,NA
figure_s6_aces,Full sample DIM,3.1725639650834747,2.688472257197695,NA,NA
figure_s6_aces,Strong Democrat OLS,3.733886775822127,4.7906828578091245,NA,NA
figure_s6_aces,Weak Democrat OLS,-2.6155240524209598,6.145089162127304,NA,NA
figure_s6_aces,Lean Democrat OLS,-4.572853601223928,6.88513511237305,NA,NA
figure_s6_aces,Independent OLS,3.93933544634305,6.142481277104586,NA,NA
figure_s6_aces,Lean Republican OLS,21.408157385372213,9.645900764578142,NA,NA
figure_s6_aces,Weak Republican OLS,-2.03350694445767,6.4019994009266865,NA,NA
figure_s6_aces,Strong Republican OLS,6.378963341040375,4.2706653518490185,NA,NA
figure_s6_aces,Full sample OLS,3.303738564584027,2.45977128872201,NA,NA
figure_s7_aces,Strong Democrat DIM,-16.307233979664023,5.665165931779071,NA,NA
figure_s7_aces,Weak Democrat DIM,-2.7525311001610357,7.8505356449747685,NA,NA
figure_s7_aces,Lean Democrat DIM,-13.619299156523354,8.868895745129432,NA,NA
figure_s7_aces,Independent DIM,-1.4324079062995085,7.177590959301712,NA,NA
figure_s7_aces,Lean Republican DIM,2.5625568770401457,12.032118760322168,NA,NA
figure_s7_aces,Weak Republican DIM,-9.556246181970701,7.740625650013033,NA,NA
figure_s7_aces,Strong Republican DIM,8.80865514708402,5.484799944428341,NA,NA
figure_s7_aces,Full sample DIM,-4.567666047999567,2.7751271207369252,NA,NA
figure_s7_aces,Strong Democrat OLS,-13.447859759260266,4.928887153924291,NA,NA
figure_s7_aces,Weak Democrat OLS,-4.670761304564124,6.129850918960442,NA,NA
figure_s7_aces,Lean Democrat OLS,-10.067633946969515,6.869754893383331,NA,NA
figure_s7_aces,Independent OLS,-0.4251720250531505,5.977573351501107,NA,NA
figure_s7_aces,Lean Republican OLS,-9.374853437861152,9.366072314234678,NA,NA
figure_s7_aces,Weak Republican OLS,-12.923431153820655,6.812712317813389,NA,NA
figure_s7_aces,Strong Republican OLS,7.101212458556068,4.395614332561422,NA,NA
figure_s7_aces,Full sample OLS,-4.7153380499053865,2.5371821373466217,NA,NA
figure_s8_aces,Strong Democrat DIM,-13.760597443949244,8.28402318319647,NA,NA
figure_s8_aces,Weak Democrat DIM,-5.413287329723941,7.503530165299366,NA,NA
figure_s8_aces,Lean Democrat DIM,-24.445038631318212,12.634306483360502,NA,NA
figure_s8_aces,Independent DIM,-5.473496244356949,8.682809332093973,NA,NA
figure_s8_aces,Lean Republican DIM,0.7920642490330384,14.179137048410755,NA,NA
figure_s8_aces,Weak Republican DIM,-1.373660093507848,11.246822894414562,NA,NA
figure_s8_aces,Strong Republican DIM,6.478189483941353,9.068033275442433,NA,NA
figure_s8_aces,Full sample DIM,-5.534245170841642,3.892614617312401,NA,NA
figure_s8_aces,Strong Democrat OLS,-16.66596781985749,6.036237806717595,NA,NA
figure_s8_aces,Weak Democrat OLS,-5.894292315442283,6.510494078742328,NA,NA
figure_s8_aces,Lean Democrat OLS,12.518696620923034,9.605326132850559,NA,NA
figure_s8_aces,Independent OLS,-5.006681189050241,7.721036471814808,NA,NA
figure_s8_aces,Lean Republican OLS,17.198733449077285,8.884165591867383,NA,NA
figure_s8_aces,Weak Republican OLS,-1.7514978494887985,10.324055404723723,NA,NA
figure_s8_aces,Strong Republican OLS,-2.0027773745052624,7.282557706262879,NA,NA
figure_s8_aces,Full sample OLS,-4.688615886957842,3.5789160453790427,NA,NA
figure_s9_aces,Strong Democrat DIM,1.4306293419585032,7.5023075279496805,NA,NA
figure_s9_aces,Weak Democrat DIM,-8.667867660148437,9.015927243912717,NA,NA
figure_s9_aces,Lean Democrat DIM,-20.11878520007935,13.825851958296667,NA,NA
figure_s9_aces,Independent DIM,-0.533844514590129,8.771156429486851,NA,NA
figure_s9_aces,Lean Republican DIM,2.664482249985839,13.61051121837038,NA,NA
figure_s9_aces,Weak Republican DIM,-15.320263695685357,11.379986539383246,NA,NA
figure_s9_aces,Strong Republican DIM,-10.624277968827661,8.60102729496076,NA,NA
figure_s9_aces,Full sample DIM,-6.985373042613185,4.010889424213387,NA,NA
figure_s9_aces,Strong Democrat OLS,-3.6550484674052477,5.069175196888968,NA,NA
figure_s9_aces,Weak Democrat OLS,-10.628489255040286,6.116878314123052,NA,NA
figure_s9_aces,Lean Democrat OLS,-18.059467150883677,7.446516048111978,NA,NA
figure_s9_aces,Independent OLS,2.5526334421494936,6.9427968353662894,NA,NA
figure_s9_aces,Lean Republican OLS,21.237653413812605,11.594692405783483,NA,NA
figure_s9_aces,Weak Republican OLS,-6.8946222432034,9.7301966810832,NA,NA
figure_s9_aces,Strong Republican OLS,-12.789632529944173,6.947052404099301,NA,NA
figure_s9_aces,Full sample OLS,-6.41157239108939,3.55058462808018,NA,NA
figure_s10_aces,Strong Democrat DIM,6.285405113339728,7.173830975034254,NA,NA
figure_s10_aces,Weak Democrat DIM,-11.95723939116676,8.792242257519524,NA,NA
figure_s10_aces,Lean Democrat DIM,-3.1696928006426344,12.334502980489695,NA,NA
figure_s10_aces,Independent DIM,-10.923972154053697,8.268535617196566,NA,NA
figure_s10_aces,Lean Republican DIM,-10.146014523843984,12.492010053502755,NA,NA
figure_s10_aces,Weak Republican DIM,1.7533011980839754,11.98432386206274,NA,NA
figure_s10_aces,Strong Republican DIM,0.1746244641348932,8.986620178278425,NA,NA
figure_s10_aces,Full sample DIM,-4.429783987961526,3.898603083464552,NA,NA
figure_s10_aces,Strong Democrat OLS,2.0928645200411338,5.2621618670542745,NA,NA
figure_s10_aces,Weak Democrat OLS,-11.169253121967069,7.611574345466011,NA,NA
figure_s10_aces,Lean Democrat OLS,24.17422671295036,10.44192531818901,NA,NA
figure_s10_aces,Independent OLS,-4.325193709792185,6.493048652790177,NA,NA
figure_s10_aces,Lean Republican OLS,3.5504459907689996,8.524441890108948,NA,NA
figure_s10_aces,Weak Republican OLS,-0.6772587396958332,8.413724787441483,NA,NA
figure_s10_aces,Strong Republican OLS,-8.195667735060502,6.911641885925303,NA,NA
figure_s10_aces,Full sample OLS,-3.159711316474568,3.5241574588665037,NA,NA
figure_s11_aces,Strong Democrat DIM,-1.016866835148887,7.886286727052255,NA,NA
figure_s11_aces,Weak Democrat DIM,-8.714002141233196,8.359707342214104,NA,NA
figure_s11_aces,Lean Democrat DIM,-25.219100424877105,14.072978540497772,NA,NA
figure_s11_aces,Independent DIM,-8.551249464926983,8.698704514430094,NA,NA
figure_s11_aces,Lean Republican DIM,-20.362593992418006,12.27460847459426,NA,NA
figure_s11_aces,Weak Republican DIM,1.4087798769605704,12.113306563041345,NA,NA
figure_s11_aces,Strong Republican DIM,-9.924752795077245,8.965764926797737,NA,NA
figure_s11_aces,Full sample DIM,-8.728503195148951,4.014478671824876,NA,NA
figure_s11_aces,Strong Democrat OLS,1.3027170318493484,6.061089146019226,NA,NA
figure_s11_aces,Weak Democrat OLS,-6.103057411663259,6.791928744248378,NA,NA
figure_s11_aces,Lean Democrat OLS,-11.382216011785298,11.780681587270697,NA,NA
figure_s11_aces,Independent OLS,-3.2913481711759665,6.399637270330244,NA,NA
figure_s11_aces,Lean Republican OLS,-1.0186824772799434,9.453580990435322,NA,NA
figure_s11_aces,Weak Republican OLS,-6.002168224271226,9.048802957182275,NA,NA
figure_s11_aces,Strong Republican OLS,-27.824893528452467,6.984302998583809,NA,NA
figure_s11_aces,Full sample OLS,-5.550017976144163,3.5961274099411287,NA,NA
figure_s12_aces,Strong Democrat DIM,0.7087318061495106,7.6918450153204265,NA,NA
figure_s12_aces,Weak Democrat DIM,-8.461349907411423,9.311638222966435,NA,NA
figure_s12_aces,Lean Democrat DIM,-5.565812244138605,12.1242857045442,NA,NA
figure_s12_aces,Independent DIM,-18.481235874228638,8.357697605349458,NA,NA
figure_s12_aces,Lean Republican DIM,-8.75278339238374,13.64835543373551,NA,NA
figure_s12_aces,Weak Republican DIM,-4.233740535019127,11.744560315688348,NA,NA
figure_s12_aces,Strong Republican DIM,-20.597610242309877,8.41426159872409,NA,NA
figure_s12_aces,Full sample DIM,-13.202392647108885,4.051363437290903,NA,NA
figure_s12_aces,Strong Democrat OLS,3.068011988333074,5.235595964483474,NA,NA
figure_s12_aces,Weak Democrat OLS,-13.565881149904849,6.787046987075971,NA,NA
figure_s12_aces,Lean Democrat OLS,10.238404184296419,10.055381376146805,NA,NA
figure_s12_aces,Independent OLS,-13.318964764049568,7.150639178219495,NA,NA
figure_s12_aces,Lean Republican OLS,-1.3766598852243555,11.530393748302435,NA,NA
figure_s12_aces,Weak Republican OLS,0.4429249217142593,9.73317940480736,NA,NA
figure_s12_aces,Strong Republican OLS,-24.09357799828762,6.6135533712190036,NA,NA
figure_s12_aces,Full sample OLS,-9.682095467939988,3.6166708111833548,NA,NA
figure_s13_aces,Strong Democrat DIM,-0.6262764743964463,7.57225776866291,NA,NA
figure_s13_aces,Weak Democrat DIM,-17.150540892587504,9.069293226236411,NA,NA
figure_s13_aces,Lean Democrat DIM,-8.147800437989094,12.258576924093402,NA,NA
figure_s13_aces,Independent DIM,-13.994403321161759,8.39525901303178,NA,NA
figure_s13_aces,Lean Republican DIM,-35.43765579910822,11.910738739853624,NA,NA
figure_s13_aces,Weak Republican DIM,-17.38410397862465,11.893377482296538,NA,NA
figure_s13_aces,Strong Republican DIM,-10.852217506334659,8.430171094445885,NA,NA
figure_s13_aces,Full sample DIM,-13.442485812622037,3.9625804799561815,NA,NA
figure_s13_aces,Strong Democrat OLS,-4.299435999554472,5.401894646025038,NA,NA
figure_s13_aces,Weak Democrat OLS,-27.29947989114337,8.898610448720037,NA,NA
figure_s13_aces,Lean Democrat OLS,-5.988435329070198,9.61047869756337,NA,NA
figure_s13_aces,Independent OLS,-9.68710029573229,6.15074505229974,NA,NA
figure_s13_aces,Lean Republican OLS,-22.999570984128486,7.7258953746812296,NA,NA
figure_s13_aces,Weak Republican OLS,-8.290189426460902,9.397412311622784,NA,NA
figure_s13_aces,Strong Republican OLS,-19.257971012632645,6.741059426760698,NA,NA
figure_s13_aces,Full sample OLS,-10.865337878007912,3.514959843108144,NA,NA
figure_s14_aces,Strong Democrat DIM,-2.8448134520718953,8.014905401573298,NA,NA
figure_s14_aces,Weak Democrat DIM,-2.444529408147197,6.870326999414456,NA,NA
figure_s14_aces,Lean Democrat DIM,-8.602409485997219,12.496927652112706,NA,NA
figure_s14_aces,Independent DIM,-6.211807576634307,8.586653244024973,NA,NA
figure_s14_aces,Lean Republican DIM,0.5251066471514948,13.610378609739582,NA,NA
figure_s14_aces,Weak Republican DIM,-3.336722821163303,11.516492073748145,NA,NA
figure_s14_aces,Strong Republican DIM,-9.868095463779737,8.83790815401233,NA,NA
figure_s14_aces,Full sample DIM,-5.767417041969389,3.9015142525708577,NA,NA
figure_s14_aces,Strong Democrat OLS,-4.947451804853502,5.5983499242495895,NA,NA
figure_s14_aces,Weak Democrat OLS,2.057388556721196,5.682417128021587,NA,NA
figure_s14_aces,Lean Democrat OLS,19.161037093039603,11.023251283127149,NA,NA
figure_s14_aces,Independent OLS,-0.331611030186698,7.146292839186931,NA,NA
figure_s14_aces,Lean Republican OLS,11.324040837529074,7.868037071396239,NA,NA
figure_s14_aces,Weak Republican OLS,-5.116131708798174,9.696240192024591,NA,NA
figure_s14_aces,Strong Republican OLS,-16.016995470745258,7.1193916453696895,NA,NA
figure_s14_aces,Full sample OLS,-3.0205928275360048,3.527886151077395,NA,NA
figure_s15_aces,Strong Democrat DIM,8.49804982543027,6.969318789688995,NA,NA
figure_s15_aces,Weak Democrat DIM,-17.34688561930895,9.889835568294812,NA,NA
figure_s15_aces,Lean Democrat DIM,-13.650633202775644,12.915164734234164,NA,NA
figure_s15_aces,Independent DIM,-14.64331135345657,8.505869013202764,NA,NA
figure_s15_aces,Lean Republican DIM,-4.735989483830784,14.313363527238096,NA,NA
figure_s15_aces,Weak Republican DIM,-9.419397301037566,11.797771663350382,NA,NA
figure_s15_aces,Strong Republican DIM,-12.277957949400092,9.00556662168599,NA,NA
figure_s15_aces,Full sample DIM,-8.792582296560084,4.012402175606737,NA,NA
figure_s15_aces,Strong Democrat OLS,10.904656397550903,4.464897668096986,NA,NA
figure_s15_aces,Weak Democrat OLS,-15.348471557175847,7.777387371555854,NA,NA
figure_s15_aces,Lean Democrat OLS,-15.795272425221452,7.689879483457234,NA,NA
figure_s15_aces,Independent OLS,-10.800419693395193,6.933742787400473,NA,NA
figure_s15_aces,Lean Republican OLS,-2.6879044920434754,8.789578647276967,NA,NA
figure_s15_aces,Weak Republican OLS,-8.225537383316054,7.9425390164176175,NA,NA
figure_s15_aces,Strong Republican OLS,-25.72923265576697,7.058793536545791,NA,NA
figure_s15_aces,Full sample OLS,-5.539747588791609,3.5587212300353244,NA,NA
figure_s16_aces,Strong Democrat DIM,5.242540176813339,1.4385416820854144,NA,NA
figure_s16_aces,Weak Democrat DIM,2.9431308571925694,2.1766651754982305,NA,NA
figure_s16_aces,Lean Democrat DIM,9.445409814175957,2.739905596623765,NA,NA
figure_s16_aces,Independent DIM,6.645821151780126,1.723436476174605,NA,NA
figure_s16_aces,Lean Republican DIM,12.356049105538897,2.659917410882475,NA,NA
figure_s16_aces,Weak Republican DIM,4.500796765672321,2.3092199442178782,NA,NA
figure_s16_aces,Strong Republican DIM,4.640347427843623,1.6657092495543036,NA,NA
figure_s16_aces,Full sample DIM,5.960099913507569,0.7406825931679651,NA,NA
figure_s16_aces,Strong Democrat OLS,5.282485842385633,1.3553485675776482,NA,NA
figure_s16_aces,Weak Democrat OLS,3.6052278541363663,2.0513043990866464,NA,NA
figure_s16_aces,Lean Democrat OLS,8.778716280807044,2.6900730113179003,NA,NA
figure_s16_aces,Independent OLS,6.580429047545539,1.6844036934992832,NA,NA
figure_s16_aces,Lean Republican OLS,11.493177083307598,2.6061086891107967,NA,NA
figure_s16_aces,Weak Republican OLS,5.218872527665911,2.2119607027494514,NA,NA
figure_s16_aces,Strong Republican OLS,4.927798766893745,1.5847714533181214,NA,NA
figure_s16_aces,Full sample OLS,5.982114960867598,0.7187027164967242,NA,NA
figure_s17_aces,Strong Democrat DIM,1.359871015261164,1.1778084150735606,NA,NA
figure_s17_aces,Weak Democrat DIM,-1.5622914711056126,1.9956652857386865,NA,NA
figure_s17_aces,Lean Democrat DIM,5.881683969919789,2.668699510400294,NA,NA
figure_s17_aces,Independent DIM,0.11760306446453835,1.9913452048023847,NA,NA
figure_s17_aces,Lean Republican DIM,5.9861893535072035,3.022233374885645,NA,NA
figure_s17_aces,Weak Republican DIM,-3.0138338416078323,2.560826631776362,NA,NA
figure_s17_aces,Strong Republican DIM,2.453567027494905,1.9486809607024425,NA,NA
figure_s17_aces,Full sample DIM,1.168375200610324,0.8056292727762491,NA,NA
figure_s17_aces,Strong Democrat OLS,1.064846581733598,1.1338840204210008,NA,NA
figure_s17_aces,Weak Democrat OLS,-1.4590612169700872,1.9414061935527966,NA,NA
figure_s17_aces,Lean Democrat OLS,6.271174477705385,2.498306748669902,NA,NA
figure_s17_aces,Independent OLS,0.7098067303724311,1.8552978839352456,NA,NA
figure_s17_aces,Lean Republican OLS,7.9196314364220655,2.7288380763840587,NA,NA
figure_s17_aces,Weak Republican OLS,-1.6200719509747743,2.429600623714619,NA,NA
figure_s17_aces,Strong Republican OLS,2.7897369984919376,1.8123949128068813,NA,NA
figure_s17_aces,Full sample OLS,1.5402564883122034,0.7429736890122256,NA,NA
figure_s18_aces,Strong Democrat DIM,-11.315834986749245,5.395035932817057,NA,NA
figure_s18_aces,Weak Democrat DIM,-0.5926701099738202,4.946650585883248,NA,NA
figure_s18_aces,Lean Democrat DIM,-6.41745545116742,6.517488735325461,NA,NA
figure_s18_aces,Independent DIM,3.0702325407637456,2.53685789601562,NA,NA
figure_s18_aces,Lean Republican DIM,-0.06264288438035237,3.755902303445939,NA,NA
figure_s18_aces,Weak Republican DIM,0.8246552220123788,4.132726984498845,NA,NA
figure_s18_aces,Strong Republican DIM,-1.475077750174967,2.2755769072610286,NA,NA
figure_s18_aces,Full sample DIM,-1.0396019733445738,1.402286406987955,NA,NA
figure_s18_aces,Strong Democrat OLS,-9.686530760823983,4.538043548064734,NA,NA
figure_s18_aces,Weak Democrat OLS,-0.6140211992910001,4.3044333789592155,NA,NA
figure_s18_aces,Lean Democrat OLS,-2.1027190432195475,5.678280417863952,NA,NA
figure_s18_aces,Independent OLS,1.8307823417418823,2.2861428078082566,NA,NA
figure_s18_aces,Lean Republican OLS,1.971669260375341,2.9508707649557877,NA,NA
figure_s18_aces,Weak Republican OLS,-0.782376806471951,3.673207662098539,NA,NA
figure_s18_aces,Strong Republican OLS,-0.5596906649714196,1.9750353871552087,NA,NA
figure_s18_aces,Full sample OLS,-0.9569165315850553,1.284222813696647,NA,NA
figure_s19_aces,Strong Democrat DIM,-1.7880141624790666,5.421985014276751,NA,NA
figure_s19_aces,Weak Democrat DIM,6.54307546457039,5.9484904100072615,NA,NA
figure_s19_aces,Lean Democrat DIM,-0.8893784511389202,7.195093426581052,NA,NA
figure_s19_aces,Independent DIM,1.143586353131175,2.937465841347824,NA,NA
figure_s19_aces,Lean Republican DIM,-4.0807623506977615,3.927509683549967,NA,NA
figure_s19_aces,Weak Republican DIM,4.04489505665981,4.5187106898586595,NA,NA
figure_s19_aces,Strong Republican DIM,3.9532282246981882,2.892002014905786,NA,NA
figure_s19_aces,Full sample DIM,1.5420427879167882,1.6098143801360987,NA,NA
figure_s19_aces,Strong Democrat OLS,-3.9261400953355334,4.5845441531899205,NA,NA
figure_s19_aces,Weak Democrat OLS,6.014871382535867,5.13602692909209,NA,NA
figure_s19_aces,Lean Democrat OLS,4.609002333623775,6.35308734569212,NA,NA
figure_s19_aces,Independent OLS,1.465296323974839,2.6229966644393294,NA,NA
figure_s19_aces,Lean Republican OLS,-3.4088962522396846,3.045700400490018,NA,NA
figure_s19_aces,Weak Republican OLS,7.62706477898777,3.8310574518736638,NA,NA
figure_s19_aces,Strong Republican OLS,2.652909540506931,2.406945177442026,NA,NA
figure_s19_aces,Full sample OLS,1.642129823306598,1.4287600291765388,NA,NA
figure_s20_aces,Strong Democrat DIM,6.30992899064437,2.545176753738339,NA,NA
figure_s20_aces,Weak Democrat DIM,15.680512276969836,3.830382192352043,NA,NA
figure_s20_aces,Lean Democrat DIM,12.28781407339252,4.515233555394809,NA,NA
figure_s20_aces,Independent DIM,6.134136155101191,3.763981169300412,NA,NA
figure_s20_aces,Lean Republican DIM,8.550807759650116,4.803913901776558,NA,NA
figure_s20_aces,Weak Republican DIM,10.08807287187342,3.9732412529704995,NA,NA
figure_s20_aces,Strong Republican DIM,5.3404589871361265,3.4347025816675107,NA,NA
figure_s20_aces,Full sample DIM,9.094961066916305,1.4655502624100185,NA,NA
figure_s20_aces,Strong Democrat OLS,4.63554518568954,2.3395665864977415,NA,NA
figure_s20_aces,Weak Democrat OLS,17.114558304511263,3.5475671432860505,NA,NA
figure_s20_aces,Lean Democrat OLS,12.524418222772724,3.795993203677867,NA,NA
figure_s20_aces,Independent OLS,4.7929344178882465,3.2815386231794106,NA,NA
figure_s20_aces,Lean Republican OLS,7.858497499141497,4.170957707830851,NA,NA
figure_s20_aces,Weak Republican OLS,9.73806967327436,3.503347713333859,NA,NA
figure_s20_aces,Strong Republican OLS,5.5253551017576195,3.150512951835041,NA,NA
figure_s20_aces,Full sample OLS,8.323766581825888,1.3249847371647212,NA,NA
figure_s21_aces,Strong Democrat DIM,13.388407399491689,5.664284774187394,NA,NA
figure_s21_aces,Weak Democrat DIM,24.887043449527138,8.540785489689235,NA,NA
figure_s21_aces,Lean Democrat DIM,10.006671226063908,10.589332455017045,NA,NA
figure_s21_aces,Independent DIM,7.086090260688334,9.249792756972997,NA,NA
figure_s21_aces,Lean Republican DIM,21.328518589584665,14.845948549656661,NA,NA
figure_s21_aces,Weak Republican DIM,16.202838085820257,9.951753253236447,NA,NA
figure_s21_aces,Strong Republican DIM,24.312320000317243,9.84642741322058,NA,NA
figure_s21_aces,Full sample DIM,15.531575326469206,3.5878319323166084,NA,NA
figure_s21_aces,Strong Democrat OLS,11.25570399318383,4.647436810009474,NA,NA
figure_s21_aces,Weak Democrat OLS,26.08510443353607,6.700866913001395,NA,NA
figure_s21_aces,Lean Democrat OLS,-2.268699202776714,7.505986922098691,NA,NA
figure_s21_aces,Independent OLS,10.709068879506207,7.334036725609057,NA,NA
figure_s21_aces,Lean Republican OLS,16.439249037046004,13.144678194032142,NA,NA
figure_s21_aces,Weak Republican OLS,15.539452186962269,8.876222956594985,NA,NA
figure_s21_aces,Strong Republican OLS,23.80158785900963,8.537918704272307,NA,NA
figure_s21_aces,Full sample OLS,16.249807086690254,3.2294380185469507,NA,NA
figure_s22_aces,Strong Democrat DIM,5.262916757418898,7.71002992229215,NA,NA
figure_s22_aces,Weak Democrat DIM,-2.461496075358628,10.197934043598522,NA,NA
figure_s22_aces,Lean Democrat DIM,11.840598231611306,12.53508904659744,NA,NA
figure_s22_aces,Independent DIM,16.202475664758804,8.802297426771776,NA,NA
figure_s22_aces,Lean Republican DIM,-7.629799912420925,11.754350149465754,NA,NA
figure_s22_aces,Weak Republican DIM,13.165734859662079,7.963778018742988,NA,NA
figure_s22_aces,Strong Republican DIM,-2.5843920921182413,8.20697967331892,NA,NA
figure_s22_aces,Full sample DIM,6.739162328502947,3.732109731305782,NA,NA
figure_s22_aces,Strong Democrat OLS,5.877500720513354,7.2658009109212465,NA,NA
figure_s22_aces,Weak Democrat OLS,2.6535235355880054,9.006222132507334,NA,NA
figure_s22_aces,Lean Democrat OLS,11.573886122260065,8.81739882536063,NA,NA
figure_s22_aces,Independent OLS,15.179292490748624,7.402965575435529,NA,NA
figure_s22_aces,Lean Republican OLS,-2.2450045670766072,8.944647184949165,NA,NA
figure_s22_aces,Weak Republican OLS,15.1295571148864,5.8458722324647185,NA,NA
figure_s22_aces,Strong Republican OLS,-1.2075538867040354,6.505106279684801,NA,NA
figure_s22_aces,Full sample OLS,5.733106818649237,3.427430319620025,NA,NA
