paper_id,claim_id,table_figure,claim,value_script,value_paper,match,value_rewrite,match_rewrite,defect_locus,notes
baxter-king_etal_2025,table_1_e_1_vaccine_endorsement_1_n,Table 1,"E-1: Vaccine endorsement 1, N",NA,"14,946",NA,14906,0,archive,"The deposit contains no script that assembles Table 1, and its analysis file for this experiment holds fewer rows than the published enrollment count. Rewrite prints 14906 against the article's 14,946."
baxter-king_etal_2025,table_1_e_2_vaccine_endorsement_2_n,Table 1,"E-2: Vaccine endorsement 2, N",NA,"7,249",NA,7197,0,archive,"The deposit contains no script that assembles Table 1, and its analysis file for this experiment holds fewer rows than the published enrollment count. Rewrite prints 7197 against the article's 7,249."
baxter-king_etal_2025,table_1_g_1_cdc_mask_guidance_1_n,Table 1,"G-1: CDC mask guidance 1, N",NA,"30,857",NA,30751,0,archive,"The deposit contains no script that assembles Table 1, and its analysis file for this experiment holds fewer rows than the published enrollment count. Rewrite prints 30751 against the article's 30,857."
baxter-king_etal_2025,table_1_g_2_vaccine_mandate_vignettes_n,Table 1,"G-2: Vaccine mandate vignettes, N",NA,"10,298",NA,10275,0,archive,"The deposit contains no script that assembles Table 1, and its analysis file for this experiment holds fewer rows than the published enrollment count. Rewrite prints 10275 against the article's 10,298."
baxter-king_etal_2025,table_1_g_3_cdc_mask_guidance_2_n,Table 1,"G-3: CDC mask guidance 2, N",NA,"33,088",NA,32943,0,archive,"The deposit contains no script that assembles Table 1, and its analysis file for this experiment holds fewer rows than the published enrollment count. Rewrite prints 32943 against the article's 33,088."
baxter-king_etal_2025,table_1_i_1_contagiousness_conversation_n,Table 1,"I-1: Contagiousness conversation, N",NA,"8,710",NA,8661,0,archive,"The deposit contains no script that assembles Table 1, and its analysis file for this experiment holds fewer rows than the published enrollment count. Rewrite prints 8661 against the article's 8,710."
baxter-king_etal_2025,table_1_i_2_delta_variant_conversation_n,Table 1,"I-2: Delta variant conversation, N",NA,"8,710",NA,8692,0,archive,"The deposit contains no script that assembles Table 1, and its analysis file for this experiment holds fewer rows than the published enrollment count. Rewrite prints 8692 against the article's 8,710."
baxter-king_etal_2025,table_1_i_3_bivalent_booster_information_n,Table 1,"I-3: Bivalent booster information, N",NA,"10,700",NA,10677,0,archive,"The deposit contains no script that assembles Table 1, and its analysis file for this experiment holds fewer rows than the published enrollment count. Rewrite prints 10677 against the article's 10,700."
baxter-king_etal_2025,table_1_i_4_bivalent_booster_information_children_n,Table 1,"I-4: Bivalent booster information (children), N",NA,"1,628",NA,1626,0,archive,"The deposit contains no script that assembles Table 1, and its analysis file for this experiment holds fewer rows than the published enrollment count. Rewrite prints 1626 against the article's 1,628."
baxter-king_etal_2025,table_1_i_5_holiday_surge_information_children_n,Table 1,"I-5: Holiday surge information (children), N",NA,"1,715",NA,1711,0,archive,"The deposit contains no script that assembles Table 1, and its analysis file for this experiment holds fewer rows than the published enrollment count. Rewrite prints 1711 against the article's 1,715."
baxter-king_etal_2025,abstract_and_introduction_survey_respondents_across_the_ten_experiments,Abstract and Introduction,Survey respondents across the ten experiments,NA,"85,191",NA,96567,0,archive,"No deposited script computes the headline count. The union of the respondent identifiers in the ten deposited analysis files is larger than the published figure, so the deposit does not contain the file from which it was counted. Rewrite prints 96567 against the article's 85,191."
baxter-king_etal_2025,table_2_g_1_intercept_estimate,Table 2,"G-1, Intercept, estimate",0.23693100367593964,0.237,1,0.23693100367593964,1,NA,Rewrite prints 0.237 against the article's 0.237.
baxter-king_etal_2025,table_2_g_1_intercept_standard_error,Table 2,"G-1, Intercept, standard error",0.00485351468088601,0.005,1,0.00485351468088601,1,NA,Rewrite prints 0.005 against the article's 0.005.
baxter-king_etal_2025,table_2_g_1_treatment_estimate,Table 2,"G-1, Treatment, estimate",0.05982114960867598,0.060,1,0.05982114960867598,1,NA,Rewrite prints 0.060 against the article's 0.060.
baxter-king_etal_2025,table_2_g_1_treatment_standard_error,Table 2,"G-1, Treatment, standard error",0.00718702716496723,0.007,1,0.00718702716496723,1,NA,Rewrite prints 0.007 against the article's 0.007.
baxter-king_etal_2025,table_2_g_1_party_id_7_point_estimate,Table 2,"G-1, Party ID (7-Point), estimate",0.00284302871245931,0.003,1,0.00284302871245931,1,NA,Rewrite prints 0.003 against the article's 0.003.
baxter-king_etal_2025,table_2_g_1_party_id_7_point_standard_error,Table 2,"G-1, Party ID (7-Point), standard error",0.00234745911766129,0.002,1,0.00234745911766129,1,NA,Rewrite prints 0.002 against the article's 0.002.
baxter-king_etal_2025,table_2_g_1_treatment_x_party_id_estimate,Table 2,"G-1, Treatment x Party ID, estimate",-5.225412366362426e-4,-0.001,1,-5.225412366362426e-4,1,NA,Rewrite prints -0.001 against the article's -0.001.
baxter-king_etal_2025,table_2_g_1_treatment_x_party_id_standard_error,Table 2,"G-1, Treatment x Party ID, standard error",0.00345143443374438,0.003,1,0.00345143443374438,1,NA,Rewrite prints 0.003 against the article's 0.003.
baxter-king_etal_2025,table_2_g_3_intercept_estimate,Table 2,"G-3, Intercept, estimate",0.6799578572644076,0.680,1,0.6799578572644076,1,NA,Rewrite prints 0.680 against the article's 0.680.
baxter-king_etal_2025,table_2_g_3_intercept_standard_error,Table 2,"G-3, Intercept, standard error",0.0052241659048418,0.005,1,0.0052241659048418,1,NA,Rewrite prints 0.005 against the article's 0.005.
baxter-king_etal_2025,table_2_g_3_treatment_estimate,Table 2,"G-3, Treatment, estimate",0.01540256488312193,0.015,1,0.01540256488312193,1,NA,Rewrite prints 0.015 against the article's 0.015.
baxter-king_etal_2025,table_2_g_3_treatment_standard_error,Table 2,"G-3, Treatment, standard error",0.00742973689012225,0.007,1,0.00742973689012225,1,NA,Rewrite prints 0.007 against the article's 0.007.
baxter-king_etal_2025,table_2_g_3_party_id_7_point_estimate,Table 2,"G-3, Party ID (7-Point), estimate",-0.0530344113207743,-0.053,1,-0.0530344113207743,1,NA,Rewrite prints -0.053 against the article's -0.053.
baxter-king_etal_2025,table_2_g_3_party_id_7_point_standard_error,Table 2,"G-3, Party ID (7-Point), standard error",0.00244690301109501,0.002,1,0.00244690301109501,1,NA,Rewrite prints 0.002 against the article's 0.002.
baxter-king_etal_2025,table_2_g_3_treatment_x_party_id_estimate,Table 2,"G-3, Treatment x Party ID, estimate",-2.634687143005464e-5,0.000,1,-2.634687143005464e-5,1,NA,Rewrite prints 0.000 against the article's 0.000.
baxter-king_etal_2025,table_2_g_3_treatment_x_party_id_standard_error,Table 2,"G-3, Treatment x Party ID, standard error",0.00349542159948065,0.003,1,0.00349542159948065,1,NA,Rewrite prints 0.003 against the article's 0.003.
baxter-king_etal_2025,table_2_g_1_num_obs,Table 2,"G-1, Num.Obs.",30751,"30,751",1,30751,1,NA,"Rewrite prints 30751 against the article's 30,751."
baxter-king_etal_2025,table_2_g_1_r2,Table 2,"G-1, R2",0.07294170917256404,0.073,1,0.07294170917256404,1,NA,Rewrite prints 0.073 against the article's 0.073.
baxter-king_etal_2025,table_2_g_3_num_obs,Table 2,"G-3, Num.Obs.",32933,"32,933",1,32933,1,NA,"Rewrite prints 32933 against the article's 32,933."
baxter-king_etal_2025,table_2_g_3_r2,Table 2,"G-3, R2",0.15320070403802089,0.153,1,0.15320070403802089,1,NA,Rewrite prints 0.153 against the article's 0.153.
baxter-king_etal_2025,table_3_i_1_intercept_estimate,Table 3,"I-1, Intercept, estimate",0.19722085933437727,0.197,1,0.19722085933437727,1,NA,Rewrite prints 0.197 against the article's 0.197.
baxter-king_etal_2025,table_3_i_1_intercept_standard_error,Table 3,"I-1, Intercept, standard error",0.00904762078864462,0.009,1,0.00904762078864462,1,NA,Rewrite prints 0.009 against the article's 0.009.
baxter-king_etal_2025,table_3_i_1_treatment_estimate,Table 3,"I-1, Treatment, estimate",-0.00956916531585056,-0.010,1,-0.00956916531585056,1,NA,Rewrite prints -0.010 against the article's -0.010.
baxter-king_etal_2025,table_3_i_1_treatment_standard_error,Table 3,"I-1, Treatment, standard error",0.01284222813696646,0.013,1,0.01284222813696646,1,NA,Rewrite prints 0.013 against the article's 0.013.
baxter-king_etal_2025,table_3_i_1_party_id_7_point_estimate,Table 3,"I-1, Party ID (7-Point), estimate",-0.03234171637541957,-0.032,1,-0.03234171637541957,1,NA,Rewrite prints -0.032 against the article's -0.032.
baxter-king_etal_2025,table_3_i_1_party_id_7_point_standard_error,Table 3,"I-1, Party ID (7-Point), standard error",0.00584890734725071,0.006,1,0.00584890734725071,1,NA,Rewrite prints 0.006 against the article's 0.006.
baxter-king_etal_2025,table_3_i_1_treatment_x_party_id_estimate,Table 3,"I-1, Treatment x Party ID, estimate",0.00792051981670359,0.008,1,0.00792051981670359,1,NA,Rewrite prints 0.008 against the article's 0.008.
baxter-king_etal_2025,table_3_i_1_treatment_x_party_id_standard_error,Table 3,"I-1, Treatment x Party ID, standard error",0.00770006512725992,0.008,1,0.00770006512725992,1,NA,Rewrite prints 0.008 against the article's 0.008.
baxter-king_etal_2025,table_3_i_2_intercept_estimate,Table 3,"I-2, Intercept, estimate",0.2765335679401039,0.277,1,0.2765335679401039,1,NA,Rewrite prints 0.277 against the article's 0.277.
baxter-king_etal_2025,table_3_i_2_intercept_standard_error,Table 3,"I-2, Intercept, standard error",0.01008022911110842,0.010,1,0.01008022911110842,1,NA,Rewrite prints 0.010 against the article's 0.010.
baxter-king_etal_2025,table_3_i_2_treatment_estimate,Table 3,"I-2, Treatment, estimate",0.01642129823306597,0.016,1,0.01642129823306597,1,NA,Rewrite prints 0.016 against the article's 0.016.
baxter-king_etal_2025,table_3_i_2_treatment_standard_error,Table 3,"I-2, Treatment, standard error",0.01428760029176539,0.014,1,0.01428760029176539,1,NA,Rewrite prints 0.014 against the article's 0.014.
baxter-king_etal_2025,table_3_i_2_party_id_7_point_estimate,Table 3,"I-2, Party ID (7-Point), estimate",-0.04469519039884614,-0.045,1,-0.04469519039884614,1,NA,Rewrite prints -0.045 against the article's -0.045.
baxter-king_etal_2025,table_3_i_2_party_id_7_point_standard_error,Table 3,"I-2, Party ID (7-Point), standard error",0.00615976855647518,0.006,1,0.00615976855647518,1,NA,Rewrite prints 0.006 against the article's 0.006.
baxter-king_etal_2025,table_3_i_2_treatment_x_party_id_estimate,Table 3,"I-2, Treatment x Party ID, estimate",0.00895566434729106,0.009,1,0.00895566434729106,1,NA,Rewrite prints 0.009 against the article's 0.009.
baxter-king_etal_2025,table_3_i_2_treatment_x_party_id_standard_error,Table 3,"I-2, Treatment x Party ID, standard error",0.00862265537558125,0.009,1,0.00862265537558125,1,NA,Rewrite prints 0.009 against the article's 0.009.
baxter-king_etal_2025,table_3_i_3_intercept_estimate,Table 3,"I-3, Intercept, estimate",0.5561649522517124,0.556,1,0.5561649522517124,1,NA,Rewrite prints 0.556 against the article's 0.556.
baxter-king_etal_2025,table_3_i_3_intercept_standard_error,Table 3,"I-3, Intercept, standard error",0.00967388860368162,0.010,1,0.00967388860368162,1,NA,Rewrite prints 0.010 against the article's 0.010.
baxter-king_etal_2025,table_3_i_3_treatment_estimate,Table 3,"I-3, Treatment, estimate",0.08323766581825884,0.083,1,0.08323766581825884,1,NA,Rewrite prints 0.083 against the article's 0.083.
baxter-king_etal_2025,table_3_i_3_treatment_standard_error,Table 3,"I-3, Treatment, standard error",0.0132498473716472,0.013,1,0.0132498473716472,1,NA,Rewrite prints 0.013 against the article's 0.013.
baxter-king_etal_2025,table_3_i_3_party_id_7_point_estimate,Table 3,"I-3, Party ID (7-Point), estimate",-0.06146444168771033,-0.061,1,-0.06146444168771033,1,NA,Rewrite prints -0.061 against the article's -0.061.
baxter-king_etal_2025,table_3_i_3_party_id_7_point_standard_error,Table 3,"I-3, Party ID (7-Point), standard error",0.00469120675665745,0.005,1,0.00469120675665745,1,NA,Rewrite prints 0.005 against the article's 0.005.
baxter-king_etal_2025,table_3_i_3_treatment_x_party_id_estimate,Table 3,"I-3, Treatment x Party ID, estimate",2.5282354770734423e-5,0.000,1,2.5282354770734423e-5,1,NA,Rewrite prints 0.000 against the article's 0.000.
baxter-king_etal_2025,table_3_i_3_treatment_x_party_id_standard_error,Table 3,"I-3, Treatment x Party ID, standard error",0.0064241883055445,0.006,1,0.0064241883055445,1,NA,Rewrite prints 0.006 against the article's 0.006.
baxter-king_etal_2025,table_3_i_4_intercept_estimate,Table 3,"I-4, Intercept, estimate",0.5982965283519703,0.598,1,0.5982965283519703,1,NA,Rewrite prints 0.598 against the article's 0.598.
baxter-king_etal_2025,table_3_i_4_intercept_standard_error,Table 3,"I-4, Intercept, standard error",0.0241983792296985,0.024,1,0.0241983792296985,1,NA,Rewrite prints 0.024 against the article's 0.024.
baxter-king_etal_2025,table_3_i_4_treatment_estimate,Table 3,"I-4, Treatment, estimate",0.16249807086690252,0.162,1,0.16249807086690252,1,NA,Rewrite prints 0.162 against the article's 0.162.
baxter-king_etal_2025,table_3_i_4_treatment_standard_error,Table 3,"I-4, Treatment, standard error",0.03229438018546952,0.032,1,0.03229438018546952,1,NA,Rewrite prints 0.032 against the article's 0.032.
baxter-king_etal_2025,table_3_i_4_party_id_7_point_estimate,Table 3,"I-4, Party ID (7-Point), estimate",-0.05844794307859991,-0.058,1,-0.05844794307859991,1,NA,Rewrite prints -0.058 against the article's -0.058.
baxter-king_etal_2025,table_3_i_4_party_id_7_point_standard_error,Table 3,"I-4, Party ID (7-Point), standard error",0.01269584764147203,0.013,1,0.01269584764147203,1,NA,Rewrite prints 0.013 against the article's 0.013.
baxter-king_etal_2025,table_3_i_4_treatment_x_party_id_estimate,Table 3,"I-4, Treatment x Party ID, estimate",0.01940035917683061,0.019,1,0.01940035917683061,1,NA,Rewrite prints 0.019 against the article's 0.019.
baxter-king_etal_2025,table_3_i_4_treatment_x_party_id_standard_error,Table 3,"I-4, Treatment x Party ID, standard error",0.01661140859950986,0.017,1,0.01661140859950986,1,NA,Rewrite prints 0.017 against the article's 0.017.
baxter-king_etal_2025,table_3_i_5_intercept_estimate,Table 3,"I-5, Intercept, estimate",0.39137964956716426,0.391,1,0.39137964956716426,1,NA,Rewrite prints 0.391 against the article's 0.391.
baxter-king_etal_2025,table_3_i_5_intercept_standard_error,Table 3,"I-5, Intercept, standard error",0.0238196367231492,0.024,1,0.0238196367231492,1,NA,Rewrite prints 0.024 against the article's 0.024.
baxter-king_etal_2025,table_3_i_5_treatment_estimate,Table 3,"I-5, Treatment, estimate",0.05733106818649247,0.057,1,0.05733106818649247,1,NA,Rewrite prints 0.057 against the article's 0.057.
baxter-king_etal_2025,table_3_i_5_treatment_standard_error,Table 3,"I-5, Treatment, standard error",0.03427430319620029,0.034,1,0.03427430319620029,1,NA,Rewrite prints 0.034 against the article's 0.034.
baxter-king_etal_2025,table_3_i_5_party_id_7_point_estimate,Table 3,"I-5, Party ID (7-Point), estimate",-0.05635268571229452,-0.056,1,-0.05635268571229452,1,NA,Rewrite prints -0.056 against the article's -0.056.
baxter-king_etal_2025,table_3_i_5_party_id_7_point_standard_error,Table 3,"I-5, Party ID (7-Point), standard error",0.01136648087398491,0.011,1,0.01136648087398491,1,NA,Rewrite prints 0.011 against the article's 0.011.
baxter-king_etal_2025,table_3_i_5_treatment_x_party_id_estimate,Table 3,"I-5, Treatment x Party ID, estimate",-7.669140107118261e-4,-0.001,1,-7.669140107118261e-4,1,NA,Rewrite prints -0.001 against the article's -0.001.
baxter-king_etal_2025,table_3_i_5_treatment_x_party_id_standard_error,Table 3,"I-5, Treatment x Party ID, standard error",0.0165638925157401,0.017,1,0.0165638925157401,1,NA,Rewrite prints 0.017 against the article's 0.017.
baxter-king_etal_2025,table_3_i_1_num_obs,Table 3,"I-1, Num.Obs.",8659,"8,659",1,8659,1,NA,"Rewrite prints 8659 against the article's 8,659."
baxter-king_etal_2025,table_3_i_1_r2,Table 3,"I-1, R2",0.1648531736906803,0.165,1,0.1648531736906803,1,NA,Rewrite prints 0.165 against the article's 0.165.
baxter-king_etal_2025,table_3_i_2_num_obs,Table 3,"I-2, Num.Obs.",8690,"8,690",1,8690,1,NA,"Rewrite prints 8690 against the article's 8,690."
baxter-king_etal_2025,table_3_i_2_r2,Table 3,"I-2, R2",0.20741213318852747,0.207,1,0.20741213318852747,1,NA,Rewrite prints 0.207 against the article's 0.207.
baxter-king_etal_2025,table_3_i_3_num_obs,Table 3,"I-3, Num.Obs.",10677,"10,677",1,10677,1,NA,"Rewrite prints 10677 against the article's 10,677."
baxter-king_etal_2025,table_3_i_3_r2,Table 3,"I-3, R2",0.19666313263936375,0.197,1,0.19666313263936375,1,NA,Rewrite prints 0.197 against the article's 0.197.
baxter-king_etal_2025,table_3_i_4_num_obs,Table 3,"I-4, Num.Obs.",1626,"1,626",1,1626,1,NA,"Rewrite prints 1626 against the article's 1,626."
baxter-king_etal_2025,table_3_i_4_r2,Table 3,"I-4, R2",0.19771456467502768,0.198,1,0.19771456467502768,1,NA,Rewrite prints 0.198 against the article's 0.198.
baxter-king_etal_2025,table_3_i_5_num_obs,Table 3,"I-5, Num.Obs.",1711,"1,711",1,1711,1,NA,"Rewrite prints 1711 against the article's 1,711."
baxter-king_etal_2025,table_3_i_5_r2,Table 3,"I-5, R2",0.1464860359340714,0.146,1,0.1464860359340714,1,NA,Rewrite prints 0.146 against the article's 0.146.
baxter-king_etal_2025,appendix_table_s1_trump_intercept_estimate,Appendix Table S1,"Trump, Intercept, estimate",0.6533186556307073,0.653,1,0.6533186556307073,1,NA,Rewrite prints 0.653 against the article's 0.653.
baxter-king_etal_2025,appendix_table_s1_trump_intercept_standard_error,Appendix Table S1,"Trump, Intercept, standard error",0.01799572191642037,0.018,1,0.01799572191642037,1,NA,Rewrite prints 0.018 against the article's 0.018.
baxter-king_etal_2025,appendix_table_s1_trump_treatment_estimate,Appendix Table S1,"Trump, Treatment, estimate",-0.09228478251109223,-0.092,1,-0.09228478251109223,1,NA,Rewrite prints -0.092 against the article's -0.092.
baxter-king_etal_2025,appendix_table_s1_trump_treatment_standard_error,Appendix Table S1,"Trump, Treatment, standard error",0.02576456001364138,0.026,1,0.02576456001364138,1,NA,Rewrite prints 0.026 against the article's 0.026.
baxter-king_etal_2025,appendix_table_s1_trump_party_id_7_point_estimate,Appendix Table S1,"Trump, Party ID (7-Point), estimate",-0.00765874804988877,-0.008,1,-0.00765874804988877,1,NA,Rewrite prints -0.008 against the article's -0.008.
baxter-king_etal_2025,appendix_table_s1_trump_party_id_7_point_standard_error,Appendix Table S1,"Trump, Party ID (7-Point), standard error",0.00800124665856537,0.008,1,0.00800124665856537,1,NA,Rewrite prints 0.008 against the article's 0.008.
baxter-king_etal_2025,appendix_table_s1_trump_treatment_x_party_id_estimate,Appendix Table S1,"Trump, Treatment x Party ID, estimate",0.06904571016514698,0.069,1,0.06904571016514698,1,NA,Rewrite prints 0.069 against the article's 0.069.
baxter-king_etal_2025,appendix_table_s1_trump_treatment_x_party_id_standard_error,Appendix Table S1,"Trump, Treatment x Party ID, standard error",0.01131873485736166,0.011,1,0.01131873485736166,1,NA,Rewrite prints 0.011 against the article's 0.011.
baxter-king_etal_2025,appendix_table_s1_fauci_intercept_estimate,Appendix Table S1,"Fauci, Intercept, estimate",0.6500155861307624,0.650,1,0.6500155861307624,1,NA,Rewrite prints 0.650 against the article's 0.650.
baxter-king_etal_2025,appendix_table_s1_fauci_intercept_standard_error,Appendix Table S1,"Fauci, Intercept, standard error",0.01753850036536871,0.018,1,0.01753850036536871,1,NA,Rewrite prints 0.018 against the article's 0.018.
baxter-king_etal_2025,appendix_table_s1_fauci_treatment_estimate,Appendix Table S1,"Fauci, Treatment, estimate",0.05467182529748348,0.055,1,0.05467182529748348,1,NA,Rewrite prints 0.055 against the article's 0.055.
baxter-king_etal_2025,appendix_table_s1_fauci_treatment_standard_error,Appendix Table S1,"Fauci, Treatment, standard error",0.02391330833090777,0.024,1,0.02391330833090777,1,NA,Rewrite prints 0.024 against the article's 0.024.
baxter-king_etal_2025,appendix_table_s1_fauci_party_id_7_point_estimate,Appendix Table S1,"Fauci, Party ID (7-Point), estimate",-0.00765874804988875,-0.008,1,-0.00765874804988875,1,NA,Rewrite prints -0.008 against the article's -0.008.
baxter-king_etal_2025,appendix_table_s1_fauci_party_id_7_point_standard_error,Appendix Table S1,"Fauci, Party ID (7-Point), standard error",0.00800139935174113,0.008,1,0.00800139935174113,1,NA,Rewrite prints 0.008 against the article's 0.008.
baxter-king_etal_2025,appendix_table_s1_fauci_treatment_x_party_id_estimate,Appendix Table S1,"Fauci, Treatment x Party ID, estimate",-0.01279184214325335,-0.013,1,-0.01279184214325335,1,NA,Rewrite prints -0.013 against the article's -0.013.
baxter-king_etal_2025,appendix_table_s1_fauci_treatment_x_party_id_standard_error,Appendix Table S1,"Fauci, Treatment x Party ID, standard error",0.01074399528899511,0.011,1,0.01074399528899511,1,NA,Rewrite prints 0.011 against the article's 0.011.
baxter-king_etal_2025,appendix_table_s1_trump_and_fauci_intercept_estimate,Appendix Table S1,"Trump and Fauci, Intercept, estimate",0.6520144259367627,0.652,1,0.6520144259367627,1,NA,Rewrite prints 0.652 against the article's 0.652.
baxter-king_etal_2025,appendix_table_s1_trump_and_fauci_intercept_standard_error,Appendix Table S1,"Trump and Fauci, Intercept, standard error",0.01770856983222136,0.018,1,0.01770856983222136,1,NA,Rewrite prints 0.018 against the article's 0.018.
baxter-king_etal_2025,appendix_table_s1_trump_and_fauci_treatment_estimate,Appendix Table S1,"Trump and Fauci, Treatment, estimate",-0.03498540358359161,-0.035,1,-0.03498540358359161,1,NA,Rewrite prints -0.035 against the article's -0.035.
baxter-king_etal_2025,appendix_table_s1_trump_and_fauci_treatment_standard_error,Appendix Table S1,"Trump and Fauci, Treatment, standard error",0.02536359204054486,0.025,1,0.02536359204054486,1,NA,Rewrite prints 0.025 against the article's 0.025.
baxter-king_etal_2025,appendix_table_s1_trump_and_fauci_party_id_7_point_estimate,Appendix Table S1,"Trump and Fauci, Party ID (7-Point), estimate",-0.00765874804988879,-0.008,1,-0.00765874804988879,1,NA,Rewrite prints -0.008 against the article's -0.008.
baxter-king_etal_2025,appendix_table_s1_trump_and_fauci_party_id_7_point_standard_error,Appendix Table S1,"Trump and Fauci, Party ID (7-Point), standard error",0.00800079600847702,0.008,1,0.00800079600847702,1,NA,Rewrite prints 0.008 against the article's 0.008.
baxter-king_etal_2025,appendix_table_s1_trump_and_fauci_treatment_x_party_id_estimate,Appendix Table S1,"Trump and Fauci, Treatment x Party ID, estimate",0.02221016936848968,0.022,1,0.02221016936848968,1,NA,Rewrite prints 0.022 against the article's 0.022.
baxter-king_etal_2025,appendix_table_s1_trump_and_fauci_treatment_x_party_id_standard_error,Appendix Table S1,"Trump and Fauci, Treatment x Party ID, standard error",0.01150504080817105,0.012,1,0.01150504080817105,1,NA,Rewrite prints 0.012 against the article's 0.012.
baxter-king_etal_2025,appendix_table_s1_spiritual_leader_intercept_estimate,Appendix Table S1,"Spiritual leader, Intercept, estimate",0.6522798246562632,0.652,1,0.6522798246562632,1,NA,Rewrite prints 0.652 against the article's 0.652.
baxter-king_etal_2025,appendix_table_s1_spiritual_leader_intercept_standard_error,Appendix Table S1,"Spiritual leader, Intercept, standard error",0.01791415398669568,0.018,1,0.01791415398669568,1,NA,Rewrite prints 0.018 against the article's 0.018.
baxter-king_etal_2025,appendix_table_s1_spiritual_leader_treatment_estimate,Appendix Table S1,"Spiritual leader, Treatment, estimate",-0.04715338049905391,-0.047,1,-0.04715338049905391,1,NA,Rewrite prints -0.047 against the article's -0.047.
baxter-king_etal_2025,appendix_table_s1_spiritual_leader_treatment_standard_error,Appendix Table S1,"Spiritual leader, Treatment, standard error",0.02537182137346625,0.025,1,0.02537182137346625,1,NA,Rewrite prints 0.025 against the article's 0.025.
baxter-king_etal_2025,appendix_table_s1_spiritual_leader_party_id_7_point_estimate,Appendix Table S1,"Spiritual leader, Party ID (7-Point), estimate",-0.00765874804988878,-0.008,1,-0.00765874804988878,1,NA,Rewrite prints -0.008 against the article's -0.008.
baxter-king_etal_2025,appendix_table_s1_spiritual_leader_party_id_7_point_standard_error,Appendix Table S1,"Spiritual leader, Party ID (7-Point), standard error",0.00800126694519211,0.008,1,0.00800126694519211,1,NA,Rewrite prints 0.008 against the article's 0.008.
baxter-king_etal_2025,appendix_table_s1_spiritual_leader_treatment_x_party_id_estimate,Appendix Table S1,"Spiritual leader, Treatment x Party ID, estimate",0.02165048186572675,0.022,1,0.02165048186572675,1,NA,Rewrite prints 0.022 against the article's 0.022.
baxter-king_etal_2025,appendix_table_s1_spiritual_leader_treatment_x_party_id_standard_error,Appendix Table S1,"Spiritual leader, Treatment x Party ID, standard error",0.01124287664828187,0.011,1,0.01124287664828187,1,NA,Rewrite prints 0.011 against the article's 0.011.
baxter-king_etal_2025,appendix_table_s1_health_insurance_intercept_estimate,Appendix Table S1,"Health Insurance, Intercept, estimate",0.6499971060091327,0.650,1,0.6499971060091327,1,NA,Rewrite prints 0.650 against the article's 0.650.
baxter-king_etal_2025,appendix_table_s1_health_insurance_intercept_standard_error,Appendix Table S1,"Health Insurance, Intercept, standard error",0.01776324125860616,0.018,1,0.01776324125860616,1,NA,Rewrite prints 0.018 against the article's 0.018.
baxter-king_etal_2025,appendix_table_s1_health_insurance_treatment_estimate,Appendix Table S1,"Health Insurance, Treatment, estimate",0.03303738564584019,0.033,1,0.03303738564584019,1,NA,Rewrite prints 0.033 against the article's 0.033.
baxter-king_etal_2025,appendix_table_s1_health_insurance_treatment_standard_error,Appendix Table S1,"Health Insurance, Treatment, standard error",0.0245977128872201,0.025,1,0.0245977128872201,1,NA,Rewrite prints 0.025 against the article's 0.025.
baxter-king_etal_2025,appendix_table_s1_health_insurance_party_id_7_point_estimate,Appendix Table S1,"Health Insurance, Party ID (7-Point), estimate",-0.00765874804988874,-0.008,1,-0.00765874804988874,1,NA,Rewrite prints -0.008 against the article's -0.008.
baxter-king_etal_2025,appendix_table_s1_health_insurance_party_id_7_point_standard_error,Appendix Table S1,"Health Insurance, Party ID (7-Point), standard error",0.00800071703820374,0.008,1,0.00800071703820374,1,NA,Rewrite prints 0.008 against the article's 0.008.
baxter-king_etal_2025,appendix_table_s1_health_insurance_treatment_x_party_id_estimate,Appendix Table S1,"Health Insurance, Treatment x Party ID, estimate",0.0082437769849031,0.008,1,0.0082437769849031,1,NA,Rewrite prints 0.008 against the article's 0.008.
baxter-king_etal_2025,appendix_table_s1_health_insurance_treatment_x_party_id_standard_error,Appendix Table S1,"Health Insurance, Treatment x Party ID, standard error",0.01085740732066704,0.011,1,0.01085740732066704,1,NA,Rewrite prints 0.011 against the article's 0.011.
baxter-king_etal_2025,appendix_table_s1_pharmacy_intercept_estimate,Appendix Table S1,"Pharmacy, Intercept, estimate",0.6452660176981435,0.645,1,0.6452660176981435,1,NA,Rewrite prints 0.645 against the article's 0.645.
baxter-king_etal_2025,appendix_table_s1_pharmacy_intercept_standard_error,Appendix Table S1,"Pharmacy, Intercept, standard error",0.01784779156485298,0.018,1,0.01784779156485298,1,NA,Rewrite prints 0.018 against the article's 0.018.
baxter-king_etal_2025,appendix_table_s1_pharmacy_treatment_estimate,Appendix Table S1,"Pharmacy, Treatment, estimate",0.03890682972563538,0.039,1,0.03890682972563538,1,NA,Rewrite prints 0.039 against the article's 0.039.
baxter-king_etal_2025,appendix_table_s1_pharmacy_treatment_standard_error,Appendix Table S1,"Pharmacy, Treatment, standard error",0.02476090501094582,0.025,1,0.02476090501094582,1,NA,Rewrite prints 0.025 against the article's 0.025.
baxter-king_etal_2025,appendix_table_s1_pharmacy_party_id_7_point_estimate,Appendix Table S1,"Pharmacy, Party ID (7-Point), estimate",-0.00765874804988878,-0.008,1,-0.00765874804988878,1,NA,Rewrite prints -0.008 against the article's -0.008.
baxter-king_etal_2025,appendix_table_s1_pharmacy_party_id_7_point_standard_error,Appendix Table S1,"Pharmacy, Party ID (7-Point), standard error",0.0080006973488579,0.008,1,0.0080006973488579,1,NA,Rewrite prints 0.008 against the article's 0.008.
baxter-king_etal_2025,appendix_table_s1_pharmacy_treatment_x_party_id_estimate,Appendix Table S1,"Pharmacy, Treatment x Party ID, estimate",-0.00629726248458846,-0.006,1,-0.00629726248458846,1,NA,Rewrite prints -0.006 against the article's -0.006.
baxter-king_etal_2025,appendix_table_s1_pharmacy_treatment_x_party_id_standard_error,Appendix Table S1,"Pharmacy, Treatment x Party ID, standard error",0.01093365163270738,0.011,1,0.01093365163270738,1,NA,Rewrite prints 0.011 against the article's 0.011.
baxter-king_etal_2025,appendix_table_s1_personal_physician_intercept_estimate,Appendix Table S1,"Personal physician, Intercept, estimate",0.649145998072619,0.649,1,0.649145998072619,1,NA,Rewrite prints 0.649 against the article's 0.649.
baxter-king_etal_2025,appendix_table_s1_personal_physician_intercept_standard_error,Appendix Table S1,"Personal physician, Intercept, standard error",0.01790328077405627,0.018,1,0.01790328077405627,1,NA,Rewrite prints 0.018 against the article's 0.018.
baxter-king_etal_2025,appendix_table_s1_personal_physician_treatment_estimate,Appendix Table S1,"Personal physician, Treatment, estimate",0.02361842245780472,0.024,1,0.02361842245780472,1,NA,Rewrite prints 0.024 against the article's 0.024.
baxter-king_etal_2025,appendix_table_s1_personal_physician_treatment_standard_error,Appendix Table S1,"Personal physician, Treatment, standard error",0.02503599733089023,0.025,1,0.02503599733089023,1,NA,Rewrite prints 0.025 against the article's 0.025.
baxter-king_etal_2025,appendix_table_s1_personal_physician_party_id_7_point_estimate,Appendix Table S1,"Personal physician, Party ID (7-Point), estimate",-0.00765874804988879,-0.008,1,-0.00765874804988879,1,NA,Rewrite prints -0.008 against the article's -0.008.
baxter-king_etal_2025,appendix_table_s1_personal_physician_party_id_7_point_standard_error,Appendix Table S1,"Personal physician, Party ID (7-Point), standard error",0.00800039485648674,0.008,1,0.00800039485648674,1,NA,Rewrite prints 0.008 against the article's 0.008.
baxter-king_etal_2025,appendix_table_s1_personal_physician_treatment_x_party_id_estimate,Appendix Table S1,"Personal physician, Treatment x Party ID, estimate",0.0033610584767028,0.003,1,0.0033610584767028,1,NA,Rewrite prints 0.003 against the article's 0.003.
baxter-king_etal_2025,appendix_table_s1_personal_physician_treatment_x_party_id_standard_error,Appendix Table S1,"Personal physician, Treatment x Party ID, standard error",0.01118406493138993,0.011,1,0.01118406493138993,1,NA,Rewrite prints 0.011 against the article's 0.011.
baxter-king_etal_2025,appendix_table_s1_trump_num_obs,Appendix Table S1,"Trump, Num.Obs.",3680,3680,1,3680,1,NA,Rewrite prints 3680 against the article's 3680.
baxter-king_etal_2025,appendix_table_s1_trump_r2,Appendix Table S1,"Trump, R2",0.1787955913765512,0.179,1,0.1787955913765512,1,NA,Rewrite prints 0.179 against the article's 0.179.
baxter-king_etal_2025,appendix_table_s1_fauci_num_obs,Appendix Table S1,"Fauci, Num.Obs.",3665,3665,1,3665,1,NA,Rewrite prints 3665 against the article's 3665.
baxter-king_etal_2025,appendix_table_s1_fauci_r2,Appendix Table S1,"Fauci, R2",0.20214748356196255,0.202,1,0.20214748356196255,1,NA,Rewrite prints 0.202 against the article's 0.202.
baxter-king_etal_2025,appendix_table_s1_trump_and_fauci_num_obs,Appendix Table S1,"Trump and Fauci, Num.Obs.",3725,3725,1,3725,1,NA,Rewrite prints 3725 against the article's 3725.
baxter-king_etal_2025,appendix_table_s1_trump_and_fauci_r2,Appendix Table S1,"Trump and Fauci, R2",0.1764363294042125,0.176,1,0.1764363294042125,1,NA,Rewrite prints 0.176 against the article's 0.176.
baxter-king_etal_2025,appendix_table_s1_spiritual_leader_num_obs,Appendix Table S1,"Spiritual leader, Num.Obs.",3678,3678,1,3678,1,NA,Rewrite prints 3678 against the article's 3678.
baxter-king_etal_2025,appendix_table_s1_spiritual_leader_r2,Appendix Table S1,"Spiritual leader, R2",0.1656229297793398,0.166,1,0.1656229297793398,1,NA,Rewrite prints 0.166 against the article's 0.166.
baxter-king_etal_2025,appendix_table_s1_health_insurance_num_obs,Appendix Table S1,"Health Insurance, Num.Obs.",3733,3733,1,3733,1,NA,Rewrite prints 3733 against the article's 3733.
baxter-king_etal_2025,appendix_table_s1_health_insurance_r2,Appendix Table S1,"Health Insurance, R2",0.16983063201353754,0.170,1,0.16983063201353754,1,NA,Rewrite prints 0.170 against the article's 0.170.
baxter-king_etal_2025,appendix_table_s1_pharmacy_num_obs,Appendix Table S1,"Pharmacy, Num.Obs.",3735,3735,1,3735,1,NA,Rewrite prints 3735 against the article's 3735.
baxter-king_etal_2025,appendix_table_s1_pharmacy_r2,Appendix Table S1,"Pharmacy, R2",0.16978527663326304,0.170,1,0.16978527663326304,1,NA,Rewrite prints 0.170 against the article's 0.170.
baxter-king_etal_2025,appendix_table_s1_personal_physician_num_obs,Appendix Table S1,"Personal physician, Num.Obs.",3766,3766,1,3766,1,NA,Rewrite prints 3766 against the article's 3766.
baxter-king_etal_2025,appendix_table_s1_personal_physician_r2,Appendix Table S1,"Personal physician, R2",0.16298981816674452,0.163,1,0.16298981816674452,1,NA,Rewrite prints 0.163 against the article's 0.163.
baxter-king_etal_2025,appendix_table_s2_trump_intercept_estimate,Appendix Table S2,"Trump, Intercept, estimate",0.6355213655922936,0.636,1,0.6355213655922936,1,NA,Rewrite prints 0.636 against the article's 0.636.
baxter-king_etal_2025,appendix_table_s2_trump_intercept_standard_error,Appendix Table S2,"Trump, Intercept, standard error",0.02511377050082699,0.025,1,0.02511377050082699,1,NA,Rewrite prints 0.025 against the article's 0.025.
baxter-king_etal_2025,appendix_table_s2_trump_treatment_estimate,Appendix Table S2,"Trump, Treatment, estimate",-0.04688615886957834,-0.047,1,-0.04688615886957834,1,NA,Rewrite prints -0.047 against the article's -0.047.
baxter-king_etal_2025,appendix_table_s2_trump_treatment_standard_error,Appendix Table S2,"Trump, Treatment, standard error",0.03578916045379043,0.036,1,0.03578916045379043,1,NA,Rewrite prints 0.036 against the article's 0.036.
baxter-king_etal_2025,appendix_table_s2_trump_party_id_7_point_estimate,Appendix Table S2,"Trump, Party ID (7-Point), estimate",-0.06095011808832455,-0.061,1,-0.06095011808832455,1,NA,Rewrite prints -0.061 against the article's -0.061.
baxter-king_etal_2025,appendix_table_s2_trump_party_id_7_point_standard_error,Appendix Table S2,"Trump, Party ID (7-Point), standard error",0.01241411824484292,0.012,1,0.01241411824484292,1,NA,Rewrite prints 0.012 against the article's 0.012.
baxter-king_etal_2025,appendix_table_s2_trump_treatment_x_party_id_estimate,Appendix Table S2,"Trump, Treatment x Party ID, estimate",0.03299180782044703,0.033,1,0.03299180782044703,1,NA,Rewrite prints 0.033 against the article's 0.033.
baxter-king_etal_2025,appendix_table_s2_trump_treatment_x_party_id_standard_error,Appendix Table S2,"Trump, Treatment x Party ID, standard error",0.01773524104244627,0.018,1,0.01773524104244627,1,NA,Rewrite prints 0.018 against the article's 0.018.
baxter-king_etal_2025,appendix_table_s2_fauci_intercept_estimate,Appendix Table S2,"Fauci, Intercept, estimate",0.6288910390238343,0.629,1,0.6288910390238343,1,NA,Rewrite prints 0.629 against the article's 0.629.
baxter-king_etal_2025,appendix_table_s2_fauci_intercept_standard_error,Appendix Table S2,"Fauci, Intercept, standard error",0.02589695862895779,0.026,1,0.02589695862895779,1,NA,Rewrite prints 0.026 against the article's 0.026.
baxter-king_etal_2025,appendix_table_s2_fauci_treatment_estimate,Appendix Table S2,"Fauci, Treatment, estimate",-0.03159711316474568,-0.032,1,-0.03159711316474568,1,NA,Rewrite prints -0.032 against the article's -0.032.
baxter-king_etal_2025,appendix_table_s2_fauci_treatment_standard_error,Appendix Table S2,"Fauci, Treatment, standard error",0.03524157458866506,0.035,1,0.03524157458866506,1,NA,Rewrite prints 0.035 against the article's 0.035.
baxter-king_etal_2025,appendix_table_s2_fauci_party_id_7_point_estimate,Appendix Table S2,"Fauci, Party ID (7-Point), estimate",-0.06095011808832455,-0.061,1,-0.06095011808832455,1,NA,Rewrite prints -0.061 against the article's -0.061.
baxter-king_etal_2025,appendix_table_s2_fauci_party_id_7_point_standard_error,Appendix Table S2,"Fauci, Party ID (7-Point), standard error",0.01241479208611257,0.012,1,0.01241479208611257,1,NA,Rewrite prints 0.012 against the article's 0.012.
baxter-king_etal_2025,appendix_table_s2_fauci_treatment_x_party_id_estimate,Appendix Table S2,"Fauci, Treatment x Party ID, estimate",0.01416172187519672,0.014,1,0.01416172187519672,1,NA,Rewrite prints 0.014 against the article's 0.014.
baxter-king_etal_2025,appendix_table_s2_fauci_treatment_x_party_id_standard_error,Appendix Table S2,"Fauci, Treatment x Party ID, standard error",0.01755391650035675,0.018,1,0.01755391650035675,1,NA,Rewrite prints 0.018 against the article's 0.018.
baxter-king_etal_2025,appendix_table_s2_trump_and_fauci_intercept_estimate,Appendix Table S2,"Trump and Fauci, Intercept, estimate",0.6398885766987922,0.640,1,0.6398885766987922,1,NA,Rewrite prints 0.640 against the article's 0.640.
baxter-king_etal_2025,appendix_table_s2_trump_and_fauci_intercept_standard_error,Appendix Table S2,"Trump and Fauci, Intercept, standard error",0.02459410886281208,0.025,1,0.02459410886281208,1,NA,Rewrite prints 0.025 against the article's 0.025.
baxter-king_etal_2025,appendix_table_s2_trump_and_fauci_treatment_estimate,Appendix Table S2,"Trump and Fauci, Treatment, estimate",-0.06411572391089401,-0.064,1,-0.06411572391089401,1,NA,Rewrite prints -0.064 against the article's -0.064.
baxter-king_etal_2025,appendix_table_s2_trump_and_fauci_treatment_standard_error,Appendix Table S2,"Trump and Fauci, Treatment, standard error",0.03550584628080183,0.036,1,0.03550584628080183,1,NA,Rewrite prints 0.036 against the article's 0.036.
baxter-king_etal_2025,appendix_table_s2_trump_and_fauci_party_id_7_point_estimate,Appendix Table S2,"Trump and Fauci, Party ID (7-Point), estimate",-0.06095011808832444,-0.061,1,-0.06095011808832444,1,NA,Rewrite prints -0.061 against the article's -0.061.
baxter-king_etal_2025,appendix_table_s2_trump_and_fauci_party_id_7_point_standard_error,Appendix Table S2,"Trump and Fauci, Party ID (7-Point), standard error",0.01241943575131001,0.012,1,0.01241943575131001,1,NA,Rewrite prints 0.012 against the article's 0.012.
baxter-king_etal_2025,appendix_table_s2_trump_and_fauci_treatment_x_party_id_estimate,Appendix Table S2,"Trump and Fauci, Treatment x Party ID, estimate",8.747659801551139e-4,0.001,1,8.747659801551139e-4,1,NA,Rewrite prints 0.001 against the article's 0.001.
baxter-king_etal_2025,appendix_table_s2_trump_and_fauci_treatment_x_party_id_standard_error,Appendix Table S2,"Trump and Fauci, Treatment x Party ID, standard error",0.01748077399226456,0.017,1,0.01748077399226456,1,NA,Rewrite prints 0.017 against the article's 0.017.
baxter-king_etal_2025,appendix_table_s2_obama_intercept_estimate,Appendix Table S2,"Obama, Intercept, estimate",0.6270481652677966,0.627,1,0.6270481652677966,1,NA,Rewrite prints 0.627 against the article's 0.627.
baxter-king_etal_2025,appendix_table_s2_obama_intercept_standard_error,Appendix Table S2,"Obama, Intercept, standard error",0.02562597283752423,0.026,1,0.02562597283752423,1,NA,Rewrite prints 0.026 against the article's 0.026.
baxter-king_etal_2025,appendix_table_s2_obama_treatment_estimate,Appendix Table S2,"Obama, Treatment, estimate",-0.10865337878007902,-0.109,1,-0.10865337878007902,1,NA,Rewrite prints -0.109 against the article's -0.109.
baxter-king_etal_2025,appendix_table_s2_obama_treatment_standard_error,Appendix Table S2,"Obama, Treatment, standard error",0.03514959843108144,0.035,1,0.03514959843108144,1,NA,Rewrite prints 0.035 against the article's 0.035.
baxter-king_etal_2025,appendix_table_s2_obama_party_id_7_point_estimate,Appendix Table S2,"Obama, Party ID (7-Point), estimate",-0.0609501180883245,-0.061,1,-0.0609501180883245,1,NA,Rewrite prints -0.061 against the article's -0.061.
baxter-king_etal_2025,appendix_table_s2_obama_party_id_7_point_standard_error,Appendix Table S2,"Obama, Party ID (7-Point), standard error",0.01241336829203947,0.012,1,0.01241336829203947,1,NA,Rewrite prints 0.012 against the article's 0.012.
baxter-king_etal_2025,appendix_table_s2_obama_treatment_x_party_id_estimate,Appendix Table S2,"Obama, Treatment x Party ID, estimate",6.164406013390638e-4,0.001,1,6.164406013390638e-4,1,NA,Rewrite prints 0.001 against the article's 0.001.
baxter-king_etal_2025,appendix_table_s2_obama_treatment_x_party_id_standard_error,Appendix Table S2,"Obama, Treatment x Party ID, standard error",0.01737857879049047,0.017,1,0.01737857879049047,1,NA,Rewrite prints 0.017 against the article's 0.017.
baxter-king_etal_2025,appendix_table_s2_biden_intercept_estimate,Appendix Table S2,"Biden, Intercept, estimate",0.6295950539520296,0.630,1,0.6295950539520296,1,NA,Rewrite prints 0.630 against the article's 0.630.
baxter-king_etal_2025,appendix_table_s2_biden_intercept_standard_error,Appendix Table S2,"Biden, Intercept, standard error",0.02561277145431696,0.026,1,0.02561277145431696,1,NA,Rewrite prints 0.026 against the article's 0.026.
baxter-king_etal_2025,appendix_table_s2_biden_treatment_estimate,Appendix Table S2,"Biden, Treatment, estimate",-0.09682095467939994,-0.097,1,-0.09682095467939994,1,NA,Rewrite prints -0.097 against the article's -0.097.
baxter-king_etal_2025,appendix_table_s2_biden_treatment_standard_error,Appendix Table S2,"Biden, Treatment, standard error",0.03616670811183355,0.036,1,0.03616670811183355,1,NA,Rewrite prints 0.036 against the article's 0.036.
baxter-king_etal_2025,appendix_table_s2_biden_party_id_7_point_estimate,Appendix Table S2,"Biden, Party ID (7-Point), estimate",-0.06095011808832452,-0.061,1,-0.06095011808832452,1,NA,Rewrite prints -0.061 against the article's -0.061.
baxter-king_etal_2025,appendix_table_s2_biden_party_id_7_point_standard_error,Appendix Table S2,"Biden, Party ID (7-Point), standard error",0.01241764581050798,0.012,1,0.01241764581050798,1,NA,Rewrite prints 0.012 against the article's 0.012.
baxter-king_etal_2025,appendix_table_s2_biden_treatment_x_party_id_estimate,Appendix Table S2,"Biden, Treatment x Party ID, estimate",-0.01851802024283575,-0.019,1,-0.01851802024283575,1,NA,Rewrite prints -0.019 against the article's -0.019.
baxter-king_etal_2025,appendix_table_s2_biden_treatment_x_party_id_standard_error,Appendix Table S2,"Biden, Treatment x Party ID, standard error",0.01762487110858354,0.018,1,0.01762487110858354,1,NA,Rewrite prints 0.018 against the article's 0.018.
baxter-king_etal_2025,appendix_table_s2_biden_and_fauci_intercept_estimate,Appendix Table S2,"Biden and Fauci, Intercept, estimate",0.6237631842197042,0.624,1,0.6237631842197042,1,NA,Rewrite prints 0.624 against the article's 0.624.
baxter-king_etal_2025,appendix_table_s2_biden_and_fauci_intercept_standard_error,Appendix Table S2,"Biden and Fauci, Intercept, standard error",0.02591172643768415,0.026,1,0.02591172643768415,1,NA,Rewrite prints 0.026 against the article's 0.026.
baxter-king_etal_2025,appendix_table_s2_biden_and_fauci_treatment_estimate,Appendix Table S2,"Biden and Fauci, Treatment, estimate",-0.05550017976144165,-0.056,1,-0.05550017976144165,1,NA,Rewrite prints -0.056 against the article's -0.056.
baxter-king_etal_2025,appendix_table_s2_biden_and_fauci_treatment_standard_error,Appendix Table S2,"Biden and Fauci, Treatment, standard error",0.03596127409941131,0.036,1,0.03596127409941131,1,NA,Rewrite prints 0.036 against the article's 0.036.
baxter-king_etal_2025,appendix_table_s2_biden_and_fauci_party_id_7_point_estimate,Appendix Table S2,"Biden and Fauci, Party ID (7-Point), estimate",-0.06095011808832453,-0.061,1,-0.06095011808832453,1,NA,Rewrite prints -0.061 against the article's -0.061.
baxter-king_etal_2025,appendix_table_s2_biden_and_fauci_party_id_7_point_standard_error,Appendix Table S2,"Biden and Fauci, Party ID (7-Point), standard error",0.01241729339646099,0.012,1,0.01241729339646099,1,NA,Rewrite prints 0.012 against the article's 0.012.
baxter-king_etal_2025,appendix_table_s2_biden_and_fauci_treatment_x_party_id_estimate,Appendix Table S2,"Biden and Fauci, Treatment x Party ID, estimate",-0.00580050870353998,-0.006,1,-0.00580050870353998,1,NA,Rewrite prints -0.006 against the article's -0.006.
baxter-king_etal_2025,appendix_table_s2_biden_and_fauci_treatment_x_party_id_standard_error,Appendix Table S2,"Biden and Fauci, Treatment x Party ID, standard error",0.01804891414775886,0.018,1,0.01804891414775886,1,NA,Rewrite prints 0.018 against the article's 0.018.
baxter-king_etal_2025,appendix_table_s2_jorge_ramos_intercept_estimate,Appendix Table S2,"Jorge Ramos, Intercept, estimate",0.6326677126067162,0.633,1,0.6326677126067162,1,NA,Rewrite prints 0.633 against the article's 0.633.
baxter-king_etal_2025,appendix_table_s2_jorge_ramos_intercept_standard_error,Appendix Table S2,"Jorge Ramos, Intercept, standard error",0.02538818427865141,0.025,1,0.02538818427865141,1,NA,Rewrite prints 0.025 against the article's 0.025.
baxter-king_etal_2025,appendix_table_s2_jorge_ramos_treatment_estimate,Appendix Table S2,"Jorge Ramos, Treatment, estimate",-0.05539747588791612,-0.055,1,-0.05539747588791612,1,NA,Rewrite prints -0.055 against the article's -0.055.
baxter-king_etal_2025,appendix_table_s2_jorge_ramos_treatment_standard_error,Appendix Table S2,"Jorge Ramos, Treatment, standard error",0.03558721230035326,0.036,1,0.03558721230035326,1,NA,Rewrite prints 0.036 against the article's 0.036.
baxter-king_etal_2025,appendix_table_s2_jorge_ramos_party_id_7_point_estimate,Appendix Table S2,"Jorge Ramos, Party ID (7-Point), estimate",-0.06095011808832455,-0.061,1,-0.06095011808832455,1,NA,Rewrite prints -0.061 against the article's -0.061.
baxter-king_etal_2025,appendix_table_s2_jorge_ramos_party_id_7_point_standard_error,Appendix Table S2,"Jorge Ramos, Party ID (7-Point), standard error",0.01241564410430057,0.012,1,0.01241564410430057,1,NA,Rewrite prints 0.012 against the article's 0.012.
baxter-king_etal_2025,appendix_table_s2_jorge_ramos_treatment_x_party_id_estimate,Appendix Table S2,"Jorge Ramos, Treatment x Party ID, estimate",-0.01208567342431441,-0.012,1,-0.01208567342431441,1,NA,Rewrite prints -0.012 against the article's -0.012.
baxter-king_etal_2025,appendix_table_s2_jorge_ramos_treatment_x_party_id_standard_error,Appendix Table S2,"Jorge Ramos, Treatment x Party ID, standard error",0.01775766905520578,0.018,1,0.01775766905520578,1,NA,Rewrite prints 0.018 against the article's 0.018.
baxter-king_etal_2025,appendix_table_s2_lebron_james_intercept_estimate,Appendix Table S2,"Lebron James, Intercept, estimate",0.6233003365372436,0.623,1,0.6233003365372436,1,NA,Rewrite prints 0.623 against the article's 0.623.
baxter-king_etal_2025,appendix_table_s2_lebron_james_intercept_standard_error,Appendix Table S2,"Lebron James, Intercept, standard error",0.02633783024048398,0.026,1,0.02633783024048398,1,NA,Rewrite prints 0.026 against the article's 0.026.
baxter-king_etal_2025,appendix_table_s2_lebron_james_treatment_estimate,Appendix Table S2,"Lebron James, Treatment, estimate",-0.03020592827536019,-0.030,1,-0.03020592827536019,1,NA,Rewrite prints -0.030 against the article's -0.030.
baxter-king_etal_2025,appendix_table_s2_lebron_james_treatment_standard_error,Appendix Table S2,"Lebron James, Treatment, standard error",0.03527886151077401,0.035,1,0.03527886151077401,1,NA,Rewrite prints 0.035 against the article's 0.035.
baxter-king_etal_2025,appendix_table_s2_lebron_james_party_id_7_point_estimate,Appendix Table S2,"Lebron James, Party ID (7-Point), estimate",-0.06095011808832454,-0.061,1,-0.06095011808832454,1,NA,Rewrite prints -0.061 against the article's -0.061.
baxter-king_etal_2025,appendix_table_s2_lebron_james_party_id_7_point_standard_error,Appendix Table S2,"Lebron James, Party ID (7-Point), standard error",0.0124116510419501,0.012,1,0.0124116510419501,1,NA,Rewrite prints 0.012 against the article's 0.012.
baxter-king_etal_2025,appendix_table_s2_lebron_james_treatment_x_party_id_estimate,Appendix Table S2,"Lebron James, Treatment x Party ID, estimate",0.00624866900725904,0.006,1,0.00624866900725904,1,NA,Rewrite prints 0.006 against the article's 0.006.
baxter-king_etal_2025,appendix_table_s2_lebron_james_treatment_x_party_id_standard_error,Appendix Table S2,"Lebron James, Treatment x Party ID, standard error",0.01650130286421137,0.017,1,0.01650130286421137,1,NA,Rewrite prints 0.017 against the article's 0.017.
baxter-king_etal_2025,appendix_table_s2_trump_num_obs,Appendix Table S2,"Trump, Num.Obs.",1604,1604,1,1604,1,NA,Rewrite prints 1604 against the article's 1604.
baxter-king_etal_2025,appendix_table_s2_trump_r2,Appendix Table S2,"Trump, R2",0.16465062876823744,0.165,1,0.16465062876823744,1,NA,Rewrite prints 0.165 against the article's 0.165.
baxter-king_etal_2025,appendix_table_s2_fauci_num_obs,Appendix Table S2,"Fauci, Num.Obs.",1596,1596,1,1596,1,NA,Rewrite prints 1596 against the article's 1596.
baxter-king_etal_2025,appendix_table_s2_fauci_r2,Appendix Table S2,"Fauci, R2",0.22982095600808472,0.230,1,0.22982095600808472,1,NA,Rewrite prints 0.230 against the article's 0.230.
baxter-king_etal_2025,appendix_table_s2_trump_and_fauci_num_obs,Appendix Table S2,"Trump and Fauci, Num.Obs.",1543,1543,1,1543,1,NA,Rewrite prints 1543 against the article's 1543.
baxter-king_etal_2025,appendix_table_s2_trump_and_fauci_r2,Appendix Table S2,"Trump and Fauci, R2",0.22763656146957945,0.228,1,0.22763656146957945,1,NA,Rewrite prints 0.228 against the article's 0.228.
baxter-king_etal_2025,appendix_table_s2_obama_num_obs,Appendix Table S2,"Obama, Num.Obs.",1613,1613,1,1613,1,NA,Rewrite prints 1613 against the article's 1613.
baxter-king_etal_2025,appendix_table_s2_obama_r2,Appendix Table S2,"Obama, R2",0.24431161235000787,0.244,1,0.24431161235000787,1,NA,Rewrite prints 0.244 against the article's 0.244.
baxter-king_etal_2025,appendix_table_s2_biden_num_obs,Appendix Table S2,"Biden, Num.Obs.",1563,1563,1,1563,1,NA,Rewrite prints 1563 against the article's 1563.
baxter-king_etal_2025,appendix_table_s2_biden_r2,Appendix Table S2,"Biden, R2",0.2325825466500231,0.233,1,0.2325825466500231,1,NA,Rewrite prints 0.233 against the article's 0.233.
baxter-king_etal_2025,appendix_table_s2_biden_and_fauci_num_obs,Appendix Table S2,"Biden and Fauci, Num.Obs.",1567,1567,1,1567,1,NA,Rewrite prints 1567 against the article's 1567.
baxter-king_etal_2025,appendix_table_s2_biden_and_fauci_r2,Appendix Table S2,"Biden and Fauci, R2",0.22872680574162607,0.229,1,0.22872680574162607,1,NA,Rewrite prints 0.229 against the article's 0.229.
baxter-king_etal_2025,appendix_table_s2_jorge_ramos_num_obs,Appendix Table S2,"Jorge Ramos, Num.Obs.",1586,1586,1,1586,1,NA,Rewrite prints 1586 against the article's 1586.
baxter-king_etal_2025,appendix_table_s2_jorge_ramos_r2,Appendix Table S2,"Jorge Ramos, R2",0.26267320340495925,0.263,1,0.26267320340495925,1,NA,Rewrite prints 0.263 against the article's 0.263.
baxter-king_etal_2025,appendix_table_s2_lebron_james_num_obs,Appendix Table S2,"Lebron James, Num.Obs.",1634,1634,1,1634,1,NA,Rewrite prints 1634 against the article's 1634.
baxter-king_etal_2025,appendix_table_s2_lebron_james_r2,Appendix Table S2,"Lebron James, R2",0.2430344642628565,0.243,1,0.2430344642628565,1,NA,Rewrite prints 0.243 against the article's 0.243.
baxter-king_etal_2025,appendix_table_s3_concert_f_intercept_estimate,Appendix Table S3,"Concert (F), Intercept, estimate",0.20415277192885037,0.204,1,0.20415277192885037,1,NA,Rewrite prints 0.204 against the article's 0.204.
baxter-king_etal_2025,appendix_table_s3_concert_f_intercept_standard_error,Appendix Table S3,"Concert (F), Intercept, standard error",0.02274870265303704,0.023,1,0.02274870265303704,1,NA,Rewrite prints 0.023 against the article's 0.023.
baxter-king_etal_2025,appendix_table_s3_concert_f_treatment_estimate,Appendix Table S3,"Concert (F), Treatment, estimate",0.00612543810112716,0.006,1,0.00612543810112716,1,NA,Rewrite prints 0.006 against the article's 0.006.
baxter-king_etal_2025,appendix_table_s3_concert_f_treatment_standard_error,Appendix Table S3,"Concert (F), Treatment, standard error",0.03047197089583533,0.030,1,0.03047197089583533,1,NA,Rewrite prints 0.030 against the article's 0.030.
baxter-king_etal_2025,appendix_table_s3_concert_f_party_id_7_point_estimate,Appendix Table S3,"Concert (F), Party ID (7-Point), estimate",-0.05210493371928526,-0.052,1,-0.05210493371928526,1,NA,Rewrite prints -0.052 against the article's -0.052.
baxter-king_etal_2025,appendix_table_s3_concert_f_party_id_7_point_standard_error,Appendix Table S3,"Concert (F), Party ID (7-Point), standard error",0.01493790551456207,0.015,1,0.01493790551456207,1,NA,Rewrite prints 0.015 against the article's 0.015.
baxter-king_etal_2025,appendix_table_s3_concert_f_treatment_x_party_id_estimate,Appendix Table S3,"Concert (F), Treatment x Party ID, estimate",0.00794921213131021,0.008,1,0.00794921213131021,1,NA,Rewrite prints 0.008 against the article's 0.008.
baxter-king_etal_2025,appendix_table_s3_concert_f_treatment_x_party_id_standard_error,Appendix Table S3,"Concert (F), Treatment x Party ID, standard error",0.01938178247352696,0.019,1,0.01938178247352696,1,NA,Rewrite prints 0.019 against the article's 0.019.
baxter-king_etal_2025,appendix_table_s3_restaurant_f_intercept_estimate,Appendix Table S3,"Restaurant (F), Intercept, estimate",0.16526480878184183,0.165,1,0.16526480878184183,1,NA,Rewrite prints 0.165 against the article's 0.165.
baxter-king_etal_2025,appendix_table_s3_restaurant_f_intercept_standard_error,Appendix Table S3,"Restaurant (F), Intercept, standard error",0.02217146990571539,0.022,1,0.02217146990571539,1,NA,Rewrite prints 0.022 against the article's 0.022.
baxter-king_etal_2025,appendix_table_s3_restaurant_f_treatment_estimate,Appendix Table S3,"Restaurant (F), Treatment, estimate",0.05625922134320256,0.056,1,0.05625922134320256,1,NA,Rewrite prints 0.056 against the article's 0.056.
baxter-king_etal_2025,appendix_table_s3_restaurant_f_treatment_standard_error,Appendix Table S3,"Restaurant (F), Treatment, standard error",0.03204336703626683,0.032,1,0.03204336703626683,1,NA,Rewrite prints 0.032 against the article's 0.032.
baxter-king_etal_2025,appendix_table_s3_restaurant_f_party_id_7_point_estimate,Appendix Table S3,"Restaurant (F), Party ID (7-Point), estimate",-0.01979893376152732,-0.020,1,-0.01979893376152732,1,NA,Rewrite prints -0.020 against the article's -0.020.
baxter-king_etal_2025,appendix_table_s3_restaurant_f_party_id_7_point_standard_error,Appendix Table S3,"Restaurant (F), Party ID (7-Point), standard error",0.01331669766126322,0.013,1,0.01331669766126322,1,NA,Rewrite prints 0.013 against the article's 0.013.
baxter-king_etal_2025,appendix_table_s3_restaurant_f_treatment_x_party_id_estimate,Appendix Table S3,"Restaurant (F), Treatment x Party ID, estimate",-0.02161138427316443,-0.022,1,-0.02161138427316443,1,NA,Rewrite prints -0.022 against the article's -0.022.
baxter-king_etal_2025,appendix_table_s3_restaurant_f_treatment_x_party_id_standard_error,Appendix Table S3,"Restaurant (F), Treatment x Party ID, standard error",0.01935676242252956,0.019,1,0.01935676242252956,1,NA,Rewrite prints 0.019 against the article's 0.019.
baxter-king_etal_2025,appendix_table_s3_team_f_intercept_estimate,Appendix Table S3,"Team (F), Intercept, estimate",0.20122208932654376,0.201,1,0.20122208932654376,1,NA,Rewrite prints 0.201 against the article's 0.201.
baxter-king_etal_2025,appendix_table_s3_team_f_intercept_standard_error,Appendix Table S3,"Team (F), Intercept, standard error",0.02226931316789692,0.022,1,0.02226931316789692,1,NA,Rewrite prints 0.022 against the article's 0.022.
baxter-king_etal_2025,appendix_table_s3_team_f_treatment_estimate,Appendix Table S3,"Team (F), Treatment, estimate",0.05941664145861942,0.059,1,0.05941664145861942,1,NA,Rewrite prints 0.059 against the article's 0.059.
baxter-king_etal_2025,appendix_table_s3_team_f_treatment_standard_error,Appendix Table S3,"Team (F), Treatment, standard error",0.03241547540429899,0.032,1,0.03241547540429899,1,NA,Rewrite prints 0.032 against the article's 0.032.
baxter-king_etal_2025,appendix_table_s3_team_f_party_id_7_point_estimate,Appendix Table S3,"Team (F), Party ID (7-Point), estimate",-0.0360262450845502,-0.036,1,-0.0360262450845502,1,NA,Rewrite prints -0.036 against the article's -0.036.
baxter-king_etal_2025,appendix_table_s3_team_f_party_id_7_point_standard_error,Appendix Table S3,"Team (F), Party ID (7-Point), standard error",0.01116241644728355,0.011,1,0.01116241644728355,1,NA,Rewrite prints 0.011 against the article's 0.011.
baxter-king_etal_2025,appendix_table_s3_team_f_treatment_x_party_id_estimate,Appendix Table S3,"Team (F), Treatment x Party ID, estimate",-0.0418703627329544,-0.042,1,-0.0418703627329544,1,NA,Rewrite prints -0.042 against the article's -0.042.
baxter-king_etal_2025,appendix_table_s3_team_f_treatment_x_party_id_standard_error,Appendix Table S3,"Team (F), Treatment x Party ID, standard error",0.01679819721451426,0.017,1,0.01679819721451426,1,NA,Rewrite prints 0.017 against the article's 0.017.
baxter-king_etal_2025,appendix_table_s3_trip_f_intercept_estimate,Appendix Table S3,"Trip (F), Intercept, estimate",0.2376839922204762,0.238,1,0.2376839922204762,1,NA,Rewrite prints 0.238 against the article's 0.238.
baxter-king_etal_2025,appendix_table_s3_trip_f_intercept_standard_error,Appendix Table S3,"Trip (F), Intercept, standard error",0.02574222601744203,0.026,1,0.02574222601744203,1,NA,Rewrite prints 0.026 against the article's 0.026.
baxter-king_etal_2025,appendix_table_s3_trip_f_treatment_estimate,Appendix Table S3,"Trip (F), Treatment, estimate",0.0740751157430979,0.074,1,0.0740751157430979,1,NA,Rewrite prints 0.074 against the article's 0.074.
baxter-king_etal_2025,appendix_table_s3_trip_f_treatment_standard_error,Appendix Table S3,"Trip (F), Treatment, standard error",0.03561303872257321,0.036,1,0.03561303872257321,1,NA,Rewrite prints 0.036 against the article's 0.036.
baxter-king_etal_2025,appendix_table_s3_trip_f_party_id_7_point_estimate,Appendix Table S3,"Trip (F), Party ID (7-Point), estimate",-0.01812805305604644,-0.018,1,-0.01812805305604644,1,NA,Rewrite prints -0.018 against the article's -0.018.
baxter-king_etal_2025,appendix_table_s3_trip_f_party_id_7_point_standard_error,Appendix Table S3,"Trip (F), Party ID (7-Point), standard error",0.01530865630107087,0.015,1,0.01530865630107087,1,NA,Rewrite prints 0.015 against the article's 0.015.
baxter-king_etal_2025,appendix_table_s3_trip_f_treatment_x_party_id_estimate,Appendix Table S3,"Trip (F), Treatment x Party ID, estimate",-0.00685830254846282,-0.007,1,-0.00685830254846282,1,NA,Rewrite prints -0.007 against the article's -0.007.
baxter-king_etal_2025,appendix_table_s3_trip_f_treatment_x_party_id_standard_error,Appendix Table S3,"Trip (F), Treatment x Party ID, standard error",0.02105735202285618,0.021,1,0.02105735202285618,1,NA,Rewrite prints 0.021 against the article's 0.021.
baxter-king_etal_2025,appendix_table_s3_concert_s_intercept_estimate,Appendix Table S3,"Concert (S), Intercept, estimate",0.1719710269037824,0.172,1,0.1719710269037824,1,NA,Rewrite prints 0.172 against the article's 0.172.
baxter-king_etal_2025,appendix_table_s3_concert_s_intercept_standard_error,Appendix Table S3,"Concert (S), Intercept, standard error",0.01957304816070632,0.020,1,0.01957304816070632,1,NA,Rewrite prints 0.020 against the article's 0.020.
baxter-king_etal_2025,appendix_table_s3_concert_s_treatment_estimate,Appendix Table S3,"Concert (S), Treatment, estimate",-0.00663737975567702,-0.007,1,-0.00663737975567702,1,NA,Rewrite prints -0.007 against the article's -0.007.
baxter-king_etal_2025,appendix_table_s3_concert_s_treatment_standard_error,Appendix Table S3,"Concert (S), Treatment, standard error",0.02654962625777017,0.027,1,0.02654962625777017,1,NA,Rewrite prints 0.027 against the article's 0.027.
baxter-king_etal_2025,appendix_table_s3_concert_s_party_id_7_point_estimate,Appendix Table S3,"Concert (S), Party ID (7-Point), estimate",-0.0518818183711544,-0.052,1,-0.0518818183711544,1,NA,Rewrite prints -0.052 against the article's -0.052.
baxter-king_etal_2025,appendix_table_s3_concert_s_party_id_7_point_standard_error,Appendix Table S3,"Concert (S), Party ID (7-Point), standard error",0.01197468498874623,0.012,1,0.01197468498874623,1,NA,Rewrite prints 0.012 against the article's 0.012.
baxter-king_etal_2025,appendix_table_s3_concert_s_treatment_x_party_id_estimate,Appendix Table S3,"Concert (S), Treatment x Party ID, estimate",0.01416200716621808,0.014,1,0.01416200716621808,1,NA,Rewrite prints 0.014 against the article's 0.014.
baxter-king_etal_2025,appendix_table_s3_concert_s_treatment_x_party_id_standard_error,Appendix Table S3,"Concert (S), Treatment x Party ID, standard error",0.01516847379206509,0.015,1,0.01516847379206509,1,NA,Rewrite prints 0.015 against the article's 0.015.
baxter-king_etal_2025,appendix_table_s3_restaurant_s_intercept_estimate,Appendix Table S3,"Restaurant (S), Intercept, estimate",0.1415122883057711,0.142,1,0.1415122883057711,1,NA,Rewrite prints 0.142 against the article's 0.142.
baxter-king_etal_2025,appendix_table_s3_restaurant_s_intercept_standard_error,Appendix Table S3,"Restaurant (S), Intercept, standard error",0.01887224595121044,0.019,1,0.01887224595121044,1,NA,Rewrite prints 0.019 against the article's 0.019.
baxter-king_etal_2025,appendix_table_s3_restaurant_s_treatment_estimate,Appendix Table S3,"Restaurant (S), Treatment, estimate",0.07131159312679666,0.071,1,0.07131159312679666,1,NA,Rewrite prints 0.071 against the article's 0.071.
baxter-king_etal_2025,appendix_table_s3_restaurant_s_treatment_standard_error,Appendix Table S3,"Restaurant (S), Treatment, standard error",0.03009891323753888,0.030,1,0.03009891323753888,1,NA,Rewrite prints 0.030 against the article's 0.030.
baxter-king_etal_2025,appendix_table_s3_restaurant_s_party_id_7_point_estimate,Appendix Table S3,"Restaurant (S), Party ID (7-Point), estimate",-0.046075045305823,-0.046,1,-0.046075045305823,1,NA,Rewrite prints -0.046 against the article's -0.046.
baxter-king_etal_2025,appendix_table_s3_restaurant_s_party_id_7_point_standard_error,Appendix Table S3,"Restaurant (S), Party ID (7-Point), standard error",0.01345818326378253,0.013,1,0.01345818326378253,1,NA,Rewrite prints 0.013 against the article's 0.013.
baxter-king_etal_2025,appendix_table_s3_restaurant_s_treatment_x_party_id_estimate,Appendix Table S3,"Restaurant (S), Treatment x Party ID, estimate",0.03902222993395375,0.039,1,0.03902222993395375,1,NA,Rewrite prints 0.039 against the article's 0.039.
baxter-king_etal_2025,appendix_table_s3_restaurant_s_treatment_x_party_id_standard_error,Appendix Table S3,"Restaurant (S), Treatment x Party ID, standard error",0.0187968623792,0.019,1,0.0187968623792,1,NA,Rewrite prints 0.019 against the article's 0.019.
baxter-king_etal_2025,appendix_table_s3_team_s_intercept_estimate,Appendix Table S3,"Team (S), Intercept, estimate",0.16032847467759026,0.160,1,0.16032847467759026,1,NA,Rewrite prints 0.160 against the article's 0.160.
baxter-king_etal_2025,appendix_table_s3_team_s_intercept_standard_error,Appendix Table S3,"Team (S), Intercept, standard error",0.01773387401496159,0.018,1,0.01773387401496159,1,NA,Rewrite prints 0.018 against the article's 0.018.
baxter-king_etal_2025,appendix_table_s3_team_s_treatment_estimate,Appendix Table S3,"Team (S), Treatment, estimate",0.04007222666844453,0.040,1,0.04007222666844453,1,NA,Rewrite prints 0.040 against the article's 0.040.
baxter-king_etal_2025,appendix_table_s3_team_s_treatment_standard_error,Appendix Table S3,"Team (S), Treatment, standard error",0.02708558909668605,0.027,1,0.02708558909668605,1,NA,Rewrite prints 0.027 against the article's 0.027.
baxter-king_etal_2025,appendix_table_s3_team_s_party_id_7_point_estimate,Appendix Table S3,"Team (S), Party ID (7-Point), estimate",-0.03839425296016064,-0.038,1,-0.03839425296016064,1,NA,Rewrite prints -0.038 against the article's -0.038.
baxter-king_etal_2025,appendix_table_s3_team_s_party_id_7_point_standard_error,Appendix Table S3,"Team (S), Party ID (7-Point), standard error",0.01031402138190056,0.010,1,0.01031402138190056,1,NA,Rewrite prints 0.010 against the article's 0.010.
baxter-king_etal_2025,appendix_table_s3_team_s_treatment_x_party_id_estimate,Appendix Table S3,"Team (S), Treatment x Party ID, estimate",-0.00799512952076124,-0.008,1,-0.00799512952076124,1,NA,Rewrite prints -0.008 against the article's -0.008.
baxter-king_etal_2025,appendix_table_s3_team_s_treatment_x_party_id_standard_error,Appendix Table S3,"Team (S), Treatment x Party ID, standard error",0.01601068794195595,0.016,1,0.01601068794195595,1,NA,Rewrite prints 0.016 against the article's 0.016.
baxter-king_etal_2025,appendix_table_s3_trip_s_intercept_estimate,Appendix Table S3,"Trip (S), Intercept, estimate",0.2211857154082542,0.221,1,0.2211857154082542,1,NA,Rewrite prints 0.221 against the article's 0.221.
baxter-king_etal_2025,appendix_table_s3_trip_s_intercept_standard_error,Appendix Table S3,"Trip (S), Intercept, standard error",0.02285957405217398,0.023,1,0.02285957405217398,1,NA,Rewrite prints 0.023 against the article's 0.023.
baxter-king_etal_2025,appendix_table_s3_trip_s_treatment_estimate,Appendix Table S3,"Trip (S), Treatment, estimate",0.05802177840950898,0.058,1,0.05802177840950898,1,NA,Rewrite prints 0.058 against the article's 0.058.
baxter-king_etal_2025,appendix_table_s3_trip_s_treatment_standard_error,Appendix Table S3,"Trip (S), Treatment, standard error",0.03406009891098475,0.034,1,0.03406009891098475,1,NA,Rewrite prints 0.034 against the article's 0.034.
baxter-king_etal_2025,appendix_table_s3_trip_s_party_id_7_point_estimate,Appendix Table S3,"Trip (S), Party ID (7-Point), estimate",-0.0348513782257665,-0.035,1,-0.0348513782257665,1,NA,Rewrite prints -0.035 against the article's -0.035.
baxter-king_etal_2025,appendix_table_s3_trip_s_party_id_7_point_standard_error,Appendix Table S3,"Trip (S), Party ID (7-Point), standard error",0.01326002056026146,0.013,1,0.01326002056026146,1,NA,Rewrite prints 0.013 against the article's 0.013.
baxter-king_etal_2025,appendix_table_s3_trip_s_treatment_x_party_id_estimate,Appendix Table S3,"Trip (S), Treatment x Party ID, estimate",-0.00973731353983223,-0.010,1,-0.00973731353983223,1,NA,Rewrite prints -0.010 against the article's -0.010.
baxter-king_etal_2025,appendix_table_s3_trip_s_treatment_x_party_id_standard_error,Appendix Table S3,"Trip (S), Treatment x Party ID, standard error",0.02015390136008948,0.020,1,0.02015390136008948,1,NA,Rewrite prints 0.020 against the article's 0.020.
baxter-king_etal_2025,appendix_table_s3_concert_f_num_obs,Appendix Table S3,"Concert (F), Num.Obs.",NA,1270,NA,1270,1,NA,"The deposit saves this model as a tidy table of coefficients, so it records no sample size or R-squared. Rewrite prints 1270 against the article's 1270."
baxter-king_etal_2025,appendix_table_s3_concert_f_r2,Appendix Table S3,"Concert (F), R2",NA,0.244,NA,0.24377979285546392,1,NA,"The deposit saves this model as a tidy table of coefficients, so it records no sample size or R-squared. Rewrite prints 0.244 against the article's 0.244."
baxter-king_etal_2025,appendix_table_s3_restaurant_f_num_obs,Appendix Table S3,"Restaurant (F), Num.Obs.",NA,1322,NA,1322,1,NA,"The deposit saves this model as a tidy table of coefficients, so it records no sample size or R-squared. Rewrite prints 1322 against the article's 1322."
baxter-king_etal_2025,appendix_table_s3_restaurant_f_r2,Appendix Table S3,"Restaurant (F), R2",NA,0.173,NA,0.17343228780114728,1,NA,"The deposit saves this model as a tidy table of coefficients, so it records no sample size or R-squared. Rewrite prints 0.173 against the article's 0.173."
baxter-king_etal_2025,appendix_table_s3_team_f_num_obs,Appendix Table S3,"Team (F), Num.Obs.",NA,1234,NA,1234,1,NA,"The deposit saves this model as a tidy table of coefficients, so it records no sample size or R-squared. Rewrite prints 1234 against the article's 1234."
baxter-king_etal_2025,appendix_table_s3_team_f_r2,Appendix Table S3,"Team (F), R2",NA,0.199,NA,0.1991319529040504,1,NA,"The deposit saves this model as a tidy table of coefficients, so it records no sample size or R-squared. Rewrite prints 0.199 against the article's 0.199."
baxter-king_etal_2025,appendix_table_s3_trip_f_num_obs,Appendix Table S3,"Trip (F), Num.Obs.",NA,1316,NA,1316,1,NA,"The deposit saves this model as a tidy table of coefficients, so it records no sample size or R-squared. Rewrite prints 1316 against the article's 1316."
baxter-king_etal_2025,appendix_table_s3_trip_f_r2,Appendix Table S3,"Trip (F), R2",NA,0.172,NA,0.1724740236155653,1,NA,"The deposit saves this model as a tidy table of coefficients, so it records no sample size or R-squared. Rewrite prints 0.172 against the article's 0.172."
baxter-king_etal_2025,appendix_table_s3_concert_s_num_obs,Appendix Table S3,"Concert (S), Num.Obs.",NA,1283,NA,1283,1,NA,"The deposit saves this model as a tidy table of coefficients, so it records no sample size or R-squared. Rewrite prints 1283 against the article's 1283."
baxter-king_etal_2025,appendix_table_s3_concert_s_r2,Appendix Table S3,"Concert (S), R2",NA,0.229,NA,0.22921155825595207,1,NA,"The deposit saves this model as a tidy table of coefficients, so it records no sample size or R-squared. Rewrite prints 0.229 against the article's 0.229."
baxter-king_etal_2025,appendix_table_s3_restaurant_s_num_obs,Appendix Table S3,"Restaurant (S), Num.Obs.",NA,1362,NA,1362,1,NA,"The deposit saves this model as a tidy table of coefficients, so it records no sample size or R-squared. Rewrite prints 1362 against the article's 1362."
baxter-king_etal_2025,appendix_table_s3_restaurant_s_r2,Appendix Table S3,"Restaurant (S), R2",NA,0.194,NA,0.19433859403147424,1,NA,"The deposit saves this model as a tidy table of coefficients, so it records no sample size or R-squared. Rewrite prints 0.194 against the article's 0.194."
baxter-king_etal_2025,appendix_table_s3_team_s_num_obs,Appendix Table S3,"Team (S), Num.Obs.",NA,1224,NA,1224,1,NA,"The deposit saves this model as a tidy table of coefficients, so it records no sample size or R-squared. Rewrite prints 1224 against the article's 1224."
baxter-king_etal_2025,appendix_table_s3_team_s_r2,Appendix Table S3,"Team (S), R2",NA,0.213,NA,0.21343182217927548,1,NA,"The deposit saves this model as a tidy table of coefficients, so it records no sample size or R-squared. Rewrite prints 0.213 against the article's 0.213."
baxter-king_etal_2025,appendix_table_s3_trip_s_num_obs,Appendix Table S3,"Trip (S), Num.Obs.",NA,1264,NA,1264,1,NA,"The deposit saves this model as a tidy table of coefficients, so it records no sample size or R-squared. Rewrite prints 1264 against the article's 1264."
baxter-king_etal_2025,appendix_table_s3_trip_s_r2,Appendix Table S3,"Trip (S), R2",NA,0.151,NA,0.150767018137291,1,NA,"The deposit saves this model as a tidy table of coefficients, so it records no sample size or R-squared. Rewrite prints 0.151 against the article's 0.151."
baxter-king_etal_2025,appendix_table_s4_concert_intercept_estimate,Appendix Table S4,"Concert, Intercept, estimate",0.18800613657743095,0.188,1,0.18800613657743095,1,NA,Rewrite prints 0.188 against the article's 0.188.
baxter-king_etal_2025,appendix_table_s4_concert_intercept_standard_error,Appendix Table S4,"Concert, Intercept, standard error",0.01516825003761113,0.015,1,0.01516825003761113,1,NA,Rewrite prints 0.015 against the article's 0.015.
baxter-king_etal_2025,appendix_table_s4_concert_treatment_estimate,Appendix Table S4,"Concert, Treatment, estimate",0.0012626082018759,0.001,1,0.0012626082018759,1,NA,Rewrite prints 0.001 against the article's 0.001.
baxter-king_etal_2025,appendix_table_s4_concert_treatment_standard_error,Appendix Table S4,"Concert, Treatment, standard error",0.02055352203019333,0.021,1,0.02055352203019333,1,NA,Rewrite prints 0.021 against the article's 0.021.
baxter-king_etal_2025,appendix_table_s4_concert_party_id_7_point_estimate,Appendix Table S4,"Concert, Party ID (7-Point), estimate",-0.05344775051802868,-0.053,1,-0.05344775051802868,1,NA,Rewrite prints -0.053 against the article's -0.053.
baxter-king_etal_2025,appendix_table_s4_concert_party_id_7_point_standard_error,Appendix Table S4,"Concert, Party ID (7-Point), standard error",0.00953753792232216,0.010,1,0.00953753792232216,1,NA,Rewrite prints 0.010 against the article's 0.010.
baxter-king_etal_2025,appendix_table_s4_concert_treatment_x_party_id_estimate,Appendix Table S4,"Concert, Treatment x Party ID, estimate",0.0132598210720403,0.013,1,0.0132598210720403,1,NA,Rewrite prints 0.013 against the article's 0.013.
baxter-king_etal_2025,appendix_table_s4_concert_treatment_x_party_id_standard_error,Appendix Table S4,"Concert, Treatment x Party ID, standard error",0.0124360640790604,0.012,1,0.0124360640790604,1,NA,Rewrite prints 0.012 against the article's 0.012.
baxter-king_etal_2025,appendix_table_s4_restaurant_intercept_estimate,Appendix Table S4,"Restaurant, Intercept, estimate",0.1542206844248348,0.154,1,0.1542206844248348,1,NA,Rewrite prints 0.154 against the article's 0.154.
baxter-king_etal_2025,appendix_table_s4_restaurant_intercept_standard_error,Appendix Table S4,"Restaurant, Intercept, standard error",0.01469035829582319,0.015,1,0.01469035829582319,1,NA,Rewrite prints 0.015 against the article's 0.015.
baxter-king_etal_2025,appendix_table_s4_restaurant_treatment_estimate,Appendix Table S4,"Restaurant, Treatment, estimate",0.06042849257456018,0.060,1,0.06042849257456018,1,NA,Rewrite prints 0.060 against the article's 0.060.
baxter-king_etal_2025,appendix_table_s4_restaurant_treatment_standard_error,Appendix Table S4,"Restaurant, Treatment, standard error",0.02233357143953863,0.022,1,0.02233357143953863,1,NA,Rewrite prints 0.022 against the article's 0.022.
baxter-king_etal_2025,appendix_table_s4_restaurant_party_id_7_point_estimate,Appendix Table S4,"Restaurant, Party ID (7-Point), estimate",-0.03327883059545007,-0.033,1,-0.03327883059545007,1,NA,Rewrite prints -0.033 against the article's -0.033.
baxter-king_etal_2025,appendix_table_s4_restaurant_party_id_7_point_standard_error,Appendix Table S4,"Restaurant, Party ID (7-Point), standard error",0.00972908919808383,0.010,1,0.00972908919808383,1,NA,Rewrite prints 0.010 against the article's 0.010.
baxter-king_etal_2025,appendix_table_s4_restaurant_treatment_x_party_id_estimate,Appendix Table S4,"Restaurant, Treatment x Party ID, estimate",0.00594526314888341,0.006,1,0.00594526314888341,1,NA,Rewrite prints 0.006 against the article's 0.006.
baxter-king_etal_2025,appendix_table_s4_restaurant_treatment_x_party_id_standard_error,Appendix Table S4,"Restaurant, Treatment x Party ID, standard error",0.01403395480407258,0.014,1,0.01403395480407258,1,NA,Rewrite prints 0.014 against the article's 0.014.
baxter-king_etal_2025,appendix_table_s4_team_intercept_estimate,Appendix Table S4,"Team, Intercept, estimate",0.17944850528806536,0.179,1,0.17944850528806536,1,NA,Rewrite prints 0.179 against the article's 0.179.
baxter-king_etal_2025,appendix_table_s4_team_intercept_standard_error,Appendix Table S4,"Team, Intercept, standard error",0.01475369060428961,0.015,1,0.01475369060428961,1,NA,Rewrite prints 0.015 against the article's 0.015.
baxter-king_etal_2025,appendix_table_s4_team_treatment_estimate,Appendix Table S4,"Team, Treatment, estimate",0.05449123063341023,0.054,1,0.05449123063341023,1,NA,Rewrite prints 0.054 against the article's 0.054.
baxter-king_etal_2025,appendix_table_s4_team_treatment_standard_error,Appendix Table S4,"Team, Treatment, standard error",0.02179726079360248,0.022,1,0.02179726079360248,1,NA,Rewrite prints 0.022 against the article's 0.022.
baxter-king_etal_2025,appendix_table_s4_team_party_id_7_point_estimate,Appendix Table S4,"Team, Party ID (7-Point), estimate",-0.03198920311262088,-0.032,1,-0.03198920311262088,1,NA,Rewrite prints -0.032 against the article's -0.032.
baxter-king_etal_2025,appendix_table_s4_team_party_id_7_point_standard_error,Appendix Table S4,"Team, Party ID (7-Point), standard error",0.00807063989463998,0.008,1,0.00807063989463998,1,NA,Rewrite prints 0.008 against the article's 0.008.
baxter-king_etal_2025,appendix_table_s4_team_treatment_x_party_id_estimate,Appendix Table S4,"Team, Treatment x Party ID, estimate",-0.03344874674752826,-0.033,1,-0.03344874674752826,1,NA,Rewrite prints -0.033 against the article's -0.033.
baxter-king_etal_2025,appendix_table_s4_team_treatment_x_party_id_standard_error,Appendix Table S4,"Team, Treatment x Party ID, standard error",0.01212678995156376,0.012,1,0.01212678995156376,1,NA,Rewrite prints 0.012 against the article's 0.012.
baxter-king_etal_2025,appendix_table_s4_trip_intercept_estimate,Appendix Table S4,"Trip, Intercept, estimate",0.22761511430044531,0.228,1,0.22761511430044531,1,NA,Rewrite prints 0.228 against the article's 0.228.
baxter-king_etal_2025,appendix_table_s4_trip_intercept_standard_error,Appendix Table S4,"Trip, Intercept, standard error",0.01781634036277673,0.018,1,0.01781634036277673,1,NA,Rewrite prints 0.018 against the article's 0.018.
baxter-king_etal_2025,appendix_table_s4_trip_treatment_estimate,Appendix Table S4,"Trip, Treatment, estimate",0.07213221997502618,0.072,1,0.07213221997502618,1,NA,Rewrite prints 0.072 against the article's 0.072.
baxter-king_etal_2025,appendix_table_s4_trip_treatment_standard_error,Appendix Table S4,"Trip, Treatment, standard error",0.0254176464622299,0.025,1,0.0254176464622299,1,NA,Rewrite prints 0.025 against the article's 0.025.
baxter-king_etal_2025,appendix_table_s4_trip_party_id_7_point_estimate,Appendix Table S4,"Trip, Party ID (7-Point), estimate",-0.02689977224113539,-0.027,1,-0.02689977224113539,1,NA,Rewrite prints -0.027 against the article's -0.027.
baxter-king_etal_2025,appendix_table_s4_trip_party_id_7_point_standard_error,Appendix Table S4,"Trip, Party ID (7-Point), standard error",0.01073491867889909,0.011,1,0.01073491867889909,1,NA,Rewrite prints 0.011 against the article's 0.011.
baxter-king_etal_2025,appendix_table_s4_trip_treatment_x_party_id_estimate,Appendix Table S4,"Trip, Treatment x Party ID, estimate",-0.00798353802037316,-0.008,1,-0.00798353802037316,1,NA,Rewrite prints -0.008 against the article's -0.008.
baxter-king_etal_2025,appendix_table_s4_trip_treatment_x_party_id_standard_error,Appendix Table S4,"Trip, Treatment x Party ID, standard error",0.01519216253498934,0.015,1,0.01519216253498934,1,NA,Rewrite prints 0.015 against the article's 0.015.
baxter-king_etal_2025,appendix_table_s4_concert_num_obs,Appendix Table S4,"Concert, Num.Obs.",NA,2553,NA,2553,1,NA,"The deposit saves this model as a tidy table of coefficients, so it records no sample size or R-squared. The deposit also has no script that assembles Table S4. Rewrite prints 2553 against the article's 2553."
baxter-king_etal_2025,appendix_table_s4_concert_r2,Appendix Table S4,"Concert, R2",NA,0.215,NA,0.21515950966506647,1,NA,"The deposit saves this model as a tidy table of coefficients, so it records no sample size or R-squared. The deposit also has no script that assembles Table S4. Rewrite prints 0.215 against the article's 0.215."
baxter-king_etal_2025,appendix_table_s4_restaurant_num_obs,Appendix Table S4,"Restaurant, Num.Obs.",NA,2684,NA,2684,1,NA,"The deposit saves this model as a tidy table of coefficients, so it records no sample size or R-squared. The deposit also has no script that assembles Table S4. Rewrite prints 2684 against the article's 2684."
baxter-king_etal_2025,appendix_table_s4_restaurant_r2,Appendix Table S4,"Restaurant, R2",NA,0.153,NA,0.15314569108132137,1,NA,"The deposit saves this model as a tidy table of coefficients, so it records no sample size or R-squared. The deposit also has no script that assembles Table S4. Rewrite prints 0.153 against the article's 0.153."
baxter-king_etal_2025,appendix_table_s4_team_num_obs,Appendix Table S4,"Team, Num.Obs.",NA,2458,NA,2458,1,NA,"The deposit saves this model as a tidy table of coefficients, so it records no sample size or R-squared. The deposit also has no script that assembles Table S4. Rewrite prints 2458 against the article's 2458."
baxter-king_etal_2025,appendix_table_s4_team_r2,Appendix Table S4,"Team, R2",NA,0.174,NA,0.17410851263806315,1,NA,"The deposit saves this model as a tidy table of coefficients, so it records no sample size or R-squared. The deposit also has no script that assembles Table S4. Rewrite prints 0.174 against the article's 0.174."
baxter-king_etal_2025,appendix_table_s4_trip_num_obs,Appendix Table S4,"Trip, Num.Obs.",NA,2580,NA,2580,1,NA,"The deposit saves this model as a tidy table of coefficients, so it records no sample size or R-squared. The deposit also has no script that assembles Table S4. Rewrite prints 2580 against the article's 2580."
baxter-king_etal_2025,appendix_table_s4_trip_r2,Appendix Table S4,"Trip, R2",NA,0.129,NA,0.12919557930856096,1,NA,"The deposit saves this model as a tidy table of coefficients, so it records no sample size or R-squared. The deposit also has no script that assembles Table S4. Rewrite prints 0.129 against the article's 0.129."
baxter-king_etal_2025,figure_1_full_sample_dim_estimate_pp,Figure 1,"Full sample, DIM, estimate (pp)",-9.487802849846258,-9.5,1,-9.487802849846258,1,NA,Rewrite prints -9.5 against the article's -9.5.
baxter-king_etal_2025,figure_1_full_sample_dim_standard_error_pp,Figure 1,"Full sample, DIM, standard error (pp)",2.792320858520705,2.8,1,2.792320858520705,1,NA,Rewrite prints 2.8 against the article's 2.8.
baxter-king_etal_2025,figure_1_full_sample_ols_estimate_pp,Figure 1,"Full sample, OLS, estimate (pp)",-9.228478251109223,-9.2,1,-9.228478251109223,1,NA,Rewrite prints -9.2 against the article's -9.2.
baxter-king_etal_2025,figure_1_full_sample_ols_standard_error_pp,Figure 1,"Full sample, OLS, standard error (pp)",2.576456001364138,2.6,1,2.576456001364138,1,NA,Rewrite prints 2.6 against the article's 2.6.
baxter-king_etal_2025,figure_1_strong_republican_dim_estimate_pp,Figure 1,"Strong Republican, DIM, estimate (pp)",16.171415230558996,16.2,1,16.171415230558996,1,NA,Rewrite prints 16.2 against the article's 16.2.
baxter-king_etal_2025,figure_1_strong_republican_dim_standard_error_pp,Figure 1,"Strong Republican, DIM, standard error (pp)",5.265356343742097,5.3,1,5.265356343742097,1,NA,Rewrite prints 5.3 against the article's 5.3.
baxter-king_etal_2025,figure_1_strong_republican_ols_estimate_pp,Figure 1,"Strong Republican, OLS, estimate (pp)",14.743053492081554,14.7,1,14.743053492081554,1,NA,Rewrite prints 14.7 against the article's 14.7.
baxter-king_etal_2025,figure_1_strong_republican_ols_standard_error_pp,Figure 1,"Strong Republican, OLS, standard error (pp)",4.362581982165548,4.4,1,4.362581982165548,1,NA,Rewrite prints 4.4 against the article's 4.4.
baxter-king_etal_2025,figure_1_weak_republican_dim_estimate_pp,Figure 1,"Weak Republican, DIM, estimate (pp)",3.017723451356723,3.0,1,3.017723451356723,1,NA,Rewrite prints 3.0 against the article's 3.0.
baxter-king_etal_2025,figure_1_weak_republican_dim_standard_error_pp,Figure 1,"Weak Republican, DIM, standard error (pp)",7.677107475886674,7.7,1,7.677107475886674,1,NA,Rewrite prints 7.7 against the article's 7.7.
baxter-king_etal_2025,figure_1_weak_republican_ols_estimate_pp,Figure 1,"Weak Republican, OLS, estimate (pp)",5.752498087191936,5.8,1,5.752498087191936,1,NA,Rewrite prints 5.8 against the article's 5.8.
baxter-king_etal_2025,figure_1_weak_republican_ols_standard_error_pp,Figure 1,"Weak Republican, OLS, standard error (pp)",6.2684508509774695,6.3,1,6.2684508509774695,1,NA,Rewrite prints 6.3 against the article's 6.3.
baxter-king_etal_2025,figure_1_lean_republican_dim_estimate_pp,Figure 1,"Lean Republican, DIM, estimate (pp)",1.3502576719581445,1.4,1,1.3502576719581445,1,NA,Rewrite prints 1.4 against the article's 1.4.
baxter-king_etal_2025,figure_1_lean_republican_dim_standard_error_pp,Figure 1,"Lean Republican, DIM, standard error (pp)",11.169802484047093,11.2,1,11.169802484047093,1,NA,Rewrite prints 11.2 against the article's 11.2.
baxter-king_etal_2025,figure_1_lean_republican_ols_estimate_pp,Figure 1,"Lean Republican, OLS, estimate (pp)",-10.601994462281503,-10.6,1,-10.601994462281503,1,NA,Rewrite prints -10.6 against the article's -10.6.
baxter-king_etal_2025,figure_1_lean_republican_ols_standard_error_pp,Figure 1,"Lean Republican, OLS, standard error (pp)",10.057204144788496,10.1,1,10.057204144788496,1,NA,Rewrite prints 10.1 against the article's 10.1.
baxter-king_etal_2025,figure_1_independent_dim_estimate_pp,Figure 1,"Independent, DIM, estimate (pp)",-5.238519274536669,-5.2,1,-5.238519274536669,1,NA,Rewrite prints -5.2 against the article's -5.2.
baxter-king_etal_2025,figure_1_independent_dim_standard_error_pp,Figure 1,"Independent, DIM, standard error (pp)",7.150245716177328,7.2,1,7.150245716177328,1,NA,Rewrite prints 7.2 against the article's 7.2.
baxter-king_etal_2025,figure_1_independent_ols_estimate_pp,Figure 1,"Independent, OLS, estimate (pp)",-1.2525259909129387,-1.3,1,-1.2525259909129387,1,NA,Rewrite prints -1.3 against the article's -1.3.
baxter-king_etal_2025,figure_1_independent_ols_standard_error_pp,Figure 1,"Independent, OLS, standard error (pp)",6.096226730552606,6.1,1,6.096226730552606,1,NA,Rewrite prints 6.1 against the article's 6.1.
baxter-king_etal_2025,figure_1_lean_democrat_dim_estimate_pp,Figure 1,"Lean Democrat, DIM, estimate (pp)",-19.64294972833804,-19.6,1,-19.64294972833804,1,NA,Rewrite prints -19.6 against the article's -19.6.
baxter-king_etal_2025,figure_1_lean_democrat_dim_standard_error_pp,Figure 1,"Lean Democrat, DIM, standard error (pp)",9.134479051891017,9.1,1,9.134479051891017,1,NA,Rewrite prints 9.1 against the article's 9.1.
baxter-king_etal_2025,figure_1_lean_democrat_ols_estimate_pp,Figure 1,"Lean Democrat, OLS, estimate (pp)",-18.45229687389447,-18.5,1,-18.45229687389447,1,NA,Rewrite prints -18.5 against the article's -18.5.
baxter-king_etal_2025,figure_1_lean_democrat_ols_standard_error_pp,Figure 1,"Lean Democrat, OLS, standard error (pp)",7.437758977663692,7.4,1,7.437758977663692,1,NA,Rewrite prints 7.4 against the article's 7.4.
baxter-king_etal_2025,figure_1_weak_democrat_dim_estimate_pp,Figure 1,"Weak Democrat, DIM, estimate (pp)",-31.465502892835833,-31.5,1,-31.465502892835833,1,NA,Rewrite prints -31.5 against the article's -31.5.
baxter-king_etal_2025,figure_1_weak_democrat_dim_standard_error_pp,Figure 1,"Weak Democrat, DIM, standard error (pp)",7.9804330313886975,8.0,1,7.9804330313886975,1,NA,Rewrite prints 8.0 against the article's 8.0.
baxter-king_etal_2025,figure_1_weak_democrat_ols_estimate_pp,Figure 1,"Weak Democrat, OLS, estimate (pp)",-34.01876245005488,-34.0,1,-34.01876245005488,1,NA,Rewrite prints -34.0 against the article's -34.0.
baxter-king_etal_2025,figure_1_weak_democrat_ols_standard_error_pp,Figure 1,"Weak Democrat, OLS, standard error (pp)",6.62252918325735,6.6,1,6.62252918325735,1,NA,Rewrite prints 6.6 against the article's 6.6.
baxter-king_etal_2025,figure_1_strong_democrat_dim_estimate_pp,Figure 1,"Strong Democrat, DIM, estimate (pp)",-29.362154528987745,-29.4,1,-29.362154528987745,1,NA,Rewrite prints -29.4 against the article's -29.4.
baxter-king_etal_2025,figure_1_strong_democrat_dim_standard_error_pp,Figure 1,"Strong Democrat, DIM, standard error (pp)",5.636388934424475,5.6,1,5.636388934424475,1,NA,Rewrite prints 5.6 against the article's 5.6.
baxter-king_etal_2025,figure_1_strong_democrat_ols_estimate_pp,Figure 1,"Strong Democrat, OLS, estimate (pp)",-27.206776661957736,-27.2,1,-27.206776661957736,1,NA,Rewrite prints -27.2 against the article's -27.2.
baxter-king_etal_2025,figure_1_strong_democrat_ols_standard_error_pp,Figure 1,"Strong Democrat, OLS, standard error (pp)",5.04278772044596,5.0,1,5.04278772044596,1,NA,Rewrite prints 5.0 against the article's 5.0.
baxter-king_etal_2025,figure_3_full_sample_dim_estimate_pp,Figure 3,"Full sample, DIM, estimate (pp)",5.960099913507571,6.0,1,5.960099913507571,1,NA,Rewrite prints 6.0 against the article's 6.0.
baxter-king_etal_2025,figure_3_full_sample_dim_standard_error_pp,Figure 3,"Full sample, DIM, standard error (pp)",0.740682593167965,0.7,1,0.740682593167965,1,NA,Rewrite prints 0.7 against the article's 0.7.
baxter-king_etal_2025,figure_3_full_sample_ols_estimate_pp,Figure 3,"Full sample, OLS, estimate (pp)",5.982114960867598,6.0,1,5.982114960867598,1,NA,Rewrite prints 6.0 against the article's 6.0.
baxter-king_etal_2025,figure_3_full_sample_ols_standard_error_pp,Figure 3,"Full sample, OLS, standard error (pp)",0.7187027164967236,0.7,1,0.7187027164967236,1,NA,Rewrite prints 0.7 against the article's 0.7.
baxter-king_etal_2025,figure_3_strong_republican_dim_estimate_pp,Figure 3,"Strong Republican, DIM, estimate (pp)",4.640347427843623,4.6,1,4.640347427843623,1,NA,Rewrite prints 4.6 against the article's 4.6.
baxter-king_etal_2025,figure_3_strong_republican_dim_standard_error_pp,Figure 3,"Strong Republican, DIM, standard error (pp)",1.665709249554304,1.7,1,1.665709249554304,1,NA,Rewrite prints 1.7 against the article's 1.7.
baxter-king_etal_2025,figure_3_strong_republican_ols_estimate_pp,Figure 3,"Strong Republican, OLS, estimate (pp)",4.927798766893745,4.9,1,4.927798766893745,1,NA,Rewrite prints 4.9 against the article's 4.9.
baxter-king_etal_2025,figure_3_strong_republican_ols_standard_error_pp,Figure 3,"Strong Republican, OLS, standard error (pp)",1.5847714533181227,1.6,1,1.5847714533181227,1,NA,Rewrite prints 1.6 against the article's 1.6.
baxter-king_etal_2025,figure_3_weak_republican_dim_estimate_pp,Figure 3,"Weak Republican, DIM, estimate (pp)",4.500796765672323,4.5,1,4.500796765672323,1,NA,Rewrite prints 4.5 against the article's 4.5.
baxter-king_etal_2025,figure_3_weak_republican_dim_standard_error_pp,Figure 3,"Weak Republican, DIM, standard error (pp)",2.3092199442178796,2.3,1,2.3092199442178796,1,NA,Rewrite prints 2.3 against the article's 2.3.
baxter-king_etal_2025,figure_3_weak_republican_ols_estimate_pp,Figure 3,"Weak Republican, OLS, estimate (pp)",5.218872527665916,5.2,1,5.218872527665916,1,NA,Rewrite prints 5.2 against the article's 5.2.
baxter-king_etal_2025,figure_3_weak_republican_ols_standard_error_pp,Figure 3,"Weak Republican, OLS, standard error (pp)",2.211960702749451,2.2,1,2.211960702749451,1,NA,Rewrite prints 2.2 against the article's 2.2.
baxter-king_etal_2025,figure_3_lean_republican_dim_estimate_pp,Figure 3,"Lean Republican, DIM, estimate (pp)",12.356049105538894,12.4,1,12.356049105538894,1,NA,Rewrite prints 12.4 against the article's 12.4.
baxter-king_etal_2025,figure_3_lean_republican_dim_standard_error_pp,Figure 3,"Lean Republican, DIM, standard error (pp)",2.659917410882474,2.7,1,2.659917410882474,1,NA,Rewrite prints 2.7 against the article's 2.7.
baxter-king_etal_2025,figure_3_lean_republican_ols_estimate_pp,Figure 3,"Lean Republican, OLS, estimate (pp)",11.493177083307591,11.5,1,11.493177083307591,1,NA,Rewrite prints 11.5 against the article's 11.5.
baxter-king_etal_2025,figure_3_lean_republican_ols_standard_error_pp,Figure 3,"Lean Republican, OLS, standard error (pp)",2.6061086891107963,2.6,1,2.6061086891107963,1,NA,Rewrite prints 2.6 against the article's 2.6.
baxter-king_etal_2025,figure_3_independent_dim_estimate_pp,Figure 3,"Independent, DIM, estimate (pp)",6.645821151780128,6.6,1,6.645821151780128,1,NA,Rewrite prints 6.6 against the article's 6.6.
baxter-king_etal_2025,figure_3_independent_dim_standard_error_pp,Figure 3,"Independent, DIM, standard error (pp)",1.723436476174605,1.7,1,1.723436476174605,1,NA,Rewrite prints 1.7 against the article's 1.7.
baxter-king_etal_2025,figure_3_independent_ols_estimate_pp,Figure 3,"Independent, OLS, estimate (pp)",6.58042904754553,6.6,1,6.58042904754553,1,NA,Rewrite prints 6.6 against the article's 6.6.
baxter-king_etal_2025,figure_3_independent_ols_standard_error_pp,Figure 3,"Independent, OLS, standard error (pp)",1.6844036934992843,1.7,1,1.6844036934992843,1,NA,Rewrite prints 1.7 against the article's 1.7.
baxter-king_etal_2025,figure_3_lean_democrat_dim_estimate_pp,Figure 3,"Lean Democrat, DIM, estimate (pp)",9.445409814175957,9.4,1,9.445409814175957,1,NA,Rewrite prints 9.4 against the article's 9.4.
baxter-king_etal_2025,figure_3_lean_democrat_dim_standard_error_pp,Figure 3,"Lean Democrat, DIM, standard error (pp)",2.739905596623766,2.7,1,2.739905596623766,1,NA,Rewrite prints 2.7 against the article's 2.7.
baxter-king_etal_2025,figure_3_lean_democrat_ols_estimate_pp,Figure 3,"Lean Democrat, OLS, estimate (pp)",8.778716280807037,8.8,1,8.778716280807037,1,NA,Rewrite prints 8.8 against the article's 8.8.
baxter-king_etal_2025,figure_3_lean_democrat_ols_standard_error_pp,Figure 3,"Lean Democrat, OLS, standard error (pp)",2.690073011317902,2.7,1,2.690073011317902,1,NA,Rewrite prints 2.7 against the article's 2.7.
baxter-king_etal_2025,figure_3_weak_democrat_dim_estimate_pp,Figure 3,"Weak Democrat, DIM, estimate (pp)",2.9431308571925623,2.9,1,2.9431308571925623,1,NA,Rewrite prints 2.9 against the article's 2.9.
baxter-king_etal_2025,figure_3_weak_democrat_dim_standard_error_pp,Figure 3,"Weak Democrat, DIM, standard error (pp)",2.1766651754982265,2.2,1,2.1766651754982265,1,NA,Rewrite prints 2.2 against the article's 2.2.
baxter-king_etal_2025,figure_3_weak_democrat_ols_estimate_pp,Figure 3,"Weak Democrat, OLS, estimate (pp)",3.605227854136369,3.6,1,3.605227854136369,1,NA,Rewrite prints 3.6 against the article's 3.6.
baxter-king_etal_2025,figure_3_weak_democrat_ols_standard_error_pp,Figure 3,"Weak Democrat, OLS, standard error (pp)",2.0513043990866477,2.1,1,2.0513043990866477,1,NA,Rewrite prints 2.1 against the article's 2.1.
baxter-king_etal_2025,figure_3_strong_democrat_dim_estimate_pp,Figure 3,"Strong Democrat, DIM, estimate (pp)",5.242540176813343,5.2,1,5.242540176813343,1,NA,Rewrite prints 5.2 against the article's 5.2.
baxter-king_etal_2025,figure_3_strong_democrat_dim_standard_error_pp,Figure 3,"Strong Democrat, DIM, standard error (pp)",1.438541682085416,1.4,1,1.438541682085416,1,NA,Rewrite prints 1.4 against the article's 1.4.
baxter-king_etal_2025,figure_3_strong_democrat_ols_estimate_pp,Figure 3,"Strong Democrat, OLS, estimate (pp)",5.282485842385637,5.3,1,5.282485842385637,1,NA,Rewrite prints 5.3 against the article's 5.3.
baxter-king_etal_2025,figure_3_strong_democrat_ols_standard_error_pp,Figure 3,"Strong Democrat, OLS, standard error (pp)",1.3553485675776484,1.4,1,1.3553485675776484,1,NA,Rewrite prints 1.4 against the article's 1.4.
baxter-king_etal_2025,figure_5_full_sample_dim_estimate_pp,Figure 5,"Full sample, DIM, estimate (pp)",9.094961066916298,9.1,1,9.094961066916298,1,NA,Rewrite prints 9.1 against the article's 9.1.
baxter-king_etal_2025,figure_5_full_sample_dim_standard_error_pp,Figure 5,"Full sample, DIM, standard error (pp)",1.4655502624100172,1.5,1,1.4655502624100172,1,NA,Rewrite prints 1.5 against the article's 1.5.
baxter-king_etal_2025,figure_5_full_sample_ols_estimate_pp,Figure 5,"Full sample, OLS, estimate (pp)",8.323766581825884,8.3,1,8.323766581825884,1,NA,Rewrite prints 8.3 against the article's 8.3.
baxter-king_etal_2025,figure_5_full_sample_ols_standard_error_pp,Figure 5,"Full sample, OLS, standard error (pp)",1.3249847371647203,1.3,1,1.3249847371647203,1,NA,Rewrite prints 1.3 against the article's 1.3.
baxter-king_etal_2025,figure_5_strong_republican_dim_estimate_pp,Figure 5,"Strong Republican, DIM, estimate (pp)",5.340458987136132,5.3,1,5.340458987136132,1,NA,Rewrite prints 5.3 against the article's 5.3.
baxter-king_etal_2025,figure_5_strong_republican_dim_standard_error_pp,Figure 5,"Strong Republican, DIM, standard error (pp)",3.43470258166751,3.4,1,3.43470258166751,1,NA,Rewrite prints 3.4 against the article's 3.4.
baxter-king_etal_2025,figure_5_strong_republican_ols_estimate_pp,Figure 5,"Strong Republican, OLS, estimate (pp)",5.525355101757614,5.5,1,5.525355101757614,1,NA,Rewrite prints 5.5 against the article's 5.5.
baxter-king_etal_2025,figure_5_strong_republican_ols_standard_error_pp,Figure 5,"Strong Republican, OLS, standard error (pp)",3.1505129518350437,3.2,1,3.1505129518350437,1,NA,Rewrite prints 3.2 against the article's 3.2.
baxter-king_etal_2025,figure_5_weak_republican_dim_estimate_pp,Figure 5,"Weak Republican, DIM, estimate (pp)",10.088072871873424,10.1,1,10.088072871873424,1,NA,Rewrite prints 10.1 against the article's 10.1.
baxter-king_etal_2025,figure_5_weak_republican_dim_standard_error_pp,Figure 5,"Weak Republican, DIM, standard error (pp)",3.9732412529705026,4.0,1,3.9732412529705026,1,NA,Rewrite prints 4.0 against the article's 4.0.
baxter-king_etal_2025,figure_5_weak_republican_ols_estimate_pp,Figure 5,"Weak Republican, OLS, estimate (pp)",9.73806967327436,9.7,1,9.73806967327436,1,NA,Rewrite prints 9.7 against the article's 9.7.
baxter-king_etal_2025,figure_5_weak_republican_ols_standard_error_pp,Figure 5,"Weak Republican, OLS, standard error (pp)",3.5033477133338624,3.5,1,3.5033477133338624,1,NA,Rewrite prints 3.5 against the article's 3.5.
baxter-king_etal_2025,figure_5_lean_republican_dim_estimate_pp,Figure 5,"Lean Republican, DIM, estimate (pp)",8.550807759650121,8.6,1,8.550807759650121,1,NA,Rewrite prints 8.6 against the article's 8.6.
baxter-king_etal_2025,figure_5_lean_republican_dim_standard_error_pp,Figure 5,"Lean Republican, DIM, standard error (pp)",4.80391390177656,4.8,1,4.80391390177656,1,NA,Rewrite prints 4.8 against the article's 4.8.
baxter-king_etal_2025,figure_5_lean_republican_ols_estimate_pp,Figure 5,"Lean Republican, OLS, estimate (pp)",7.858497499141484,7.9,1,7.858497499141484,1,NA,Rewrite prints 7.9 against the article's 7.9.
baxter-king_etal_2025,figure_5_lean_republican_ols_standard_error_pp,Figure 5,"Lean Republican, OLS, standard error (pp)",4.170957707830852,4.2,1,4.170957707830852,1,NA,Rewrite prints 4.2 against the article's 4.2.
baxter-king_etal_2025,figure_5_independent_dim_estimate_pp,Figure 5,"Independent, DIM, estimate (pp)",6.134136155101194,6.1,1,6.134136155101194,1,NA,Rewrite prints 6.1 against the article's 6.1.
baxter-king_etal_2025,figure_5_independent_dim_standard_error_pp,Figure 5,"Independent, DIM, standard error (pp)",3.763981169300412,3.8,1,3.763981169300412,1,NA,Rewrite prints 3.8 against the article's 3.8.
baxter-king_etal_2025,figure_5_independent_ols_estimate_pp,Figure 5,"Independent, OLS, estimate (pp)",4.792934417888255,4.8,1,4.792934417888255,1,NA,Rewrite prints 4.8 against the article's 4.8.
baxter-king_etal_2025,figure_5_independent_ols_standard_error_pp,Figure 5,"Independent, OLS, standard error (pp)",3.281538623179409,3.3,1,3.281538623179409,1,NA,Rewrite prints 3.3 against the article's 3.3.
baxter-king_etal_2025,figure_5_lean_democrat_dim_estimate_pp,Figure 5,"Lean Democrat, DIM, estimate (pp)",12.287814073392516,12.3,1,12.287814073392516,1,NA,Rewrite prints 12.3 against the article's 12.3.
baxter-king_etal_2025,figure_5_lean_democrat_dim_standard_error_pp,Figure 5,"Lean Democrat, DIM, standard error (pp)",4.515233555394809,4.5,1,4.515233555394809,1,NA,Rewrite prints 4.5 against the article's 4.5.
baxter-king_etal_2025,figure_5_lean_democrat_ols_estimate_pp,Figure 5,"Lean Democrat, OLS, estimate (pp)",12.52441822277271,12.5,1,12.52441822277271,1,NA,Rewrite prints 12.5 against the article's 12.5.
baxter-king_etal_2025,figure_5_lean_democrat_ols_standard_error_pp,Figure 5,"Lean Democrat, OLS, standard error (pp)",3.795993203677863,3.8,1,3.795993203677863,1,NA,Rewrite prints 3.8 against the article's 3.8.
baxter-king_etal_2025,figure_5_weak_democrat_dim_estimate_pp,Figure 5,"Weak Democrat, DIM, estimate (pp)",15.68051227696984,15.7,1,15.68051227696984,1,NA,Rewrite prints 15.7 against the article's 15.7.
baxter-king_etal_2025,figure_5_weak_democrat_dim_standard_error_pp,Figure 5,"Weak Democrat, DIM, standard error (pp)",3.830382192352044,3.8,1,3.830382192352044,1,NA,Rewrite prints 3.8 against the article's 3.8.
baxter-king_etal_2025,figure_5_weak_democrat_ols_estimate_pp,Figure 5,"Weak Democrat, OLS, estimate (pp)",17.11455830451124,17.1,1,17.11455830451124,1,NA,Rewrite prints 17.1 against the article's 17.1.
baxter-king_etal_2025,figure_5_weak_democrat_ols_standard_error_pp,Figure 5,"Weak Democrat, OLS, standard error (pp)",3.547567143286048,3.5,1,3.547567143286048,1,NA,Rewrite prints 3.5 against the article's 3.5.
baxter-king_etal_2025,figure_5_strong_democrat_dim_estimate_pp,Figure 5,"Strong Democrat, DIM, estimate (pp)",6.309928990644373,6.3,1,6.309928990644373,1,NA,Rewrite prints 6.3 against the article's 6.3.
baxter-king_etal_2025,figure_5_strong_democrat_dim_standard_error_pp,Figure 5,"Strong Democrat, DIM, standard error (pp)",2.5451767537383407,2.5,1,2.5451767537383407,1,NA,Rewrite prints 2.5 against the article's 2.5.
baxter-king_etal_2025,figure_5_strong_democrat_ols_estimate_pp,Figure 5,"Strong Democrat, OLS, estimate (pp)",4.635545185689532,4.6,1,4.635545185689532,1,NA,Rewrite prints 4.6 against the article's 4.6.
baxter-king_etal_2025,figure_5_strong_democrat_ols_standard_error_pp,Figure 5,"Strong Democrat, OLS, standard error (pp)",2.3395665864977393,2.3,1,2.3395665864977393,1,NA,Rewrite prints 2.3 against the article's 2.3.
baxter-king_etal_2025,appendix_figure_s1_e_1_trump_printed_estimates_and_standard_errors_reproduced,Appendix Figure S1,"E-1: Trump, printed estimates and standard errors reproduced",32,32,1,32,1,NA,"The panel prints eight subgroups by two estimators, each as an estimate and a standard error in percentage points, and those numbers appear in no table. Cells are compared one by one in section_c_cells.csv. Rewrite prints 32 against the article's 32."
baxter-king_etal_2025,appendix_figure_s2_e_1_fauci_printed_estimates_and_standard_errors_reproduced,Appendix Figure S2,"E-1: Fauci, printed estimates and standard errors reproduced",32,32,1,32,1,NA,"The panel prints eight subgroups by two estimators, each as an estimate and a standard error in percentage points, and those numbers appear in no table. Cells are compared one by one in section_c_cells.csv. Rewrite prints 32 against the article's 32."
baxter-king_etal_2025,appendix_figure_s3_e_1_trump_and_fauci_printed_estimates_and_standard_errors_reproduced,Appendix Figure S3,"E-1: Trump and Fauci, printed estimates and standard errors reproduced",32,32,1,32,1,NA,"The panel prints eight subgroups by two estimators, each as an estimate and a standard error in percentage points, and those numbers appear in no table. Cells are compared one by one in section_c_cells.csv. Rewrite prints 32 against the article's 32."
baxter-king_etal_2025,appendix_figure_s4_e_1_physician_printed_estimates_and_standard_errors_reproduced,Appendix Figure S4,"E-1: Physician, printed estimates and standard errors reproduced",32,32,1,32,1,NA,"The panel prints eight subgroups by two estimators, each as an estimate and a standard error in percentage points, and those numbers appear in no table. Cells are compared one by one in section_c_cells.csv. Rewrite prints 32 against the article's 32."
baxter-king_etal_2025,appendix_figure_s5_e_1_pharmacy_printed_estimates_and_standard_errors_reproduced,Appendix Figure S5,"E-1: Pharmacy, printed estimates and standard errors reproduced",32,32,1,32,1,NA,"The panel prints eight subgroups by two estimators, each as an estimate and a standard error in percentage points, and those numbers appear in no table. Cells are compared one by one in section_c_cells.csv. Rewrite prints 32 against the article's 32."
baxter-king_etal_2025,appendix_figure_s6_e_1_insurance_printed_estimates_and_standard_errors_reproduced,Appendix Figure S6,"E-1: Insurance, printed estimates and standard errors reproduced",32,32,1,32,1,NA,"The panel prints eight subgroups by two estimators, each as an estimate and a standard error in percentage points, and those numbers appear in no table. Cells are compared one by one in section_c_cells.csv. Rewrite prints 32 against the article's 32."
baxter-king_etal_2025,appendix_figure_s7_e_1_spiritual_leader_printed_estimates_and_standard_errors_reproduced,Appendix Figure S7,"E-1: Spiritual Leader, printed estimates and standard errors reproduced",32,32,1,32,1,NA,"The panel prints eight subgroups by two estimators, each as an estimate and a standard error in percentage points, and those numbers appear in no table. Cells are compared one by one in section_c_cells.csv. Rewrite prints 32 against the article's 32."
baxter-king_etal_2025,appendix_figure_s8_e_2_trump_printed_estimates_and_standard_errors_reproduced,Appendix Figure S8,"E-2: Trump, printed estimates and standard errors reproduced",32,32,1,32,1,NA,"The panel prints eight subgroups by two estimators, each as an estimate and a standard error in percentage points, and those numbers appear in no table. Cells are compared one by one in section_c_cells.csv. Rewrite prints 32 against the article's 32."
baxter-king_etal_2025,appendix_figure_s9_e_2_trump_and_fauci_printed_estimates_and_standard_errors_reproduced,Appendix Figure S9,"E-2: Trump and Fauci, printed estimates and standard errors reproduced",32,32,1,32,1,NA,"The panel prints eight subgroups by two estimators, each as an estimate and a standard error in percentage points, and those numbers appear in no table. Cells are compared one by one in section_c_cells.csv. Rewrite prints 32 against the article's 32."
baxter-king_etal_2025,appendix_figure_s10_e_2_fauci_printed_estimates_and_standard_errors_reproduced,Appendix Figure S10,"E-2: Fauci, printed estimates and standard errors reproduced",32,32,1,32,1,NA,"The panel prints eight subgroups by two estimators, each as an estimate and a standard error in percentage points, and those numbers appear in no table. Cells are compared one by one in section_c_cells.csv. Rewrite prints 32 against the article's 32."
baxter-king_etal_2025,appendix_figure_s11_e_2_biden_and_fauci_printed_estimates_and_standard_errors_reproduced,Appendix Figure S11,"E-2: Biden and Fauci, printed estimates and standard errors reproduced",32,32,1,32,1,NA,"The panel prints eight subgroups by two estimators, each as an estimate and a standard error in percentage points, and those numbers appear in no table. Cells are compared one by one in section_c_cells.csv. Rewrite prints 32 against the article's 32."
baxter-king_etal_2025,appendix_figure_s12_e_2_biden_printed_estimates_and_standard_errors_reproduced,Appendix Figure S12,"E-2: Biden, printed estimates and standard errors reproduced",32,32,1,32,1,NA,"The panel prints eight subgroups by two estimators, each as an estimate and a standard error in percentage points, and those numbers appear in no table. Cells are compared one by one in section_c_cells.csv. Rewrite prints 32 against the article's 32."
baxter-king_etal_2025,appendix_figure_s13_e_2_obama_printed_estimates_and_standard_errors_reproduced,Appendix Figure S13,"E-2: Obama, printed estimates and standard errors reproduced",32,32,1,32,1,NA,"The panel prints eight subgroups by two estimators, each as an estimate and a standard error in percentage points, and those numbers appear in no table. Cells are compared one by one in section_c_cells.csv. Rewrite prints 32 against the article's 32."
baxter-king_etal_2025,appendix_figure_s14_e_2_james_printed_estimates_and_standard_errors_reproduced,Appendix Figure S14,"E-2: James, printed estimates and standard errors reproduced",32,32,1,32,1,NA,"The panel prints eight subgroups by two estimators, each as an estimate and a standard error in percentage points, and those numbers appear in no table. Cells are compared one by one in section_c_cells.csv. Rewrite prints 32 against the article's 32."
baxter-king_etal_2025,appendix_figure_s15_e_2_ramos_printed_estimates_and_standard_errors_reproduced,Appendix Figure S15,"E-2: Ramos, printed estimates and standard errors reproduced",32,32,1,32,1,NA,"The panel prints eight subgroups by two estimators, each as an estimate and a standard error in percentage points, and those numbers appear in no table. Cells are compared one by one in section_c_cells.csv. Rewrite prints 32 against the article's 32."
baxter-king_etal_2025,appendix_figure_s16_g_1_less_restrictive_mask_guidance_printed_estimates_and_standard_errors_reproduced,Appendix Figure S16,"G-1: Less restrictive mask guidance, printed estimates and standard errors reproduced",32,32,1,32,1,NA,"The panel prints eight subgroups by two estimators, each as an estimate and a standard error in percentage points, and those numbers appear in no table. Cells are compared one by one in section_c_cells.csv. Rewrite prints 32 against the article's 32."
baxter-king_etal_2025,appendix_figure_s17_g_3_more_restrictive_mask_guidance_printed_estimates_and_standard_errors_reproduced,Appendix Figure S17,"G-3: More restrictive mask guidance, printed estimates and standard errors reproduced",32,32,1,32,1,NA,"The panel prints eight subgroups by two estimators, each as an estimate and a standard error in percentage points, and those numbers appear in no table. Cells are compared one by one in section_c_cells.csv. Rewrite prints 32 against the article's 32."
baxter-king_etal_2025,appendix_figure_s18_i_1_contagiousness_printed_estimates_and_standard_errors_reproduced,Appendix Figure S18,"I-1: Contagiousness, printed estimates and standard errors reproduced",32,32,1,32,1,NA,"The panel prints eight subgroups by two estimators, each as an estimate and a standard error in percentage points, and those numbers appear in no table. Cells are compared one by one in section_c_cells.csv. Rewrite prints 32 against the article's 32."
baxter-king_etal_2025,appendix_figure_s19_i_2_delta_variant_printed_estimates_and_standard_errors_reproduced,Appendix Figure S19,"I-2: Delta Variant, printed estimates and standard errors reproduced",32,32,1,32,1,NA,"The panel prints eight subgroups by two estimators, each as an estimate and a standard error in percentage points, and those numbers appear in no table. Cells are compared one by one in section_c_cells.csv. Rewrite prints 32 against the article's 32."
baxter-king_etal_2025,appendix_figure_s20_i_3_bivalent_booster_adult_printed_estimates_and_standard_errors_reproduced,Appendix Figure S20,"I-3: Bivalent Booster - Adult, printed estimates and standard errors reproduced",32,32,1,32,1,NA,"The panel prints eight subgroups by two estimators, each as an estimate and a standard error in percentage points, and those numbers appear in no table. Cells are compared one by one in section_c_cells.csv. Rewrite prints 32 against the article's 32."
baxter-king_etal_2025,appendix_figure_s21_i_4_bivalent_booster_child_printed_estimates_and_standard_errors_reproduced,Appendix Figure S21,"I-4: Bivalent Booster - Child, printed estimates and standard errors reproduced",32,32,1,32,1,NA,"The panel prints eight subgroups by two estimators, each as an estimate and a standard error in percentage points, and those numbers appear in no table. Cells are compared one by one in section_c_cells.csv. Rewrite prints 32 against the article's 32."
baxter-king_etal_2025,appendix_figure_s22_i_5_vaccince_child_printed_estimates_and_standard_errors_reproduced,Appendix Figure S22,"I-5: Vaccince - Child, printed estimates and standard errors reproduced",32,32,1,32,1,NA,"The panel prints eight subgroups by two estimators, each as an estimate and a standard error in percentage points, and those numbers appear in no table. Cells are compared one by one in section_c_cells.csv. Rewrite prints 32 against the article's 32."
baxter-king_etal_2025,figure_2_plotted_coefficients_and_confidence_intervals,Figure 2,Plotted coefficients and confidence intervals,NA,NA,NA,NA,NA,NA,The panel prints no numbers. All 87 plotted estimates are written to figure_2_all_endorsements.csv; the coefficients are those of appendix Tables S1 and S2.
baxter-king_etal_2025,figure_2_series_labels_for_the_personal_and_social_framings,Figure 2,Series labels for the Personal and Social framings,NA,NA,NA,NA,NA,archive,"The deposited by-arm models name the 'A (Personal)' subset prosocial and the 'B (Social)' subset not_prosocial, and the deposited figure script then relabels prosocial as Social and not_prosocial as Personal, so the published panel attaches each framing's label to the other framing's estimates. The rewrite labels each series by the deposited experiment_arm value it was fitted on."
baxter-king_etal_2025,figure_4_plotted_coefficients_and_confidence_intervals,Figure 4,Plotted coefficients and confidence intervals,NA,NA,NA,NA,NA,NA,The panel prints no numbers. All 36 plotted estimates are written to figure_4_mandate_vignettes.csv; the coefficients are those of appendix Tables S3 and S4.
baxter-king_etal_2025,results_endorsements_e_1_trump_endorsement_average_treatment_effect,"Results, endorsements","E-1 Trump endorsement, average treatment effect",-0.09228478251109223,-0.092,1,-0.09228478251109223,1,NA,Rewrite prints -0.092 against the article's -0.092.
baxter-king_etal_2025,results_endorsements_e_1_trump_endorsement_standard_error,"Results, endorsements","E-1 Trump endorsement, standard error",0.02576456001364138,0.026,1,0.02576456001364138,1,NA,Rewrite prints 0.026 against the article's 0.026.
baxter-king_etal_2025,results_endorsements_e_1_control_group_intention_to_vaccinate,"Results, endorsements",E-1 control group intention to vaccinate,0.6533186556307073,NA,NA,0.6533186556307073,NA,NA,"The article says roughly two-thirds and prints no figure, so there is nothing to compare against."
baxter-king_etal_2025,results_endorsements_e_1_fauci_endorsement_average_treatment_effect,"Results, endorsements","E-1 Fauci endorsement, average treatment effect",0.05467182529748348,0.055,1,0.05467182529748348,1,NA,Rewrite prints 0.055 against the article's 0.055.
baxter-king_etal_2025,results_endorsements_e_1_fauci_endorsement_standard_error,"Results, endorsements","E-1 Fauci endorsement, standard error",0.02391330833090777,0.024,1,0.02391330833090777,1,NA,Rewrite prints 0.024 against the article's 0.024.
baxter-king_etal_2025,results_endorsements_e_1_joint_test_of_the_personal_and_social_framings_p_value,"Results, endorsements","E-1 joint test of the Personal and Social framings, p-value",NA,0.37,NA,0.3704908718467333,1,NA,The deposited script computes this test and prints it to the console; it writes the fitted objects but not the p-value. Rewrite prints 0.37 against the article's 0.37.
baxter-king_etal_2025,footnote_c_e_1_trump_minus_physician_treatment_by_party_interaction,Footnote c,E-1 Trump minus physician treatment-by-party interaction,NA,0.068,NA,0.06774575789546593,1,NA,No deposited script computes the contrast. It reproduces as the difference between the two interaction terms of a single unadjusted model of the outcome on endorser and party. Rewrite prints 0.068 against the article's 0.068.
baxter-king_etal_2025,footnote_c_e_1_trump_minus_physician_interaction_standard_error,Footnote c,"E-1 Trump minus physician interaction, standard error",NA,0.012,NA,0.01150952162396608,1,NA,Rewrite prints 0.012 against the article's 0.012.
baxter-king_etal_2025,results_endorsements_e_2_biden_endorsement_average_treatment_effect,"Results, endorsements","E-2 Biden endorsement, average treatment effect",-0.09682095467939994,-0.097,1,-0.09682095467939994,1,NA,Rewrite prints -0.097 against the article's -0.097.
baxter-king_etal_2025,results_endorsements_e_2_biden_endorsement_standard_error,"Results, endorsements","E-2 Biden endorsement, standard error",0.03616670811183355,0.036,1,0.03616670811183355,1,NA,Rewrite prints 0.036 against the article's 0.036.
baxter-king_etal_2025,results_endorsements_e_2_obama_endorsement_average_treatment_effect,"Results, endorsements","E-2 Obama endorsement, average treatment effect",-0.10865337878007902,-0.109,1,-0.10865337878007902,1,NA,Rewrite prints -0.109 against the article's -0.109.
baxter-king_etal_2025,results_endorsements_e_2_obama_endorsement_standard_error,"Results, endorsements","E-2 Obama endorsement, standard error",0.03514959843108144,0.035,1,0.03514959843108144,1,NA,Rewrite prints 0.035 against the article's 0.035.
baxter-king_etal_2025,results_endorsements_e_2_unvaccinated_respondents_interviewed,"Results, endorsements",E-2 unvaccinated respondents interviewed,NA,"7,249",NA,7197,0,archive,"Same gap as the Table 1 row for E-2: the deposited analysis file holds fewer rows than the published enrollment count. Rewrite prints 7197 against the article's 7,249."
baxter-king_etal_2025,results_endorsements_e_2_democrats_likely_to_get_the_vaccine,"Results, endorsements",E-2 Democrats likely to get the vaccine,NA,79%,NA,79.13195849554913,1,NA,Reproduces only when leaners are grouped with independents rather than with their party. The deposited pid7_collapsed column groups leaners with their party. Rewrite prints 79% against the article's 79%.
baxter-king_etal_2025,results_endorsements_e_2_independents_likely_to_get_the_vaccine,"Results, endorsements",E-2 independents likely to get the vaccine,NA,50%,NA,49.60473291938101,1,NA,Same grouping as the row above. Rewrite prints 50% against the article's 50%.
baxter-king_etal_2025,results_endorsements_e_2_republicans_likely_to_get_the_vaccine,"Results, endorsements",E-2 Republicans likely to get the vaccine,NA,45%,NA,44.51877759449586,1,NA,Same grouping as the row above. Rewrite prints 45% against the article's 45%.
baxter-king_etal_2025,results_guidance_g_1_control_group_support_for_the_mixed_policy,"Results, guidance",G-1 control group support for the mixed policy,23.693100367593964,23.7%,1,23.693100367593964,1,NA,Rewrite prints 23.7% against the article's 23.7%.
baxter-king_etal_2025,results_guidance_g_3_control_group_support_for_the_more_restrictive_policy,"Results, guidance",G-3 control group support for the more restrictive policy,67.99578572644076,68%,1,67.99578572644076,1,NA,Rewrite prints 68% against the article's 68%.
baxter-king_etal_2025,footnote_f_g_2_joint_test_of_the_solo_and_friend_versions_p_value,Footnote f,"G-2 joint test of the solo and friend versions, p-value",NA,0.10,NA,0.09957604491877442,1,NA,The deposited script computes this test and prints it to the console. Rewrite prints 0.10 against the article's 0.10.
baxter-king_etal_2025,footnote_g_i_1_joint_test_of_the_information_source_p_value,Footnote g,"I-1 joint test of the information source, p-value",NA,0.91,NA,0.9072530723796896,1,NA,No deposited script computes this test. Rewrite prints 0.91 against the article's 0.91.
baxter-king_etal_2025,results_information_i_1_control_group_willing_to_be_vaccinated,"Results, information",I-1 control group willing to be vaccinated,19.72208593343773,20%,1,19.72208593343773,1,NA,Rewrite prints 20% against the article's 20%.
baxter-king_etal_2025,results_information_i_2_control_group_willing_to_be_vaccinated,"Results, information",I-2 control group willing to be vaccinated,27.653356794010392,28%,1,27.653356794010392,1,NA,Rewrite prints 28% against the article's 28%.
baxter-king_etal_2025,results_information_i_3_effect_on_booster_intentions_percentage_points,"Results, information",I-3 effect on booster intentions (percentage points),8.323766581825884,8.3,1,8.323766581825884,1,NA,Rewrite prints 8.3 against the article's 8.3.
baxter-king_etal_2025,results_information_i_4_effect_on_intentions_to_boost_a_child_percentage_points,"Results, information",I-4 effect on intentions to boost a child (percentage points),16.24980708669025,16.2,1,16.24980708669025,1,NA,Rewrite prints 16.2 against the article's 16.2.
baxter-king_etal_2025,results_information_i_4_control_group_parents_intending_to_boost_their_children,"Results, information",I-4 control group parents intending to boost their children,59.82965283519703,60%,1,59.82965283519703,1,NA,"The article says nearly 60 per cent, so the published figure is an upper bound rather than a rounded value. Rewrite prints 60% against the article's 60%."
baxter-king_etal_2025,results_guidance_g_2_baseline_willingness_across_the_four_vignettes,"Results, guidance",G-2 baseline willingness across the four vignettes,NA,NA,NA,15.42206844248348,NA,NA,"The article says willingness was low, around 20 per cent, and prints no figure. The four pooled control group means run from 15.4 to 22.8 per cent."
baxter-king_etal_2025,appendix_figure_s47_g_1_chi_squared_statistic_on_the_three_category_outcome,Appendix Figure S47,G-1 chi-squared statistic on the three-category outcome,NA,111.78,NA,111.78386671072666,1,NA,"The deposited script hardcodes this statistic into the figure's annotation and computes the test separately, printing it to the console. Rewrite prints 111.78 against the article's 111.78."
baxter-king_etal_2025,materials_and_methods_adults_with_at_least_one_vaccine_dose_spring_2021,Materials and methods,"Adults with at least one vaccine dose, spring 2021",NA,48.8%,NA,NA,NA,archive,The deposit contains no wave-level file from which this share could be computed; its ten analysis files are all experiment subsets.
baxter-king_etal_2025,materials_and_methods_interaction_terms_not_significant_weighted_that_become_significant_unweighted,Materials and methods,Interaction terms not significant weighted that become significant unweighted,NA,3,NA,3,1,NA,"Counted over all 26 experiment arms, comparing the treatment-by-party interaction fitted with and without the survey weights. Rewrite prints 3 against the article's 3."
baxter-king_etal_2025,materials_and_methods_guidance_experiments_affirming_equivalence_at_5_points,Materials and methods,Guidance experiments affirming equivalence at 5 points,NA,2,NA,2,1,NA,"Both of the two guidance experiments, as the article says. Rewrite prints 2 against the article's 2."
baxter-king_etal_2025,materials_and_methods_mandate_vignettes_affirming_equivalence_at_10_points,Materials and methods,Mandate vignettes affirming equivalence at 10 points,2,2,1,1,0,archive,"The deposit's standard error for a difference in conditional average treatment effects squares the Republican standard error twice and never uses the Democratic one. Under that standard error two of the four vignettes affirm equivalence, as the article says; under the corrected one, one does. Rewrite prints 1 against the article's 2."
baxter-king_etal_2025,materials_and_methods_information_experiments_with_a_significant_difference_in_cates,Materials and methods,Information experiments with a significant difference-in-CATEs,NA,0,NA,0,1,NA,Rewrite prints 0 against the article's 0.
baxter-king_etal_2025,materials_and_methods_information_experiments_affirming_equivalence_at_10_points,Materials and methods,Information experiments affirming equivalence at 10 points,3,3,1,3,1,NA,Rewrite prints 3 against the article's 3.
baxter-king_etal_2025,materials_and_methods_experiments_where_the_interaction_term_and_the_difference_in_cates_disagree,Materials and methods,Experiments where the interaction term and the difference-in-CATEs disagree,2,1,0,2,0,paper_internal,"Read as: the two disagree when one detects heterogeneity and the other does not, or when both do and their signs differ. Two of the 26 experiment arms are discordant on that reading, and the count does not change under the deposit's own standard error. Rewrite prints 2 against the article's 1."
